Precio_m2_USD,Rentabilidad_bruta_anual,Rentabilidad_neta_anual,Payback_anios,Yield_gap_vs_bonos,Tipologia,Zona_riesgo,Comuna,Barrio,Indice_amenities,Sup_Cubierta_m2,Distancia_subte_km,Distancia_parque_km,Liquidez_oferta_comuna,Tasa_delitos_comuna,Volatilidad_Precio_m2_comuna,confianza_renta,A_estrenar,Cluster,PC1,PC2,PC3,PC4
2500.0,0.0715111999158691,0.0345519332562134,13.983823529411763,-0.0284888000841308,3A,bajo,14.0,Palermo,1,60.0,0.4627261096814245,1.9952221464090016,0.0020354411558041,0.3173293561387364,0.7185047022536231,alta,0,2,0.4468531047964572,-0.5238926767728973,0.1612084529236951,0.0120280768191676
2825.0,0.0709780122095244,0.0340631778587307,14.088870184868476,-0.0290219877904755,monoamb,bajo,14.0,Palermo,2,40.0,0.6466115771636299,0.9754411377125086,0.0020354411558041,0.3173293561387364,0.7185047022536231,alta,0,2,0.9592034667092246,-0.935417013476484,-0.3134125390336558,-0.4362390550621857
3666.6666666666665,0.0474716531000687,0.0125156820083963,21.065202804124613,-0.0525283468999312,4+A,bajo,14.0,Palermo,2,90.0,0.7501784699493982,1.4237299509742711,0.0020354411558041,0.3173293561387364,0.7185047022536231,media,0,2,1.7624237405998116,-0.5182766669571378,0.1343928403225272,0.3927044882107942
3103.448275862069,0.0580209093445285,0.0221858335658178,17.23516593064741,-0.0419790906554714,4+A,bajo,14.0,Palermo,2,87.0,0.3671645122076056,1.063143295157409,0.0020354411558041,0.3173293561387364,0.7185047022536231,media,0,2,1.2865741818059475,-1.051395658858702,0.1108756395566808,0.3407677965816184
4071.428571428572,0.0420654117152171,0.007559960738949,23.7725,-0.0579345882847828,4+A,bajo,14.0,Palermo,0,140.0,1.7937628536631245,1.2616803020739715,0.0020354411558041,0.3173293561387364,0.7185047022536231,alta,0,2,1.6299872709441947,0.2450449387912927,-0.3079302767499147,1.7391819162155575
3161.2903225806454,0.0565093063295848,0.0208001974687861,17.696200235897436,-0.0434906936704151,monoamb,bajo,14.0,Palermo,0,31.0,0.279067877653703,1.3973780667069042,0.0020354411558041,0.3173293561387364,0.7185047022536231,alta,0,2,0.8066362791461563,-0.8144140971340319,0.0238487498512941,-0.2832261768862749
3582.089552238806,0.0446944999474182,0.0099699582851333,22.374117647058824,-0.0553055000525817,3A,bajo,14.0,Palermo,3,67.0,0.2675545221636876,1.3725413828922337,0.0020354411558041,0.3173293561387364,0.7185047022536231,alta,0,2,1.962774844047366,-0.9149881972944628,0.326023067564388,-0.220058600703299
3146.3414634146343,0.0594409161391697,0.0234875064609056,16.823428455555554,-0.0405590838608302,2A,bajo,14.0,Palermo,0,41.0,0.4988047758975981,1.1396932780242517,0.0020354411558041,0.3173293561387364,0.7185047022536231,alta,0,2,0.7860092216418227,-0.8090929977871205,-0.1623505106176562,-0.0731326977099928
3769.2,0.0376731784225402,0.0035337468873285,26.54408366568,-0.0623268215774597,monoamb,alto,5.0,Almagro,1,30.0,0.2967274382798723,1.405868875464313,0.0013072260551381,0.7262366972989581,0.8153691824811038,alta,0,2,0.6552591106758443,-0.0795432548676262,0.7669295934659929,-0.6768780022708686
2920.0,0.0517416437442788,0.0164298400989222,19.32679226315789,-0.0482583562557211,4+A,bajo,14.0,Palermo,0,75.0,0.1592325303660477,0.9781373062276012,0.0020354411558041,0.3173293561387364,0.7185047022536231,media,0,2,0.7092383025105297,-1.1406103023848724,0.0955466433374593,0.5323778294071547
1800.0,0.0709988720551194,0.0340822993838594,14.0847308,-0.0290011279448805,3A,alto,5.0,Almagro,2,100.0,0.8478458802891464,1.3846780409386756,0.0013072260551381,0.7262366972989581,0.8153691824811038,media,0,1,-0.7543917503492776,-0.0178809349151094,0.4540633344425133,0.4899014582493921
1700.0,0.0877044890092651,0.0493957815918264,11.401924933333332,-0.0122955109907348,2A,alto,6.0,Caballito,0,40.0,0.9288167207788236,0.2730049601684388,0.0014709557236647,0.6815238874122538,0.2822013725531903,alta,0,1,-1.2467195633795385,-0.9197945064693273,-0.9894947878133964,0.0888604152081372
2916.6666666666665,0.050713480039371,0.0154873567027567,19.71862312,-0.0492865199606289,monoamb,medio,12.0,Saavedra,0,36.0,3.1520875029854745,4.21613543587263,0.0016590377581003,0.4997101681025006,0.2333980703538691,media,0,0,0.0906048645524172,2.8061356756706326,-0.821771944848994,0.0773639936292198
2047.619047619048,0.0792545548522263,0.0416500086145408,12.617571341666666,-0.0207454451477736,2A,bajo,13.0,Belgrano,0,63.0,0.6918386748280607,1.5813370257139812,0.001811257462251,0.3242107629327673,0.3362126271488234,media,0,1,-0.3347045714790186,-0.5241972588246618,-0.6476314443712555,0.4203004623028392
3046.153846153846,0.0516355433128141,0.0163325813700796,19.36650485,-0.0483644566871858,3A,alto,2.0,Recoleta,1,65.0,2.4303610332756898,1.6395378884650298,0.0014373274573867,1.0447534381885877,0.3343869191202226,media,0,0,-0.1983667698769656,0.8742624964198054,-0.3665855802269721,0.3417377193671186
2101.694915254237,0.1092878766685867,0.0691805536128712,9.150145747935788,0.0092878766685867,4+A,alto,6.0,Caballito,1,118.0,0.7133920443386432,1.199712118431806,0.0014709557236647,0.6815238874122538,0.2822013725531903,media,0,1,-0.8707870180866928,-0.7305625880407451,-0.2830603639402427,0.9812979402714328
3132.3529411764707,0.0503991993180002,0.0151992660415002,19.84158505555555,-0.0496008006819997,monoamb,bajo,13.0,Belgrano,1,34.0,1.0318100975065871,2.05168002722083,0.001811257462251,0.3242107629327673,0.3362126271488234,alta,0,2,0.8882353095952057,0.1089355360844938,-0.530538395934914,-0.2512170162856024
3297.872340425532,0.0494701818190509,0.0143476666674633,20.21419698148148,-0.050529818180949,2A,bajo,14.0,Palermo,4,47.0,0.1737738829128293,1.431391652223189,0.0020354411558041,0.3173293561387364,0.7185047022536231,alta,0,2,1.9533469473098828,-1.0173533574497091,0.3138156650777534,-0.7483815880226801
3560.0,0.0622237305651608,0.0260384196847307,16.071038989743588,-0.0377762694348391,monoamb,bajo,14.0,Palermo,1,25.0,0.1993088539721241,1.816158106040925,0.0020354411558041,0.3173293561387364,0.7185047022536231,alta,0,2,1.2785890091267555,-0.6889859610551127,0.2360057419011391,-0.6865604976758088
2470.5882352941176,0.0745983120143938,0.0373817860131943,13.405129057170209,-0.0254016879856061,4+A,bajo,14.0,Palermo,1,85.0,0.7834544509149921,0.5742464928681722,0.0020354411558041,0.3173293561387364,0.7185047022536231,media,0,2,0.4656018073879377,-1.064027933398404,-0.4424297857287297,0.5896585205099001
2500.0,0.0605741928699127,0.0245263434640866,16.508680555555557,-0.0394258071300872,4+A,alto,2.0,Recoleta,1,100.0,1.4207899764813774,2.046035508873568,0.0014373274573867,1.0447534381885877,0.3343869191202226,media,0,1,-0.6529353176268449,0.2796876084072371,0.3633713279045811,0.7911066047729249
2075.0,0.0866726856989792,0.0484499618907309,11.537660243655946,-0.0133273143010207,monoamb,alto,2.0,Recoleta,1,40.0,0.7998081538158635,2.76193858332753,0.0014373274573867,1.0447534381885877,0.3343869191202226,media,0,1,-1.21946984630632,0.1218375430230174,0.5960373152013179,-0.4357514170517961
2258.064516129032,0.0721121343689437,0.0351027898381983,13.867291666666668,-0.0278878656310563,4+A,alto,2.0,Recoleta,1,93.0,0.9615969459121838,1.8297151907853773,0.0014373274573867,1.0447534381885877,0.3343869191202226,media,0,1,-0.9105771871442184,-0.2147028319423808,0.4403061681810554,0.6067899138023217
3413.793103448276,0.0516355433128141,0.0163325813700796,19.36650485,-0.0483644566871858,3A,alto,2.0,Recoleta,1,58.0,1.1259151365001037,2.109902747433258,0.0014373274573867,1.0447534381885877,0.3343869191202226,media,0,1,0.0574484557548589,0.2129040102771642,0.5030916872634615,-0.0354547195510662
2857.1428571428573,0.0638989848496074,0.0275740694454735,15.64970088888889,-0.0361010151503925,3A,alto,2.0,Recoleta,1,56.0,1.176823642589956,2.039602902181778,0.0014373274573867,1.0447534381885877,0.3343869191202226,media,0,1,-0.4411270917010016,0.1354252128167859,0.3490350486694434,-0.0447998717239427
2400.0,0.0591657267125995,0.0232352494865495,16.901676960000003,-0.0408342732874004,monoamb,alto,1.0,Retiro,1,30.0,0.3371833155770586,2.5081973308022985,0.0018408245339653,1.3599759089981835,0.497858621461092,alta,0,1,-0.7869581392825786,-0.7918349033560321,1.52159341023322,-0.5986759841753553
4000.0,0.0372454166228485,0.0031416319042778,26.84894117647059,-0.0627545833771514,3A,bajo,14.0,Palermo,3,72.0,0.1439593764675974,1.7847085642637857,0.0020354411558041,0.3173293561387364,0.7185047022536231,alta,0,2,2.3122598032092894,-0.7384560306827876,0.6213747799478956,-0.2031237128401961
3150.0,0.0567549205681501,0.0210253438541376,17.619617647058824,-0.0432450794318498,3A,bajo,14.0,Palermo,3,60.0,0.2121230455784906,1.2423891715491189,0.0020354411558041,0.3173293561387364,0.7185047022536231,alta,0,2,1.556588088971958,-1.0888359974613289,0.2004159291467263,-0.337299772988592
2830.8823529411766,0.0786677829479386,0.0411121343689437,12.711684027777778,-0.0213322170520614,4+A,bajo,13.0,Belgrano,1,136.0,0.7930709511803221,1.6587758670236576,0.001811257462251,0.3242107629327673,0.3362126271488234,alta,0,2,0.518644217686022,-0.4454202267657921,-0.3125534921066974,1.394052806035096
4136.363636363636,0.0608561760472452,0.0247848280433081,16.432185933333333,-0.0391438239527547,monoamb,bajo,14.0,Palermo,8,22.0,0.3308239186926691,1.036061708940868,0.0020354411558041,0.3173293561387364,0.7185047022536231,alta,0,2,3.4566961042415274,-1.2597841581661566,0.1475246098374809,-2.0010453193159496
2391.304347826087,0.110134896127114,0.0699569881165212,9.079774305555556,0.010134896127114,4+A,bajo,13.0,Nuñez,0,115.0,3.539949796960282,4.5442482706502965,0.001811257462251,0.3242107629327673,0.3362126271488234,alta,0,0,-0.4359606879467445,2.939979909293494,-1.0154655067836007,1.2612519373338262
2714.285714285714,0.053809671452301,0.0183255321646092,18.58401980555556,-0.0461903285476989,2A,alto,2.0,Recoleta,1,35.0,0.6380233442341295,2.776552114494571,0.0014373274573867,1.0447534381885877,0.3343869191202226,alta,0,1,-0.5000312827401638,0.1752377497344268,0.8525038894065563,-0.4753177757916533
3882.978723404255,0.0373473518755696,0.0032350725526055,26.77566011458333,-0.0626526481244303,4+A,bajo,13.0,Belgrano,1,94.0,1.827943087527677,2.705230631102064,0.001811257462251,0.3242107629327673,0.3362126271488234,media,0,2,1.535222509291181,1.0794162085545522,-0.3919559672397762,0.7884467506080852
1800.0,0.0709988720551194,0.0340822993838594,14.0847308,-0.0290011279448805,3A,alto,5.0,Almagro,2,100.0,0.8478458802891464,1.3846780409386756,0.0013072260551381,0.7262366972989581,0.8153691824811038,media,0,1,-0.7543917503492776,-0.0178809349151094,0.4540633344425133,0.4899014582493921
3142.8571428571427,0.0532491540413395,0.0178117245378946,18.779641066666667,-0.0467508459586604,2A,alto,3.0,Balvanera,0,28.0,0.3349809102200729,2.126233190809588,0.0010344625327268,0.9331491918927998,0.3306390495886265,alta,0,1,-0.5986852750287435,0.2268422936484091,0.5583206764603966,-0.4912512946467246
2322.170618430702,0.0627779500276845,0.0265464541920441,15.929159833333337,-0.0372220499723154,2A,alto,6.0,Caballito,0,40.91,0.9739475985842584,0.380057709671597,0.0014709557236647,0.6815238874122538,0.2822013725531903,alta,0,1,-0.6040446453843146,-0.703473319582494,-0.8219718057225638,0.1370678635870469
3736.263736263736,0.0348462464046526,0.0009423925375982,28.69749551752241,-0.0651537535953473,3A,bajo,15.0,Villa Crespo,3,91.0,0.8711473919685532,1.3726447074647985,0.0016924644253836,0.3560200247570848,0.3145034612612011,media,0,2,1.874620547708182,-0.2758076299678664,-0.3018875774806013,0.3658947393912037
1718.75,0.0803066950926873,0.04261447050163,12.452261904761905,-0.0196933049073126,4+A,alto,5.0,Almagro,1,128.0,0.4372260646558609,1.6997561644401855,0.0013072260551381,0.7262366972989581,0.8153691824811038,media,0,1,-1.126142768191405,-0.1588265246613695,0.8121109282157731,1.0361223456088309
2552.6315789473683,0.0790502905355969,0.0414627663242971,12.650174885185187,-0.0209497094644031,2A,bajo,14.0,Palermo,1,38.0,0.3451022291715515,1.3076577148115311,0.0020354411558041,0.3173293561387364,0.7185047022536231,alta,0,2,0.4411877031643964,-0.9796226679144006,-0.1265596328896598,-0.3584230099943682
2543.103448275862,0.0577617942143344,0.0219483113631399,17.312481608333336,-0.0422382057856655,monoamb,alto,5.0,Almagro,1,29.0,0.2483303301295642,1.4093021183762018,0.0013072260551381,0.7262366972989581,0.8153691824811038,alta,1,1,-0.3914518624348686,-0.2588248847663285,0.609553695332429,-0.6443821204471425
2566.6666666666665,0.0553237964065865,0.019713480039371,18.07540452666667,-0.0446762035934134,monoamb,alto,5.0,Almagro,1,30.0,0.3281041706553717,1.8590257275090167,0.0013072260551381,0.7262366972989581,0.8153691824811038,alta,0,1,-0.3723756634068469,0.0430531237943684,0.7429105811987041,-0.6467645693902326
1315.7894736842106,0.1346093174886949,0.092391874364637,7.42890625,0.0346093174886949,3A,bajo,15.0,Villa Crespo,0,57.0,0.2619886992149993,0.6432887684444203,0.0016924644253836,0.3560200247570848,0.3145034612612011,alta,0,1,-1.3865164736687536,-1.4564775179783784,-1.0484013607784344,0.167889891975343
2250.0,0.0768937633503969,0.0394859497378638,13.00495588235294,-0.023106236649603,3A,bajo,14.0,Palermo,1,62.0,0.2776840164524738,1.7567607741089315,0.0020354411558041,0.3173293561387364,0.7185047022536231,alta,0,2,0.2349921561611992,-0.8166724716002156,0.1400117745061293,0.0470953674747688
2500.0,0.0532495530550005,0.0178120903004171,18.779500345610742,-0.0467504469449994,2A,alto,2.0,Recoleta,1,48.0,2.4303610332756898,1.6395378884650298,0.0014373274573867,1.0447534381885877,0.3343869191202226,alta,0,0,-0.6159394323502794,0.8450923800384547,-0.4794027818783501,0.110111770349978
3062.5,0.0478155668942641,0.0128309363197421,20.91369118787879,-0.0521844331057358,monoamb,bajo,15.0,Villa Crespo,3,32.0,0.4954057758429763,1.4672104943433162,0.0016924644253836,0.3560200247570848,0.3145034612612011,alta,0,2,1.252764372371851,-0.5502727633742481,-0.387223678668497,-0.6720595767393647
3300.0,0.041523582747388,0.0070632841851057,24.08270033160621,-0.0584764172526119,3A,alto,5.0,Almagro,1,60.0,1.1613377724251188,1.2594792998882582,0.0013072260551381,0.7262366972989581,0.8153691824811038,alta,0,2,0.2991581471735254,0.4035594409391437,0.3071611780436858,-0.0004885992351581
2250.0,0.0768937633503969,0.0394859497378638,13.00495588235294,-0.023106236649603,3A,bajo,14.0,Palermo,1,62.0,0.2776840164524738,1.7567607741089315,0.0020354411558041,0.3173293561387364,0.7185047022536231,alta,0,2,0.2349921561611992,-0.8166724716002156,0.1400117745061293,0.0470953674747688
3076.923076923077,0.0692239002537414,0.0324552418992629,14.445877743589744,-0.0307760997462585,monoamb,bajo,14.0,Palermo,1,26.0,0.7172366462205676,0.8252642323741897,0.0020354411558041,0.3173293561387364,0.7185047022536231,alta,0,2,0.9071781087352708,-0.8914820841002344,-0.4586998015010513,-0.4900996076201018
3590.1639344262294,0.0489802739149788,0.0138985844220639,20.416382352941177,-0.0510197260850211,3A,bajo,14.0,Palermo,1,61.0,0.5363911729902882,1.0031049730094093,0.0020354411558041,0.3173293561387364,0.7185047022536231,alta,0,2,1.4513608350990974,-0.8424070342367325,-0.0498575319648372,0.0930068699821413
2400.0,0.0709988720551194,0.0340822993838594,14.0847308,-0.0290011279448805,2A,alto,2.0,Recoleta,0,30.0,0.300668869952547,2.11861621992873,0.0014373274573867,1.0447534381885877,0.3343869191202226,alta,0,1,-1.0838227468412296,-0.4463201855391197,0.6542209879233953,-0.4045371118399386
2509.090909090909,0.0595773143766871,0.0236125381786299,16.784912352331602,-0.0404226856233128,3A,alto,2.0,Recoleta,0,55.0,0.7716584020240411,2.37456011988781,0.0014373274573867,1.0447534381885877,0.3343869191202226,media,0,1,-0.9154740945876296,0.0588492292440415,0.6386102260392261,0.0987824351126643
2250.0,0.0768937633503969,0.0394859497378638,13.00495588235294,-0.023106236649603,3A,bajo,14.0,Palermo,1,62.0,0.2776840164524738,1.7567607741089315,0.0020354411558041,0.3173293561387364,0.7185047022536231,alta,0,2,0.2349921561611992,-0.8166724716002156,0.1400117745061293,0.0470953674747688
2000.0,0.0721121343689437,0.0351027898381984,13.867291666666668,-0.0278878656310563,3A,bajo,15.0,Villa Crespo,2,70.0,0.2182253123169812,1.269178004401672,0.0016924644253836,0.3560200247570848,0.3145034612612011,alta,0,2,0.0756567612088555,-0.9831371128318228,-0.3881780195814931,0.1550328486935657
3000.0,0.0535840543812222,0.0181187165161203,18.66226831,-0.0464159456187777,3A,bajo,13.0,Nuñez,0,53.0,1.6460952098595036,2.50537751855024,0.001811257462251,0.3242107629327673,0.3362126271488234,alta,0,0,0.5090044267189622,0.7979159275915817,-0.6825542771912261,0.3010330375207353
3142.8571428571427,0.0532491540413395,0.0178117245378946,18.779641066666667,-0.0467508459586604,2A,alto,3.0,Balvanera,0,28.0,0.3349809102200729,2.126233190809588,0.0010344625327268,0.9331491918927998,0.3306390495886265,alta,0,1,-0.5986852750287435,0.2268422936484091,0.5583206764603966,-0.4912512946467246
2545.454545454545,0.0405630755825308,0.0061828192839866,24.652962962962963,-0.0594369244174691,monoamb,bajo,15.0,Villa Crespo,0,55.0,0.9737970449043852,1.2150928468360491,0.0016924644253836,0.3560200247570848,0.3145034612612011,media,0,2,0.2142753970066167,-0.2290967119632432,-0.7574099864234012,0.4473738893734343
4626.865671641791,0.038476808081484,0.004270407408027,25.989681833333336,-0.0615231919185159,3A,bajo,13.0,Nuñez,1,67.0,3.2994964275878,4.292774625589302,0.001811257462251,0.3242107629327673,0.3362126271488234,alta,0,0,1.9791443482982785,3.017021872615554,-0.6504877749683384,0.3016001235266839
3148.1481481481483,0.0591378840176759,0.0232097270162029,16.90963443502825,-0.040862115982324,monoamb,alto,6.0,Caballito,0,27.0,0.2713947083708561,1.1359714776570495,0.0014709557236647,0.6815238874122538,0.2822013725531903,alta,0,1,-0.0068372740908372,-0.7404666427839862,-0.1441951298180745,-0.3385370828515565
2315.7894736842104,0.0839077578833229,0.0459154447263793,11.91784913846154,-0.016092242116677,3A,alto,6.0,Caballito,0,57.0,1.106025665685156,0.789367046405355,0.0014709557236647,0.6815238874122538,0.2822013725531903,media,0,1,-0.782529287100018,-0.4818498361707307,-0.7723285506737534,0.3020801389238367
3025.641025641026,0.0469314577991467,0.0120205029825511,21.30766967179488,-0.0530685422008532,2A,alto,3.0,Balvanera,4,39.0,0.2827794361471435,2.134359358228442,0.0010344625327268,0.9331491918927998,0.3306390495886265,alta,0,2,0.3562764433529506,0.0332911365927396,0.7688324775402541,-1.005345783694118
2962.962962962963,0.0532491540413395,0.0178117245378946,18.77964106666667,-0.0467508459586604,monoamb,alto,3.0,Balvanera,4,27.0,0.2827794361471435,2.134359358228442,0.0010344625327268,0.9331491918927998,0.3306390495886265,alta,0,2,0.2549218855327039,0.0130432499461299,0.6953826082540909,-1.2293356814614156
2826.086956521739,0.0611682590013336,0.0250709040845558,16.34834825,-0.0388317409986663,3A,bajo,13.0,Belgrano,1,69.0,1.184485684297717,2.0746645277562297,0.001811257462251,0.3242107629327673,0.3362126271488234,alta,0,2,0.5980900731097916,0.1529310433266289,-0.545573436035193,0.3507126194640456
2000.0,0.0888047580654584,0.0504043615600035,11.260657894736845,-0.0111952419345415,4+A,bajo,14.0,Palermo,0,135.0,0.4486071295633972,1.2943684584845638,0.0020354411558041,0.3173293561387364,0.7185047022536231,alta,0,1,-0.2311357443284686,-0.9925637647483893,0.0476957417564781,1.5098100512392518
2166.6666666666665,0.082512922979849,0.0446368460648616,12.119313725490196,-0.0174870770201509,3A,bajo,14.0,Palermo,0,60.0,0.5390979755657137,1.7027281693781555,0.0020354411558041,0.3173293561387364,0.7185047022536231,alta,0,1,-0.1167918320416665,-0.6397721859274424,-0.0863909734250628,0.2217484052719439
3300.0,0.0413084346502513,0.0068660650960636,24.2081310625,-0.0586915653497487,4+A,alto,6.0,Caballito,1,100.0,0.4832145733431455,0.1698686002176637,0.0014709557236647,0.6815238874122538,0.2822013725531903,media,0,2,0.5626260360258967,-1.1025347322007446,-0.2250881203417483,0.8875309543310275
1800.0,0.0731503530264866,0.0360544902742794,13.670474011764703,-0.0268496469735133,3A,alto,1.0,San Nicolas,0,55.0,0.167287950526813,1.3246722682785956,0.0018408245339653,1.3599759089981835,0.497858621461092,media,0,1,-1.518374836246725,-1.5902862471417447,1.1432826777399685,0.0959770233923674
3333.333333333333,0.0483627610822519,0.0133325309920642,20.677065941278062,-0.051637238917748,3A,alto,2.0,Recoleta,1,51.0,0.9869412296599324,1.7202236559127335,0.0014373274573867,1.0447534381885877,0.3343869191202226,media,0,1,0.0369839304276592,-0.0790847069574478,0.4190689277543787,-0.1164012340438039
3035.714285714286,0.0701635912074121,0.0333166252734611,14.252406166666669,-0.0298364087925878,3A,bajo,13.0,Belgrano,0,56.0,1.1794502346545066,2.080984798820088,0.001811257462251,0.3242107629327673,0.3362126271488234,alta,0,2,0.4262941031369714,0.1820467070903329,-0.6369649290048471,0.2485114003974924
2639.296187683284,0.0930874100278232,0.0543301258588379,10.742591288135593,-0.0069125899721767,monoamb,alto,6.0,Caballito,1,20.46,1.0133654818384947,0.373498269898782,0.0014709557236647,0.6815238874122538,0.2822013725531903,alta,0,1,-0.3767666490435123,-0.8020911325211991,-0.9816526681186872,-0.5574489125223872
2405.4054054054054,0.0641383068902427,0.0277934479827224,15.591306482587065,-0.0358616931097572,monoamb,alto,6.0,Caballito,1,37.0,1.1422500894585177,0.3953128672333462,0.0014709557236647,0.6815238874122538,0.2822013725531903,media,0,1,-0.3123115491205325,-0.6155737119168393,-0.8877840154898882,-0.1073150571068237
3830.204081632653,0.038586343508217,0.0043708148825323,25.915904672,-0.0614136564917829,2A,bajo,13.0,Colegiales,1,49.0,0.4424741798483734,0.944983381076736,0.001811257462251,0.3242107629327673,0.3362126271488234,alta,1,2,1.5414657917446917,-0.8142304777313806,-0.4529642105919868,-0.012707378220832
3146.853146853147,0.0602297631417989,0.0242106162133156,16.603087042625422,-0.039770236858201,4+A,alto,6.0,Caballito,5,143.0,0.7554691089872329,0.1579067272474394,0.0014709557236647,0.6815238874122538,0.2822013725531903,media,0,2,1.3084952513888584,-1.1869175131462324,-0.1824600854097654,0.856297563244684
1950.0,0.0480607749296193,0.013055710352151,20.806988681818183,-0.0519392250703807,4+A,bajo,7.0,Flores,0,100.0,1.813350559074651,1.545319802664628,0.0007389240721516,0.4306612690454279,0.2791624172439522,media,0,0,-1.075362414122502,1.5055366991156358,-1.047665369024883,1.183212970000384
1790.0633219678518,0.0869373943532074,0.0486926114904401,11.502530153333334,-0.0130626056467925,3A,alto,6.0,Caballito,0,82.12,1.0494189206100717,0.4920686206630917,0.0014709557236647,0.6815238874122538,0.2822013725531903,media,0,1,-1.162420534388924,-0.7342177482659438,-0.8132394951064439,0.7946438859681771
2842.8571428571427,0.0784912153373179,0.0409502807258748,12.740279223636364,-0.021508784662682,monoamb,alto,2.0,Recoleta,2,21.0,1.0377982776131005,2.4201136402237866,0.0014373274573867,1.0447534381885877,0.3343869191202226,alta,0,1,-0.3516217531411691,0.1572966021115956,0.405327367075438,-0.9356067167587432
2916.0,0.0759658713346956,0.0386353820568043,13.163806093846157,-0.0240341286653043,monoamb,bajo,14.0,Palermo,0,25.0,0.479870695420252,0.5653170047495291,0.0020354411558041,0.3173293561387364,0.7185047022536231,alta,0,2,0.5027780296233597,-1.1882798976511373,-0.4996670661341018,-0.3439615091141049
1969.6969696969693,0.0655374203585717,0.0290759686620241,15.25845836666667,-0.0344625796414282,monoamb,alto,1.0,Retiro,1,33.0,0.4393009400941168,2.2202654469438485,0.0018408245339653,1.3599759089981835,0.497858621461092,alta,0,1,-1.137262454932597,-0.9200367432660296,1.3141970650686776,-0.4869766802095948
2400.0,0.0591657267125995,0.0232352494865495,16.901676960000003,-0.0408342732874004,monoamb,alto,1.0,Retiro,1,30.0,0.3371833155770586,2.5081973308022985,0.0018408245339653,1.3599759089981835,0.497858621461092,alta,0,1,-0.7869581392825786,-0.7918349033560321,1.52159341023322,-0.5986759841753553
3057.1428571428573,0.051756187105601,0.0164431715134676,19.321361482051284,-0.0482438128943989,2A,bajo,13.0,Colegiales,1,35.0,0.5636272035708039,1.5673098797233198,0.001811257462251,0.3242107629327673,0.3362126271488234,media,0,2,0.8457821654562517,-0.4891133639206859,-0.4616960849121172,-0.2534104339608444
3216.2162162162163,0.0608561760472452,0.0247848280433081,16.432185933333333,-0.0391438239527547,2A,bajo,13.0,Belgrano,1,37.0,1.936507388177984,2.0247050052785904,0.001811257462251,0.3242107629327673,0.3362126271488234,alta,0,2,0.8620995128105406,0.7069884483637324,-1.046814402617965,-0.1317737349108761
2201.5503875969,0.0779987608492861,0.0404988641118456,12.820716497435898,-0.0220012391507138,2A,bajo,13.0,Belgrano,0,32.25,1.0398505019616582,1.901111796949936,0.001811257462251,0.3242107629327673,0.3362126271488234,media,0,1,-0.2444918748890948,-0.0772733878127282,-0.8123064112023256,-0.0946701152060679
1987.179487179487,0.087946989900535,0.0496180740754904,11.370485802083332,-0.0120530100994649,4+A,alto,6.0,Caballito,1,78.0,1.0394293194668012,0.2243382137271808,0.0014709557236647,0.6815238874122538,0.2822013725531903,media,0,1,-0.7733162903543024,-0.9135189565874596,-0.8749706271338047,0.5347654412607991
3136.3636363636365,0.0524774271711752,0.0171043082402439,19.05581225882353,-0.0475225728288247,2A,bajo,13.0,Belgrano,0,44.0,1.7559547061180398,1.9071337672240487,0.001811257462251,0.3242107629327673,0.3362126271488234,alta,0,2,0.6334928391528989,0.5810675754048653,-0.9718350355806604,0.2022969980020327
2907.692307692308,0.0540943787086624,0.0185865138162738,18.486209175000003,-0.0459056212913375,3A,medio,12.0,Villa Urquiza,0,65.0,1.442836950331398,2.7494838499931418,0.0016590377581003,0.4997101681025006,0.2333980703538691,alta,0,0,0.1424994127953636,0.7880300149958661,-0.3430334973601138,0.4500524489159588
1803.030303030303,0.0874889865505567,0.0491982376713436,11.4300101010101,-0.0125110134494432,4+A,alto,2.0,Recoleta,1,132.0,0.6783272340708014,2.8882644004095974,0.0014373274573867,1.0447534381885877,0.3343869191202226,media,0,1,-1.37815701980465,0.0306380159991399,1.0120425153873067,1.1279475179439016
2925.0,0.050973549167778,0.0157257534037965,19.6180179,-0.0490264508322219,2A,alto,5.0,Almagro,1,40.0,1.358346366618112,1.3769008488267676,0.0013072260551381,0.7262366972989581,0.8153691824811038,alta,0,1,-0.0634829984917669,0.5598606265738395,0.1034511271475667,-0.3207525558325284
2301.5873015873017,0.0696255090458766,0.0328233832920536,14.362552083333334,-0.0303744909541233,3A,bajo,15.0,Parque Chas,1,63.0,0.8542060845757534,1.5061405184126797,0.0016924644253836,0.3560200247570848,0.3145034612612011,alta,0,2,0.0497683235322132,-0.3307163193398356,-0.6646776462935059,0.260773997874299
3285.714285714286,0.0463036122098605,0.0114449778590388,21.596587226666664,-0.0536963877901395,2A,medio,12.0,Villa Urquiza,1,42.0,1.0515503431723192,2.2796539215826424,0.0016590377581003,0.4997101681025006,0.2333980703538691,alta,0,2,0.7326122711325377,0.2839327820703417,-0.2917268014251629,-0.1475108736921658
3446.808510638298,0.042073405662293,0.0075672885237685,23.767983225,-0.057926594337707,3A,alto,5.0,Almagro,1,47.0,0.6325650540076108,1.1302121298873475,0.0013072260551381,0.7262366972989581,0.8153691824811038,media,0,2,0.4036567364257802,-0.0282366380636515,0.5063411512750863,-0.3010963207213384
3379.310344827586,0.0608561760472452,0.0247848280433081,16.432185933333333,-0.0391438239527547,2A,bajo,14.0,Palermo,0,29.0,0.295882319535363,1.7928949091779007,0.0020354411558041,0.3173293561387364,0.7185047022536231,alta,0,2,0.9144243093719726,-0.597463409892279,0.1498440411874331,-0.3928747330032817
3392.8571428571427,0.0582938107399928,0.0224359931783267,17.154479820512822,-0.0417061892600072,monoamb,bajo,14.0,Palermo,4,28.0,0.0435719088743903,1.525011562364566,0.0020354411558041,0.3173293561387364,0.7185047022536231,alta,0,2,1.9404585531676328,-1.0776717831821778,0.3212132643966646,-1.1461016922625338
2590.909090909091,0.05978852383589,0.0238061468495658,16.725617825,-0.0402114761641099,4+A,bajo,13.0,Belgrano,0,88.0,0.8438850576553932,1.7387463774637415,0.001811257462251,0.3242107629327673,0.3362126271488234,media,0,2,0.2178909168229411,-0.2431871629941898,-0.4604635017845737,0.8731683602422236
2900.0,0.0528819184962268,0.0174750919548746,18.910055240740743,-0.0471180815037731,2A,bajo,14.0,Palermo,1,50.0,1.6991131078610069,0.9781544683927652,0.0020354411558041,0.3173293561387364,0.7185047022536231,alta,0,2,0.9059389045320512,-0.0732644561177267,-0.7916631854171605,0.1286959295603568
2120.0,0.0535840543812222,0.0181187165161203,18.66226831,-0.0464159456187777,3A,medio,11.0,Villa Del Parque,0,75.0,0.2319868194708231,3.75611393488258,0.0010693665978338,0.579459732816385,2.659087709873237,alta,0,3,-1.0819905459584993,2.2468541095428907,3.4383399048895176,-0.4329570562484476
2688.1720430107525,0.0545271337383317,0.018983205926804,18.339493229166667,-0.0454728662616682,4+A,bajo,13.0,Colegiales,0,93.0,0.4817265189233291,1.379930535643047,0.001811257462251,0.3242107629327673,0.3362126271488234,media,0,2,0.3488900149367149,-0.6674223406538448,-0.3484782915834175,0.9511946967154272
3229.1666666666665,0.0379271393946057,0.0037665444450552,26.36634388888889,-0.0620728606053942,2A,medio,11.0,Villa Del Parque,2,48.0,0.2872645813769067,3.547798532716265,0.0010693665978338,0.579459732816385,2.659087709873237,alta,0,3,0.3302760457577581,2.231035313495548,3.4530352928467627,-1.2955916546623536
2407.4074074074074,0.0699065817158099,0.0330810332394924,14.30480471875,-0.0300934182841901,3A,alto,2.0,Recoleta,0,81.0,1.0895658263157089,2.516015437775739,0.0014373274573867,1.0447534381885877,0.3343869191202226,alta,0,1,-1.0644672582384864,0.3017973459384948,0.5639056583292275,0.5380022262343269
4626.865671641791,0.038476808081484,0.004270407408027,25.989681833333336,-0.0615231919185159,3A,bajo,13.0,Nuñez,1,67.0,3.2994964275878,4.292774625589302,0.001811257462251,0.3242107629327673,0.3362126271488234,alta,0,0,1.9791443482982785,3.017021872615554,-0.6504877749683384,0.3016001235266839
3882.978723404255,0.0373473518755696,0.0032350725526055,26.77566011458333,-0.0626526481244303,4+A,bajo,13.0,Belgrano,1,94.0,1.9062329628203944,2.793015509899299,0.001811257462251,0.3242107629327673,0.3362126271488234,media,0,2,1.5312556630351295,1.1812926329645423,-0.4023761018938714,0.7915664829460428
2025.6410256410256,0.0749855935289993,0.0377367940682493,13.335894975789824,-0.0250144064710006,3A,bajo,15.0,Villa Crespo,0,78.0,0.2182253123169812,1.269178004401672,0.0016924644253836,0.3560200247570848,0.3145034612612011,media,0,1,-0.4162826670365887,-0.911326448714165,-0.4309681189538181,0.6425977079546569
3312.5,0.0591156434831045,0.0231893398595124,16.915996191190978,-0.0408843565168954,4+A,bajo,14.0,Palermo,2,80.0,0.4318685009668589,1.4383774517447396,0.0020354411558041,0.3173293561387364,0.7185047022536231,media,0,2,1.4111061028061205,-0.7966321007681172,0.198156994441734,0.1696047567006082
3528.5714285714284,0.0408732745411017,0.0064671683293432,24.46586458333333,-0.0591267254588983,3A,bajo,15.0,Villa Ortuzar,5,70.0,0.3277882989851703,0.9139072286529224,0.0016924644253836,0.3560200247570848,0.3145034612612011,alta,0,2,2.1797142044655744,-1.0123185646233412,-0.2301207493151998,-0.394257028193232
1847.8260869565213,0.0851986464661433,0.0470987592606313,11.737275666666669,-0.0148013535338566,2A,bajo,13.0,Colegiales,1,46.0,0.7340738686898655,0.2582431275709058,0.001811257462251,0.3242107629327673,0.3362126271488234,alta,0,1,-0.2393866898571447,-1.252369048053001,-1.213231749712494,0.0628736135397183
2925.0,0.050973549167778,0.0157257534037965,19.6180179,-0.0490264508322219,2A,alto,5.0,Almagro,1,40.0,1.358346366618112,1.3769008488267676,0.0013072260551381,0.7262366972989581,0.8153691824811038,alta,0,1,-0.0634829984917669,0.5598606265738395,0.1034511271475667,-0.3207525558325284
3000.0,0.0535840543812222,0.0181187165161203,18.66226831,-0.0464159456187777,3A,bajo,13.0,Nuñez,0,53.0,1.7325029208301663,2.5709054865474394,0.001811257462251,0.3242107629327673,0.3362126271488234,alta,0,0,0.5058119649448374,0.893967521797225,-0.7052635812479384,0.307123585930914
2150.0,0.0726500086145408,0.0355958412299957,13.764623281818182,-0.0273499913854591,monoamb,alto,2.0,Recoleta,0,30.0,1.3361935241188458,2.4244304580309217,0.0014373274573867,1.0447534381885877,0.3343869191202226,alta,0,1,-1.2981387441693448,0.4331856295386347,0.1834916656622342,-0.268927244251096
1804.878048780488,0.0562766994568445,0.0205869745021075,17.769343434343433,-0.0437233005431554,4+A,alto,2.0,Recoleta,0,205.0,0.5865970628036123,2.988356289267653,0.0014373274573867,1.0447534381885877,0.3343869191202226,media,0,1,-1.342437110390945,0.1339559923057743,1.4524851768047182,2.666430824311101
3807.692307692308,0.0433401211611328,0.008728444397705,23.073308823529413,-0.0566598788388671,4+A,medio,12.0,Villa Urquiza,3,130.0,0.215014383516258,1.3609353549394323,0.0016590377581003,0.4997101681025006,0.2333980703538691,media,0,2,1.7146583511664095,-0.8865340233580935,0.2610319821235923,0.8963421895328044
3424.657534246576,0.0408953503037487,0.006487404445103,24.45265763888889,-0.0591046496962512,3A,medio,12.0,Villa Urquiza,2,73.0,0.215014383516258,1.3609353549394323,0.0016590377581003,0.4997101681025006,0.2333980703538691,alta,0,2,1.179926349633459,-0.8262442409969741,0.0023497960641498,0.1676266357799984
3228.0,0.0395904491013677,0.005291245009587,25.258617234666666,-0.0604095508986322,2A,medio,12.0,Villa Urquiza,1,50.0,0.9871082293990254,2.3367567212794103,0.0016590377581003,0.4997101681025006,0.2333980703538691,alta,0,2,0.7460537886231497,0.2843911519288383,-0.18626913105708,0.0109201468641593
1990.0,0.0914853646807606,0.0528615842906972,10.930710103080562,-0.0085146353192393,3A,bajo,14.0,Palermo,0,50.0,0.4012315408356467,0.6031378026033866,0.0020354411558041,0.3173293561387364,0.7185047022536231,media,0,1,-0.277836152391812,-1.3509425729501494,-0.4919791646436286,0.107803138682206
3986.6666666666665,0.0358751839042821,0.001885585245592,27.874421568627447,-0.0641248160957178,3A,bajo,14.0,Palermo,1,75.0,0.5232635215226535,0.8119238870077341,0.0020354411558041,0.3173293561387364,0.7185047022536231,alta,0,2,1.8563652931916816,-0.88771311639492,0.0239297406539878,0.3557620055964469
2566.2162162162163,0.0583245078493872,0.0224641321952716,17.14545114692308,-0.0416754921506127,4+A,medio,12.0,Villa Urquiza,0,74.0,0.4205965857529757,1.4833245065640082,0.0016590377581003,0.4997101681025006,0.2333980703538691,media,0,1,-0.0771469956455824,-0.6458007025635734,-0.2623605432206256,0.5939084152379415
2894.736842105264,0.0573619250662052,0.0215817646440214,17.433166666666665,-0.0426380749337947,monoamb,bajo,13.0,Belgrano,1,38.0,1.0318100975065871,2.05168002722083,0.001811257462251,0.3242107629327673,0.3362126271488234,alta,0,2,0.6634631953287171,0.0669743202601609,-0.5633109329573762,-0.1857750716415459
3092.1052631578946,0.0537005255938942,0.018225481794403,18.621791666666667,-0.0462994744061057,monoamb,bajo,13.0,Belgrano,1,38.0,1.0318100975065871,2.05168002722083,0.001811257462251,0.3242107629327673,0.3362126271488234,alta,0,2,0.8352696305783576,0.0922069119349531,-0.5325086454280133,-0.1929682893625906
3888.8888888888887,0.0413821997121267,0.0069336830694495,24.16497931372549,-0.0586178002878732,2A,bajo,13.0,Belgrano,1,45.0,1.0318100975065871,2.05168002722083,0.001811257462251,0.3242107629327673,0.3362126271488234,alta,0,2,1.5132346149838,0.1811603796764468,-0.3926678612759802,-0.1138792727110012
3588.235294117647,0.0439960223554674,0.0093296871591785,22.72932748148148,-0.0560039776445325,monoamb,bajo,13.0,Belgrano,1,34.0,1.0318100975065871,2.05168002722083,0.001811257462251,0.3242107629327673,0.3362126271488234,alta,0,2,1.2689579884254665,0.1596897795417972,-0.4675202149607326,-0.27679315109442
3733.3333333333335,0.0365137056283471,0.0024708968259848,27.38697655555556,-0.0634862943716528,3A,medio,12.0,Villa Urquiza,2,75.0,0.650242864848861,1.0400013707406697,0.0016590377581003,0.4997101681025006,0.2333980703538691,alta,0,2,1.447665110280724,-0.6492243764477329,-0.2946560798118469,0.2701081761504766
2777.777777777778,0.0601402210349246,0.0241285359486809,16.627807194444447,-0.0398597789650753,monoamb,medio,12.0,Villa Urquiza,1,30.6,0.215014383516258,1.3609353549394323,0.0016590377581003,0.4997101681025006,0.2333980703538691,alta,0,2,0.2914565207109407,-0.8693448556378486,-0.3113405610285263,-0.3768120805112924
3030.3030303030305,0.0399621411294563,0.0056319627020016,25.02368421052632,-0.0600378588705437,4+A,bajo,14.0,Palermo,1,198.0,1.282265683314296,1.1876969276603535,0.0020354411558041,0.3173293561387364,0.7185047022536231,alta,0,2,1.175558070728978,-0.2889019445074237,0.1012915838341423,2.6093404766562127
2828.282828282828,0.0486849408377961,0.0136278624346465,20.54023241666667,-0.0513150591622038,4+A,alto,6.0,Caballito,2,99.0,0.5484998237777241,0.9466309334307328,0.0014709557236647,0.6815238874122538,0.2822013725531903,media,0,2,0.3784536518229141,-0.7472392645087145,-0.0228993006858353,0.6533168515144055
1986.842105263158,0.0959190059552606,0.0569257554589889,10.425462503921567,-0.0040809940447393,4+A,medio,12.0,Villa Urquiza,1,76.0,0.3661831411547507,1.784667142244894,0.0016590377581003,0.4997101681025006,0.2333980703538691,media,0,1,-0.5559195165730668,-0.7434420460988695,-0.2838736344579336,0.3154723588121644
1803.030303030303,0.0874889865505567,0.0491982376713436,11.4300101010101,-0.0125110134494432,4+A,alto,2.0,Recoleta,1,132.0,0.6783272340708014,2.8882644004095974,0.0014373274573867,1.0447534381885877,0.3343869191202226,media,0,1,-1.37815701980465,0.0306380159991399,1.0120425153873067,1.1279475179439016
2223.684210526316,0.0806614404413191,0.0429396537378758,12.397497422916668,-0.0193385595586809,4+A,alto,6.0,Caballito,1,76.0,0.2966264879071495,0.6856119619172769,0.0014709557236647,0.6815238874122538,0.2822013725531903,media,0,1,-0.5570551328731915,-1.1618101212409109,-0.2723651110524436,0.3659741879099675
3635.135135135135,0.0570102467059695,0.0212593928138053,17.54070641296296,-0.0429897532940304,2A,bajo,14.0,Palermo,1,37.0,0.7501784699493982,1.4237299509742711,0.0020354411558041,0.3173293561387364,0.7185047022536231,alta,0,2,1.3905902687591791,-0.4830899868037748,-0.1282456393296025,-0.3616264568189554
2709.6774193548385,0.0608561760472452,0.0247848280433081,16.432185933333333,-0.0391438239527547,monoamb,medio,12.0,Villa Urquiza,1,31.0,0.5020148960943631,1.5131757572829174,0.0016590377581003,0.4997101681025006,0.2333980703538691,alta,0,2,0.2285521823643208,-0.5914170459738167,-0.4171672240011733,-0.3393978135820117
3208.955223880597,0.046956738658847,0.0120436771039431,21.296197916666667,-0.0530432613411529,3A,bajo,15.0,Villa Crespo,1,67.0,0.9365319632700024,0.9528544231351463,0.0016924644253836,0.3560200247570848,0.3145034612612011,alta,0,2,0.9077670579743268,-0.4258029708768419,-0.7272614277563161,0.3788762713244979
2130.3030303030305,0.0605964768606993,0.024546770455641,16.502609587333335,-0.0394035231393006,monoamb,alto,1.0,Monserrat,2,33.0,0.3685484761090215,2.039031828797284,0.0018408245339653,1.3599759089981835,0.497858621461092,alta,0,1,-0.7285227835518017,-1.0802595085446327,1.351210410986734,-0.6621169360698136
2126.470588235294,0.0589202257718833,0.0230102069575597,16.972100614000002,-0.0410797742281166,monoamb,alto,1.0,Monserrat,2,34.0,0.3685484761090215,2.039031828797284,0.0018408245339653,1.3599759089981835,0.497858621461092,alta,0,1,-0.7176193123911103,-1.0749000161951967,1.3611334239860375,-0.6373717283970352
4021.739130434784,0.0368426579313052,0.0027724364370297,27.142449979166667,-0.0631573420686947,4+A,alto,6.0,Caballito,1,92.0,0.7024277323001046,0.4811903536677098,0.0014709557236647,0.6815238874122538,0.2822013725531903,media,0,2,1.103057365629997,-0.7190321414560217,-0.1823672712624287,0.6896432806315124
1925.9259259259256,0.0819217754482147,0.0440949608275301,12.206766693333334,-0.0180782245517852,monoamb,alto,5.0,Almagro,1,27.0,0.2738886927401101,1.5110621058336169,0.0013072260551381,0.7262366972989581,0.8153691824811038,alta,0,1,-1.0335487009586957,-0.3117439174436571,0.4784437636508646,-0.7164612648719358
2454.74832630796,0.0602414671982831,0.0242213449317595,16.5998613,-0.0397585328017168,2A,alto,6.0,Caballito,1,40.33,1.1163618623457654,0.3252266394344162,0.0014709557236647,0.6815238874122538,0.2822013725531903,alta,0,1,-0.2413397520397847,-0.6553303211625138,-0.8675067668604642,-0.0371209606023991
3214.285714285714,0.0536435922194235,0.0181732928678049,18.64155547058824,-0.0463564077805764,2A,bajo,13.0,Nuñez,0,42.0,1.7010772792305568,2.6973945309100174,0.001811257462251,0.3242107629327673,0.3362126271488234,alta,0,0,0.6503462578121307,0.9563034680248608,-0.6654620119497026,0.08000371634892
2285.714285714286,0.0532491540413395,0.0178117245378946,18.77964106666667,-0.0467508459586604,monoamb,alto,5.0,Almagro,1,35.0,0.236803120684288,2.103060208420991,0.0013072260551381,0.7262366972989581,0.8153691824811038,alta,0,1,-0.5655932454527262,0.0932924227813774,0.8818983947717832,-0.5527060324946821
2998.5855728429983,0.0595265260120997,0.0235659821777581,16.799233333333333,-0.0404734739879002,monoamb,bajo,13.0,Belgrano,1,35.35,1.3406111179678917,2.237547118674054,0.001811257462251,0.3242107629327673,0.3362126271488234,alta,0,2,0.7107770755040245,0.3847435270026205,-0.6712768722794852,-0.226566469440082
2186.4406779661017,0.0858591010899118,0.0477041759990858,11.646988930769233,-0.0141408989100881,3A,alto,6.0,Caballito,1,59.0,1.512145898041079,1.3295376109871573,0.0014709557236647,0.6815238874122538,0.2822013725531903,media,0,1,-0.6682296534051401,0.032310148415903,-0.7760849766665946,0.1681107651589247
2083.333333333333,0.0841308234304343,0.0461199214778981,11.88625,-0.0158691765695656,4+A,alto,1.0,Monserrat,0,108.0,0.0786931867744169,1.303069716235011,0.0018408245339653,1.3599759089981835,0.497858621461092,alta,0,1,-1.3695656437228865,-1.717645632696,1.3539076076107586,0.9047622316682938
1578.4615384615386,0.107951501370357,0.0679555429228272,9.263419103076924,0.007951501370357,4+A,bajo,15.0,Villa Crespo,0,65.0,0.6031007328662061,1.3908181196491087,0.0016924644253836,0.3560200247570848,0.3145034612612011,media,0,1,-1.0137816423046035,-0.7128362850263735,-0.8072657246584289,0.3719945498847482
2844.1176470588234,0.0484583821679201,0.0134201836539268,20.63626467212121,-0.0515416178320798,monoamb,medio,11.0,Villa Del Parque,1,34.0,0.2872645813769067,3.547798532716265,0.0010693665978338,0.579459732816385,2.659087709873237,alta,0,3,-0.2849972605239885,2.219782966756453,3.297866003723501,-1.3504601893278667
1843.75,0.0794224670447098,0.0418039281243173,12.590895715151516,-0.0205775329552901,2A,alto,3.0,Balvanera,1,32.0,0.1651906190294392,2.057450219934853,0.0010344625327268,0.9331491918927998,0.3306390495886265,alta,0,1,-1.4935838912951651,-0.1490807151342999,0.4590431824807023,-0.5856821810686754
3375.0,0.0433881995892396,0.0087725162901363,23.04774130909091,-0.0566118004107603,monoamb,alto,2.0,Recoleta,2,32.0,0.7716584020240411,2.37456011988781,0.0014373274573867,1.0447534381885877,0.3343869191202226,alta,0,2,0.3193215124653523,0.0975277775021264,0.7536995543147682,-0.6900691557918848
2500.0,0.0644746513797841,0.0281017637648021,15.509971416666668,-0.0355253486202158,3A,bajo,13.0,Nuñez,1,74.0,3.2681922901716702,4.313813545248084,0.001811257462251,0.3242107629327673,0.3362126271488234,alta,0,0,0.236501228804404,2.779156974505993,-0.8796827805701776,0.5507178564491361
2176.470588235294,0.0575666530176644,0.021769431932859,17.371167986666666,-0.0424333469823356,monoamb,alto,3.0,Balvanera,1,34.0,0.2401537287849086,1.727931219297336,0.0010344625327268,0.9331491918927998,0.3306390495886265,alta,0,1,-1.0679961334538588,-0.1687567112095295,0.4224516550251592,-0.4575175236877343
4417.64705882353,0.0260927945235858,-0.0070816050200463,38.32475663333333,-0.0739072054764141,2A,medio,11.0,Villa Devoto,1,51.0,0.7003696197160357,4.198055951982753,0.0010693665978338,0.579459732816385,2.659087709873237,alta,0,3,1.0121689630106558,3.0218166810575307,3.5895940570794145,-1.1482218338468229
2857.0508474576272,0.0657061568797897,0.0292306438064738,15.21927392328718,-0.0342938431202103,3A,alto,6.0,Caballito,2,59.0,0.6909387318206829,0.8719246545468735,0.0014709557236647,0.6815238874122538,0.2822013725531903,media,0,2,0.2462446853055606,-0.722862648047301,-0.3348542960920049,-0.0781353164116434
1000.0,0.1363178343458293,0.0939580148170102,7.335797291666667,0.0363178343458293,3A,alto,1.0,Constitucion,2,90.0,0.5785575109544342,0.5226861594743735,0.0018408245339653,1.3599759089981835,0.497858621461092,alta,0,1,-2.0563266689334405,-2.0992986368877324,0.5095169264135546,0.2644216648632021
1000.0,0.0946651627401592,0.0557763991784793,10.5635481,-0.0053348372598407,4+A,alto,1.0,Constitucion,2,90.0,0.5785575109544342,0.5226861594743735,0.0018408245339653,1.3599759089981835,0.497858621461092,media,0,1,-1.7294933972215,-1.9466332129173496,0.674369629692467,0.4461498631664607
1252.6315789473683,0.0715955012320532,0.0346292094627154,13.967358043333332,-0.0284044987679467,4+A,alto,1.0,Constitucion,1,95.0,0.1885821392295118,1.4445656423627362,0.0018408245339653,1.3599759089981835,0.497858621461092,media,0,1,-1.6404276757664171,-1.6042812409665563,1.311094467348716,0.6554057839381469
2400.0,0.048938508237993,0.0138602992181602,20.43380634196891,-0.0510614917620069,3A,alto,5.0,Almagro,0,70.0,0.6129877210637048,0.7483254166733115,0.0013072260551381,0.7262366972989581,0.8153691824811038,alta,0,1,-0.6284084059453773,-0.2997688504441748,0.3183489214018124,0.3956474180841474
3571.428571428572,0.0482792329974812,0.0132559635810244,20.71283941176471,-0.0517207670025187,2A,bajo,13.0,Nuñez,1,42.0,1.508812429445226,2.5521348041052456,0.001811257462251,0.3242107629327673,0.3362126271488234,alta,0,2,1.2045272821671846,0.7412788033522907,-0.5327998843299924,-0.1357403534035819
2692.3076923076924,0.0540841007767077,0.0185770923786488,18.489722222222223,-0.0459158992232922,4+A,bajo,13.0,Belgrano,0,208.0,1.0365369913384157,1.9130343015124425,0.001811257462251,0.3242107629327673,0.3362126271488234,alta,0,2,0.3914257126650049,-0.0539166071762139,-0.0374051751581095,2.935188487726848
2092.1052631578946,0.0803766838566045,0.0426786268685542,12.441418978967116,-0.0196233161433954,2A,alto,2.0,Recoleta,0,38.0,0.5993289906923065,2.0848871103706186,0.0014373274573867,1.0447534381885877,0.3343869191202226,alta,0,1,-1.3775720761860444,-0.3075569113460527,0.4490010529282676,-0.2304356376499002
3209.8765432098767,0.026695357434657,-0.0065292556848977,37.45969696969697,-0.0733046425653429,4+A,alto,2.0,Recoleta,0,243.0,1.4291726607454869,2.7217671016991725,0.0014373274573867,1.0447534381885877,0.3343869191202226,media,0,1,-0.0686058809372583,0.7687497044621544,1.2775679410999423,3.4117210472254023
2422.680412371134,0.0522068301749984,0.0168562609937485,19.154581817129632,-0.0477931698250015,3A,alto,1.0,Retiro,0,97.0,0.5015507361577196,2.973235018589311,0.0018408245339653,1.3599759089981835,0.497858621461092,alta,0,1,-0.9455335830668644,-0.3989291028750618,1.8398530672487363,0.7332922586759137
2656.25,0.0601402210349246,0.0241285359486809,16.627807194444447,-0.0398597789650753,2A,alto,2.0,Recoleta,1,32.0,1.3763576134466151,1.8602792947448628,0.0014373274573867,1.0447534381885877,0.3343869191202226,alta,0,1,-0.56482593078357,0.1995068773189862,0.0901558132336649,-0.3704092077344496
2150.0,0.0728634675489428,0.0357915119198642,13.72429879662664,-0.0271365324510571,4+A,bajo,14.0,Palermo,1,100.0,0.5251776912356612,1.3681630256628623,0.0020354411558041,0.3173293561387364,0.7185047022536231,media,0,2,0.2268628138298897,-0.8550238565954577,0.0136801805881434,0.7878266681154806
2712.121212121212,0.059925586521678,0.0239317876448715,16.68736274509804,-0.0400744134783219,3A,bajo,14.0,Palermo,1,66.0,0.5606931138471073,1.0361127270556152,0.0020354411558041,0.3173293561387364,0.7185047022536231,alta,0,2,0.7301589540096511,-0.9032179400952156,-0.148890226119329,0.2337124251908675
1505.8823529411766,0.0958484772744112,0.0568611041682102,10.433133925925926,-0.0041515227255887,3A,alto,1.0,San Nicolas,1,85.0,0.167287950526813,1.3246722682785956,0.0018408245339653,1.3599759089981835,0.497858621461092,alta,0,1,-1.6477230468331483,-1.7503542998754542,1.168495965296091,0.3573016750477678
3333.333333333333,0.0456421320354339,0.010838621032481,21.90958124444445,-0.054357867964566,2A,bajo,15.0,Villa Crespo,1,42.0,0.9973465836417404,1.210283526937519,0.0016924644253836,0.3560200247570848,0.3145034612612011,alta,0,2,0.9847910536379444,-0.2216347514200696,-0.7423713017009229,-0.0680890590630971
2300.0,0.0740857795357768,0.036911964574462,13.497867016666666,-0.0259142204642232,monoamb,medio,12.0,Saavedra,0,30.0,2.503570336238976,3.537330194923841,0.0016590377581003,0.4997101681025006,0.2333980703538691,alta,0,0,-0.5119661792929854,1.8682703739194584,-0.8832687736238235,-0.0840388734155667
718.562874251497,0.0573195193762595,0.0215428927615712,17.446063939157472,-0.0426804806237404,2A,bajo,13.0,Nuñez,0,167.0,1.9893051413929133,2.8930105074115207,0.001811257462251,0.3242107629327673,0.3362126271488234,alta,0,0,-1.1313876885570855,1.032487201822969,-0.5195393450746947,2.50192060482988
2363.6363636363635,0.0748999089812249,0.0376582498994561,13.351151070833334,-0.0251000910187751,4+A,bajo,13.0,Nuñez,1,77.0,3.1392343762628574,4.157441527546559,0.001811257462251,0.3242107629327673,0.3362126271488234,media,0,0,0.0644106107772569,2.5571574854416155,-0.9084414327218328,0.5680408864280623
2553.191489361702,0.0532495530550005,0.0178120903004171,18.779500345610742,-0.0467504469449994,2A,alto,2.0,Recoleta,0,47.0,0.7716584020240411,2.37456011988781,0.0014373274573867,1.0447534381885877,0.3343869191202226,alta,0,1,-0.8380830926827721,0.0891206584639475,0.6384549695792103,-0.014642226313333
2197.619047619048,0.0664881744849003,0.0299474932778253,15.040268555231616,-0.0335118255150996,2A,alto,1.0,Monserrat,1,42.0,0.3685484761090215,2.039031828797284,0.0018408245339653,1.3599759089981835,0.497858621461092,alta,0,1,-0.9673001688626172,-1.060195521287812,1.3347146281798008,-0.3592583306217573
2310.810810810811,0.0938071974231142,0.054989930971188,10.660162838993404,-0.0061928025768857,monoamb,bajo,14.0,Palermo,0,37.0,0.7509094587736288,1.2984280516223825,0.0020354411558041,0.3173293561387364,0.7185047022536231,alta,0,1,-0.0995476981401224,-0.7195574355134106,-0.4596942317105582,-0.1724121840105144
2676.7115384615386,0.0520291470563204,0.016693384801627,19.219996032560783,-0.0479708529436795,2A,bajo,13.0,Nuñez,1,52.0,3.186501224129939,4.230351024525816,0.001811257462251,0.3242107629327673,0.3362126271488234,alta,0,0,0.4544574073265598,2.745506723675049,-0.8813617091605087,0.2067287737347312
2850.0,0.047830819068712,0.0128449174796527,20.90702228125,-0.0521691809312879,4+A,alto,6.0,Caballito,0,100.0,0.4095579576527525,1.1357361224368971,0.0014709557236647,0.6815238874122538,0.2822013725531903,media,0,1,-0.096783358750403,-0.6586743036911991,0.065270138657366,1.0040791089068202
2700.0,0.0552213449317595,0.0196195661874462,18.1089396,-0.0447786550682404,2A,alto,5.0,Almagro,2,40.0,1.03632148238226,0.6490408696631452,0.0013072260551381,0.7262366972989581,0.8153691824811038,alta,0,2,0.0163683909270991,-0.122519588023357,0.0109974410501581,-0.4783710006689354
3740.0,0.0392961671535019,0.0050214865573767,25.44777448888889,-0.060703832846498,2A,medio,11.0,Villa Del Parque,0,40.0,0.1338716880446905,3.292581418985808,0.0010693665978338,0.579459732816385,2.659087709873237,alta,0,3,0.2043266532339711,2.103181434242665,3.3892803263776705,-1.12921471279407
2363.6363636363635,0.0679518189245815,0.0312891673475331,14.716309523809525,-0.0320481810754184,4+A,alto,5.0,Boedo,1,110.0,0.5200139816764752,1.458484175232427,0.0013072260551381,0.7262366972989581,0.8153691824811038,media,0,1,-0.5627861376519,-0.1318283264726851,0.7189700329946167,0.7401555838432391
1875.0,0.081824780066084,0.0440060483939103,12.221236637512147,-0.0181752199339159,2A,alto,1.0,San Telmo,1,40.0,1.5115265574315344,0.744484614278491,0.0018408245339653,1.3599759089981835,0.497858621461092,alta,0,1,-1.2830804703832794,-0.9935737510457756,0.1672265377426124,-0.1592422687527615
1857.142857142857,0.0720911623944289,0.0350835655282265,13.871325787878789,-0.027908837605571,2A,alto,3.0,Balvanera,0,35.0,0.4154469093579186,1.8704102027303344,0.0010344625327268,0.9331491918927998,0.3306390495886265,alta,0,1,-1.6658661672195014,0.0008096222364334,0.268333022826219,-0.2712436016609443
2073.170731707317,0.0701635912074121,0.0333166252734611,14.252406166666669,-0.0298364087925878,2A,alto,6.0,Caballito,0,41.0,0.6400262934596969,0.994791860944238,0.0014709557236647,0.6815238874122538,0.2822013725531903,alta,0,1,-0.8629359158072747,-0.6630875418271515,-0.4734605228823838,0.0387914252199413
3063.8297872340427,0.0408243514316936,0.0064223221457192,24.495184,-0.0591756485683063,2A,medio,11.0,Villa Devoto,3,47.0,2.3834525384131715,5.183588462121227,0.0010693665978338,0.579459732816385,2.659087709873237,alta,0,3,0.3540717285687301,4.522700737065354,2.921066259886118,-1.3455760761630753
3591.549295774648,0.046775727471608,0.0118777501823074,21.37860925,-0.0532242725283919,3A,bajo,13.0,Nuñez,1,71.0,1.508812429445226,2.5521348041052456,0.001811257462251,0.3242107629327673,0.3362126271488234,alta,0,2,1.2462448888508668,0.7319008219715079,-0.4206274749340327,0.3609342952138185
2272.7272727272725,0.0592386188879094,0.023302067313917,16.880879716189654,-0.0407613811120905,3A,bajo,15.0,Villa Ortuzar,0,88.0,0.2207491429824706,0.8647600023126437,0.0016924644253836,0.3560200247570848,0.3145034612612011,media,0,1,-0.0930456344499966,-1.0539147343018045,-0.4580680045251517,0.8865969180831756
2467.811158798283,0.0555643346518325,0.0199339734308465,17.997156022222224,-0.0444356653481674,2A,medio,12.0,Villa Urquiza,0,46.6,0.702022730060056,2.101446288316404,0.0016590377581003,0.4997101681025006,0.2333980703538691,alta,0,1,-0.1670126629584827,-0.1020369230129779,-0.2876708450626713,0.1378684297329491
1623.931623931624,0.0997720991511415,0.060457757555213,10.022842142322098,-0.0002279008488584,4+A,bajo,15.0,Chacarita,2,117.0,0.4856887616583777,0.266156913202988,0.0016924644253836,0.3560200247570848,0.3145034612612011,media,0,1,-0.3534373560461547,-1.4659702825130556,-0.8605730570597813,0.9973000542441652
2645.833333333333,0.0845277909821579,0.0464838084003114,11.830428648148148,-0.015472209017842,monoamb,bajo,13.0,Belgrano,0,24.0,1.9017774212365228,1.7593459372281226,0.001811257462251,0.3242107629327673,0.3362126271488234,alta,0,0,0.0202152515280729,0.472407962024242,-1.3420072805715308,-0.1875058924939409
2600.0,0.0550086153198993,0.019424564043241,18.17897058823529,-0.0449913846801006,4+A,medio,12.0,Villa Urquiza,1,150.0,0.3470707099212181,1.7129906490473936,0.0016590377581003,0.4997101681025006,0.2333980703538691,media,0,2,0.251578029443528,-0.6489923960953695,0.1801049136201994,1.6821327433113982
1757.7068685776096,0.0851986464661433,0.0470987592606313,11.737275666666669,-0.0148013535338566,2A,alto,3.0,Balvanera,1,36.98,0.2059423231467217,2.17125978581623,0.0010344625327268,0.9331491918927998,0.3306390495886265,alta,0,1,-1.603289098913768,-0.0895387633372129,0.4659491684429889,-0.5203395485928486
3225.0,0.0495340967826414,0.014406255384088,20.188114146666667,-0.0504659032173585,2A,medio,12.0,Villa Urquiza,1,40.0,1.519634731225436,2.971532118881401,0.0016590377581003,0.4997101681025006,0.2333980703538691,alta,0,0,0.6321606910803693,0.9659604411572208,-0.3193421798166661,-0.1838900465617328
3522.7272727272725,0.0412251515158757,0.0067897222228861,24.25703637777778,-0.0587748484841242,2A,medio,12.0,Villa Urquiza,0,44.0,0.215014383516258,1.3609353549394323,0.0016590377581003,0.4997101681025006,0.2333980703538691,alta,0,2,0.7408869575556571,-0.7202432723064086,-0.1577901218976046,0.0294549975845844
2812.5,0.0662656139181114,0.0297434794249355,15.090783,-0.0337343860818885,2A,medio,12.0,Villa Urquiza,0,32.0,1.067258367101429,2.367819451315874,0.0016590377581003,0.4997101681025006,0.2333980703538691,media,0,2,-0.0219221743328788,0.2879293384393924,-0.4539586632760644,-0.1705783890018097
3833.3333333333335,0.0463036122098605,0.0114449778590388,21.596587226666664,-0.0536963877901395,2A,medio,12.0,Villa Urquiza,0,36.0,0.5253484034519869,0.9351867173329024,0.0016590377581003,0.4997101681025006,0.2333980703538691,alta,0,2,0.9355036670309712,-0.7163438418728095,-0.4989182396331252,-0.0873342104641227
3532.0088300220755,0.0452617809351386,0.0104899658572104,22.09369537254902,-0.0547382190648613,2A,bajo,13.0,Belgrano,1,45.3,1.1136153214968183,1.9202921936230803,0.001811257462251,0.3242107629327673,0.3362126271488234,alta,0,2,1.2285323353686577,0.1352659726944923,-0.527070169816308,-0.0617244255501105
3500.0,0.0365137056283471,0.0024708968259848,27.38697655555556,-0.0634862943716528,2A,bajo,15.0,Parque Chas,1,50.0,1.1866276268076552,1.8463264347465007,0.0016924644253836,0.3560200247570848,0.3145034612612011,alta,0,2,1.1558541188637204,0.2851454653265522,-0.5373373549682243,0.0597946800327808
2253.968253968254,0.0710964705045923,0.0341717646292097,14.065395833333332,-0.0289035294954076,3A,bajo,15.0,Parque Chas,0,63.0,0.5658937172513893,1.1344781340625358,0.0016924644253836,0.3560200247570848,0.3145034612612011,alta,0,1,-0.2259612343219466,-0.6967921441566023,-0.6845452308546097,0.4361695166590771
2800.0,0.064659687050198,0.0282713797960148,15.465586760784316,-0.0353403129498019,2A,bajo,13.0,Belgrano,0,40.0,1.3477435423742417,1.5326642374805008,0.001811257462251,0.3242107629327673,0.3362126271488234,alta,0,2,0.3094863737012971,0.0308173221050146,-0.978182723953876,0.097407563992114
3882.978723404255,0.0397604576486299,0.0054470861779107,25.150615942028985,-0.06023954235137,3A,bajo,13.0,Belgrano,1,94.0,1.9062329628203944,2.793015509899299,0.001811257462251,0.3242107629327673,0.3362126271488234,alta,0,2,1.5123209050858002,1.1724481146724797,-0.4119266779950401,0.7810382419581647
2692.3076923076924,0.063290423089135,0.0270162211650404,15.800178782051283,-0.0367095769108649,4+A,medio,12.0,Villa Urquiza,0,65.0,0.7969638003390921,2.232012177963763,0.0016590377581003,0.4997101681025006,0.2333980703538691,media,0,1,-0.0608867880700609,0.0090154535376552,-0.2373736666442877,0.3920237768037855
2714.285714285714,0.0694381198169852,0.0326516098322364,14.401311594202898,-0.0305618801830147,3A,bajo,13.0,Nuñez,0,77.0,1.7043424212969918,2.7343521769001664,0.001811257462251,0.3242107629327673,0.3362126271488234,alta,0,0,0.1810336050319184,0.8707146421900592,-0.6316368193720865,0.6614723474472695
5280.0,0.0419538789416614,0.0074577223631896,23.83569827692308,-0.0580461210583385,2A,bajo,13.0,Nuñez,1,25.0,1.508812429445226,2.5521348041052456,0.001811257462251,0.3242107629327673,0.3362126271488234,media,0,2,2.483752576445527,0.8761570822056546,-0.4278562755482112,-0.5973936722282658
1511.111111111111,0.1033660049037768,0.0637521711617954,9.67436054949495,0.0033660049037768,3A,alto,6.0,Caballito,0,45.0,0.8393381295593625,0.5039871072945433,0.0014709557236647,0.6815238874122538,0.2822013725531903,media,0,1,-1.5118889724387072,-0.9345691983345586,-0.9187328330556288,0.0960774354690962
3488.235294117647,0.0466940305252893,0.0118028613148485,21.416013754871795,-0.0533059694747106,monoamb,bajo,14.0,Palermo,2,34.0,1.006573542107592,0.2797694980219893,0.0020354411558041,0.3173293561387364,0.7185047022536231,alta,0,2,1.6506981676184669,-0.9094659033621156,-0.6249500397814283,-0.4028883565217764
3086.206896551724,0.0571164110387552,0.021356710118859,17.508102869444446,-0.0428835889612447,2A,medio,12.0,Coghlan,1,58.0,0.7673369086505947,1.806255057420372,0.0016590377581003,0.4997101681025006,0.2333980703538691,media,0,2,0.5318516657983356,-0.2272114753986046,-0.3107939598407968,0.1021791676169185
2105.2631578947367,0.0692239002537414,0.0324552418992629,14.445877743589744,-0.0307760997462585,2A,alto,3.0,Balvanera,0,38.0,0.1392839876470878,2.4577269195906952,0.0010344625327268,0.9331491918927998,0.3306390495886265,alta,0,1,-1.4818355891509654,0.1338987303480414,0.6683633836503051,-0.3236397325017293
1666.6666666666667,0.0851986464661433,0.0470987592606313,11.737275666666669,-0.0148013535338566,2A,alto,5.0,Almagro,0,42.0,0.932462588798324,1.338608775824323,0.0013072260551381,0.7262366972989581,0.8153691824811038,alta,0,1,-1.4843053018660346,0.0759766739911999,0.0537047498309038,-0.1588274390662661
2684.2105263157896,0.0692842075309459,0.0325105235700337,14.43330357142857,-0.030715792469054,3A,bajo,14.0,Palermo,1,95.0,1.767797480862665,1.002572996268689,0.0020354411558041,0.3173293561387364,0.7185047022536231,alta,0,2,0.6431084871155969,-0.1093787619820467,-0.7401079170065202,0.8538288774801436
4782.608695652174,0.0290449931134579,-0.0043754229793302,34.42934195555556,-0.070955006886542,2A,bajo,15.0,Villa Ortuzar,0,46.0,0.6196977869602823,0.0691506735533857,0.0016924644253836,0.3560200247570848,0.3145034612612011,alta,0,2,1.9679154831440184,-0.9001419291944052,-0.7799349973452151,0.1312964035819434
1727.2727272727273,0.0865438882524508,0.0483318975647466,11.5548309671848,-0.0134561117475491,3A,alto,2.0,Recoleta,0,55.0,2.4303610332756898,1.6395378884650298,0.0014373274573867,1.0447534381885877,0.3343869191202226,media,0,0,-1.67975894679788,0.7155520629467936,-0.6809876685306897,0.3580571154050999
2296.875,0.0579582629021383,0.0221284076602934,17.25379523,-0.0420417370978616,monoamb,alto,5.0,Almagro,0,32.0,0.5017999247743343,1.0999618458179523,0.0013072260551381,0.7262366972989581,0.8153691824811038,alta,0,1,-0.8064094695254365,-0.2136797158294878,0.3221649953128372,-0.3215549317261856
2166.6666666666665,0.0786449044302861,0.0410911623944289,12.715381972222223,-0.0213550955697138,2A,alto,5.0,Boedo,2,30.0,0.6096781766496676,1.3780506111941042,0.0013072260551381,0.7262366972989581,0.8153691824811038,alta,0,1,-0.5833751902609147,-0.1589375247286569,0.326503630261749,-0.8067107725832582
2142.8571428571427,0.0638989848496074,0.0275740694454735,15.64970088888889,-0.0361010151503925,3A,bajo,7.0,Flores,0,56.0,1.968782782328963,1.719812425943347,0.0007389240721516,0.4306612690454279,0.2791624172439522,alta,0,0,-1.0909817396937802,1.6858152119839362,-1.2736652191440532,0.350443541228737
2730.0,0.0455120974712304,0.0107194226819612,21.972180047999995,-0.0544879025287695,3A,alto,3.0,San Cristobal,0,60.0,0.6320891977372078,1.2381743141981447,0.0010344625327268,0.9331491918927998,0.3306390495886265,media,0,1,-0.7892243960409346,-0.0388477304400134,0.1941613572734331,0.2493224513662647
2081.6326530612246,0.0584696593395101,0.0225971877278842,17.1028874,-0.0415303406604898,2A,alto,6.0,Caballito,0,49.0,0.1094303079530066,1.2470530856827198,0.0014709557236647,0.6815238874122538,0.2822013725531903,alta,0,1,-0.7659621583698024,-0.8718591653018962,-0.0241979460677056,0.1320094883426166
2769.230769230769,0.0670544902742794,0.0304666160847561,14.913244376470589,-0.0329455097257205,2A,bajo,13.0,Belgrano,0,39.0,0.9307585081828914,1.7471315464382782,0.001811257462251,0.3242107629327673,0.3362126271488234,alta,0,2,0.2632016868567022,-0.1654321736188137,-0.6945346551382549,-0.000603327639353
1951.219512195122,0.0798737310620093,0.0422175868068419,12.519760711111113,-0.0201262689379906,2A,bajo,15.0,Chacarita,0,41.0,0.4856887616583777,0.266156913202988,0.0016924644253836,0.3560200247570848,0.3145034612612011,alta,0,1,-0.4924403112914764,-1.2460283370682934,-1.0911683313829912,0.1223244327899168
2976.7441860465115,0.0432649376585884,0.0086595261870393,23.11340438974359,-0.0567350623414116,2A,medio,10.0,Versalles,2,43.0,3.602829493637303,4.266206997029064,0.0007950753514594,0.4818638493693606,0.3093771634352494,alta,0,0,0.0392561158642931,4.152098452061509,-0.9579242832637912,-0.2488532009525748
2937.5,0.0666623213745647,0.0301071279266843,15.000977754452377,-0.0333376786254353,4+A,bajo,14.0,Palermo,1,80.0,0.2442798830368821,1.002427737842546,0.0020354411558041,0.3173293561387364,0.7185047022536231,media,0,2,0.8519743270907245,-1.1661206101828958,0.0504350500385669,0.3758963058086634
1709.6774193548388,0.1278461953481581,0.0861923457358116,7.821898784525755,0.0278461953481581,4+A,alto,6.0,Caballito,0,124.0,1.2153862450449142,1.0769188694825813,0.0014709557236647,0.6815238874122538,0.2822013725531903,media,0,1,-1.5430321635266533,-0.4878508440359257,-0.7103572706809954,1.30975239727144
3384.6153846153848,0.0387266574846106,0.0044994360275597,25.822006466666668,-0.0612733425153894,3A,medio,11.0,Villa Del Parque,6,65.0,0.3966013926133307,3.301846306118948,0.0010693665978338,0.579459732816385,2.659087709873237,alta,0,3,1.4384954280184357,2.0071537557445733,3.5024893474911227,-1.7276755267368715
2339.622641509434,0.0474089242432571,0.012458180556319,21.09307511111111,-0.0525910757567428,2A,medio,11.0,Villa Del Parque,0,53.0,0.281245633942225,3.249112005862541,0.0010693665978338,0.579459732816385,2.659087709873237,alta,0,3,-0.8671976309253768,2.065115852765784,3.194094413179103,-0.7559719070037715
1886.3636363636365,0.0861580721877941,0.0479782328388113,11.606573529411763,-0.0138419278122058,4+A,medio,12.0,Saavedra,0,132.0,2.2097045735913463,3.228477206428166,0.0016590377581003,0.4997101681025006,0.2333980703538691,media,0,0,-0.8385043316937262,1.3710574621004858,-0.5509790372412772,1.6305503515824051
2431.428571428572,0.0550637550603746,0.0194751088053434,18.16076653151515,-0.0449362449396253,monoamb,medio,11.0,Villa Del Parque,0,35.0,0.7121034237714527,2.783639973156938,0.0010693665978338,0.579459732816385,2.659087709873237,alta,0,3,-0.8561926096736179,2.11747630925135,2.7100894326992435,-1.008573200809685
2286.88524590164,0.0610742985420382,0.024984773663535,16.373499555,-0.0389257014579617,3A,medio,11.0,Villa Santa Rita,0,61.0,0.973537578083232,2.33437577823268,0.0010693665978338,0.579459732816385,2.659087709873237,alta,0,3,-0.9795658825687052,2.0245836177253342,2.4679448457695385,-0.5032078552660987
2163.043478260869,0.0685014242943865,0.0317929722698543,14.598236610416668,-0.0314985757056134,3A,alto,5.0,Almagro,0,46.0,0.285067263368975,1.35585519694935,0.0013072260551381,0.7262366972989581,0.8153691824811038,media,0,1,-0.986634986249252,-0.2893988676746363,0.527025534761028,-0.1648514711479368
2308.641975308642,0.0656075138562815,0.0291402210349247,15.242156594907406,-0.0343924861437185,3A,alto,1.0,Retiro,2,81.0,0.2016368520479903,2.703742137584322,0.0018408245339653,1.3599759089981835,0.497858621461092,alta,0,1,-0.636932053898776,-0.886601818487319,1.8458760256080824,0.0316550715896044
2165.217391304348,0.0836240112410943,0.0456553436376698,11.958287878787878,-0.0163759887589056,4+A,alto,2.0,Recoleta,1,115.0,1.244239110101577,1.707999842984042,0.0014373274573867,1.0447534381885877,0.3343869191202226,media,0,1,-1.054316918759192,-0.1360984355004904,0.2719918529255031,0.9893582969378362
2048.3870967741937,0.0872112129180994,0.0489436118415911,11.46641545897436,-0.0127887870819005,3A,alto,6.0,Caballito,0,62.0,1.0633562623618222,0.293511217055125,0.0014709557236647,0.6815238874122538,0.2822013725531903,media,0,1,-0.9805509506166044,-0.8023918404933319,-0.9439276770530376,0.4400861962890728
3658.5365853658536,0.0602297631417989,0.0242106162133156,16.603087042625422,-0.039770236858201,4+A,alto,6.0,Caballito,1,123.0,0.5040633974500769,0.3639052645513958,0.0014709557236647,0.6815238874122538,0.2822013725531903,media,0,2,0.6787209977000399,-1.0468730796218424,-0.1291943733736279,1.1399010595187984
3111.111111111112,0.0540841007767077,0.0185770923786488,18.489722222222223,-0.0459158992232922,4+A,alto,2.0,Recoleta,0,90.0,1.3892171286510384,1.5494499534718218,0.0014373274573867,1.0447534381885877,0.3343869191202226,media,0,1,-0.3913574084625418,0.1061248502709485,0.211679028858275,0.7991714898757107
1481.9277108433737,0.1039007883733455,0.0642423893422333,9.624566046666668,0.0039007883733455,3A,alto,6.0,Caballito,0,83.0,1.296407496553983,0.7923941649617445,0.0014709557236647,0.6815238874122538,0.2822013725531903,media,0,1,-1.5318338259432012,-0.4817039280144979,-0.9271856414010032,0.7796157842265021
2000.0,0.058248054216649,0.0223940496985949,17.16795545273632,-0.041751945783351,monoamb,alto,6.0,Caballito,1,49.0,1.2916513081151144,0.4859292446793137,0.0014709557236647,0.6815238874122538,0.2822013725531903,media,0,1,-0.5582973287332929,-0.4706865476113283,-0.9020825698472048,0.1822005814594175
3500.0,0.0486849408377961,0.0136278624346465,20.54023241666667,-0.0513150591622038,3A,medio,12.0,Villa Urquiza,0,50.0,0.2933538916636661,1.7001895173788346,0.0016590377581003,0.4997101681025006,0.2333980703538691,media,0,2,0.6555744102315156,-0.5189450857156638,-0.0881240517497116,0.0833654211242262
1974.7899159663864,0.1153335889949341,0.0747224565786896,8.670501011148831,0.0153335889949341,4+A,alto,6.0,Caballito,1,119.0,1.7242091486601792,0.9070515240768604,0.0014709557236647,0.6815238874122538,0.2822013725531903,media,0,1,-1.006989635006009,-0.1907870073953767,-0.9581254677204104,1.147466816398999
1867.9245283018868,0.0709988720551194,0.0340822993838594,14.0847308,-0.0290011279448805,3A,alto,6.0,Caballito,1,53.0,0.4095579576527525,1.1357361224368971,0.0014709557236647,0.6815238874122538,0.2822013725531903,media,0,1,-0.7692498195962779,-0.8189107527967722,-0.2458538766781139,0.036497285359768
2265.625,0.0763849933834388,0.0390195772681522,13.091576705128206,-0.0236150066165611,3A,alto,6.0,Caballito,0,64.0,1.0637699863511976,1.1190547565227398,0.0014709557236647,0.6815238874122538,0.2822013725531903,media,0,1,-0.7682809294174727,-0.3190948142946723,-0.5810632460516097,0.4261479768950639
1562.5,0.0937185111127576,0.0549086351866945,10.670250606060607,-0.0062814888872423,2A,alto,3.0,Balvanera,1,32.0,0.2819778165356498,2.332688608914557,0.0010344625327268,0.9331491918927998,0.3306390495886265,alta,0,1,-1.8210171230780416,0.0090644736954104,0.4152473042790044,-0.6225678887392914
2888.8888888888887,0.046422339420655,0.0115538111356004,21.541352988235296,-0.0535776605793449,2A,bajo,13.0,Belgrano,2,54.0,0.9473441864112296,1.953468295830718,0.001811257462251,0.3242107629327673,0.3362126271488234,alta,0,2,1.0040403905581154,-0.0565255165698147,-0.4216291389533613,-0.052346615827392
2577.319587628866,0.0490744203644985,0.0139848853341236,20.37721469907408,-0.0509255796355014,3A,alto,1.0,San Nicolas,0,97.0,0.148253541052266,2.896704357166956,0.0018408245339653,1.3599759089981835,0.497858621461092,alta,0,1,-0.8030369381457644,-0.6708981895921766,2.0262925951271864,0.687746747600665
2716.6666666666665,0.0387105015784207,0.0044846264468856,25.83278333333333,-0.0612894984215793,4+A,alto,1.0,Retiro,1,180.0,0.4725303138781417,2.6888271933686108,0.0018408245339653,1.3599759089981835,0.497858621461092,alta,0,1,-0.3255293430285715,-0.5899388044390922,2.1618478138919577,2.0036477051036483
2791.6666666666665,0.0508648635618766,0.0156261249317202,19.659936741666662,-0.0491351364381233,4+A,alto,6.0,Caballito,0,96.0,0.4095579576527525,1.1357361224368971,0.0014709557236647,0.6815238874122538,0.2822013725531903,media,0,1,-0.1649925911295386,-0.6710663246317886,0.0340192121143001,0.929761257713848
2780.0,0.0505675419673152,0.0153535801367056,19.775531123232327,-0.0494324580326847,3A,alto,6.0,Caballito,0,50.0,0.2801519996402877,0.5832346566277853,0.0014709557236647,0.6815238874122538,0.2822013725531903,media,0,1,-0.173479434001051,-1.026448175308713,-0.2600138282148566,0.1804938167961635
4444.444444444444,0.0479242386372056,0.0129305520841051,20.86626785185185,-0.0520757613627943,2A,bajo,14.0,Palermo,2,36.0,0.9629280626721084,0.3173941279534641,0.0020354411558041,0.3173293561387364,0.7185047022536231,alta,0,2,2.3342185269577254,-0.8694106560568369,-0.5068341452505628,-0.495581283298834
1964.2857142857144,0.1084346409569096,0.0683984208771672,9.222145166666667,0.0084346409569096,2A,bajo,14.0,Palermo,0,28.0,0.5457232314727664,0.7376370295871485,0.0020354411558041,0.3173293561387364,0.7185047022536231,alta,0,1,-0.4473854128878188,-1.228752801733899,-0.6695732024534481,-0.3286495270824049
2080.0,0.0922203256833607,0.0535352985430806,10.84359649122807,-0.0077796743166392,4+A,bajo,14.0,Palermo,0,125.0,0.2967225453321738,1.114185061809454,0.0020354411558041,0.3173293561387364,0.7185047022536231,alta,0,1,-0.1971610247899017,-1.197550623944226,0.0214188745425836,1.310479458702572
3233.333333333333,0.0483085108828647,0.013282801642626,20.70028617575758,-0.0516914891171352,monoamb,medio,11.0,Villa Del Parque,1,30.0,0.1361851824879585,3.1859323631256213,0.0010693665978338,0.579459732816385,2.659087709873237,alta,0,3,0.0111469205768293,1.948670283483208,3.2675194450162506,-1.453194028433278
2335.4995938261577,0.0740857795357768,0.036911964574462,13.497867016666667,-0.0259142204642232,3A,bajo,13.0,Belgrano,1,49.24,2.665888484559913,2.348019369529655,0.001811257462251,0.3242107629327673,0.3362126271488234,alta,0,0,0.1080540079814107,1.2896787455067442,-1.4016651000811111,0.1925589119269841
2712.328767123288,0.0559385052555486,0.0202769631509195,17.87677370769231,-0.0440614947444513,4+A,medio,12.0,Villa Urquiza,0,73.0,0.7290644154543643,2.145475832838682,0.0016590377581003,0.4997101681025006,0.2333980703538691,media,0,2,0.0193785463671538,-0.061071122262395,-0.1724586388004295,0.5557777508050975
4446.226415094339,0.050874781832535,0.0156352166798238,19.656103947368425,-0.0491252181674649,4+A,bajo,14.0,Palermo,1,106.0,0.3000869153305707,0.9892935319814384,0.0020354411558041,0.3173293561387364,0.7185047022536231,alta,0,2,2.083345647633777,-0.9993300693290926,0.2968593919072862,0.7178237157052121
3545.454545454545,0.0473325813700796,0.0123881995892396,21.1270962,-0.0526674186299203,monoamb,bajo,14.0,Palermo,1,33.0,0.3000869153305707,0.9892935319814384,0.0020354411558041,0.3173293561387364,0.7185047022536231,alta,0,2,1.4195505163029496,-0.9997501855920554,-0.0267645012820752,-0.4006694959916892
3655.813953488372,0.0487778510302347,0.0137130301110485,20.50110816444444,-0.0512221489697652,2A,bajo,14.0,Palermo,1,43.0,0.3000869153305707,0.9892935319814384,0.0020354411558041,0.3173293561387364,0.7185047022536231,alta,0,2,1.493499662776039,-1.0039914695429382,0.012690735501961,-0.2501098630050143
3596.296296296296,0.0606504391362554,0.0245962358749008,16.487926785714286,-0.0393495608637445,3A,bajo,14.0,Palermo,1,81.0,0.3000869153305707,0.9892935319814384,0.0020354411558041,0.3173293561387364,0.7185047022536231,alta,0,2,1.3772872029486276,-1.0721563598384871,0.0977910659232883,0.3503914710128215
2406.7796610169494,0.0719988561685718,0.0349989514878575,13.889109538888889,-0.0280011438314281,3A,alto,2.0,Recoleta,1,59.0,0.6556034319143896,2.8089632982830426,0.0014373274573867,1.0447534381885877,0.3343869191202226,media,0,1,-0.8543537115675579,0.1063606857367366,0.8438321668481072,-0.1113846805473584
2350.0,0.1069514923723927,0.0670388680080266,9.350033158192089,0.0069514923723926,monoamb,alto,6.0,Caballito,0,20.0,0.723488208709621,0.7634544604002665,0.0014709557236647,0.6815238874122538,0.2822013725531903,alta,0,1,-0.9539649797683069,-0.8308976391674656,-0.7991413237562194,-0.4800726854919576
1973.684210526316,0.0104131679014175,-0.0214545960903672,96.03225545454546,-0.0895868320985825,monoamb,bajo,7.0,Flores,0,228.0,0.3660557503274902,0.5893125633824785,0.0007389240721516,0.4306612690454279,0.2791624172439522,alta,0,1,-0.6469842488359665,0.0390628615414019,-0.0042352562088179,3.4044130618772823
2302.6315789473683,0.0594925108543785,0.0235348016165136,16.808838383838385,-0.0405074891456214,4+A,alto,2.0,Recoleta,0,152.0,1.0179867554766835,2.2976951936377654,0.0014373274573867,1.0447534381885877,0.3343869191202226,media,0,1,-1.0123169572216093,0.1290022137527436,0.8126329299837071,1.8102587410329736
768.2926829268292,0.135235946771656,0.0929662845406847,7.39448367,0.035235946771656,4+A,alto,1.0,Monserrat,0,82.0,0.2320515170131504,1.5185495187793463,0.0018408245339653,1.3599759089981835,0.497858621461092,media,0,1,-2.747035108972823,-1.7469298767723946,0.9443664709488224,0.3970629947292711
1284.9162011173185,0.0823018924862944,0.0444434014457699,12.15038888888889,-0.0176981075137055,4+A,alto,1.0,Monserrat,0,179.0,0.4094882556263924,2.1083704002576,0.0018408245339653,1.3599759089981835,0.497858621461092,alta,0,1,-1.929648034199685,-1.1406639871063646,1.662385988917952,2.188692313498237
2237.5,0.0678257381085219,0.031173593266145,14.743665574269006,-0.032174261891478,4+A,bajo,15.0,Villa Crespo,2,80.0,0.2283743978692415,1.3100856915497288,0.0016924644253836,0.3560200247570848,0.3145034612612011,media,0,2,0.285116551651831,-0.9301232213638884,-0.3063274339345017,0.3135869802242012
2083.333333333333,0.0827643994242535,0.044867366138899,12.082489656862746,-0.0172356005757464,4+A,medio,12.0,Saavedra,0,84.0,2.2097045735913463,3.228477206428166,0.0016590377581003,0.4997101681025006,0.2333980703538691,media,0,0,-0.6944684170320357,1.421921425251257,-0.6943324752523755,0.807101894739277
3170.454545454545,0.0488594388336305,0.013787818930828,20.46687444375,-0.0511405611663694,3A,alto,2.0,Recoleta,0,88.0,0.5902519618418328,2.872575483828895,0.0014373274573867,1.0447534381885877,0.3343869191202226,alta,0,1,-0.351817738161597,0.2499075703628711,1.129521094377833,0.5618731897092495
2428.5714285714284,0.1187729271959072,0.077875183262915,8.419427083333334,0.0187729271959072,4+A,bajo,13.0,Belgrano,0,105.0,2.655153245579099,2.239083405862224,0.001811257462251,0.3242107629327673,0.3362126271488234,alta,0,0,-0.387533341167223,1.0785340259568743,-1.434189956673109,1.1249606116088169
3806.435483870968,0.0454522264390119,0.0106645409024276,22.00112246078432,-0.054547773560988,3A,bajo,14.0,Palermo,1,62.0,0.1731695545419377,1.566919762722507,0.0020354411558041,0.3173293561387364,0.7185047022536231,alta,0,2,1.6180397818337346,-0.7822468123689705,0.3810231917654699,0.0035423683062601
3104.1666666666665,0.0525692802785996,0.0171885069220496,19.02251647160344,-0.0474307197214003,4+A,bajo,14.0,Palermo,0,96.0,1.4068977647647156,0.8492102475145852,0.0020354411558041,0.3173293561387364,0.7185047022536231,media,0,2,0.8419079118150807,-0.3192072712559445,-0.5289728128008926,1.0424727801253375
3064.5,0.0564565075994104,0.0207517986327928,17.712749911764707,-0.0435434924005896,3A,bajo,14.0,Palermo,1,62.0,0.2625229897816734,1.6717031285508757,0.0020354411558041,0.3173293561387364,0.7185047022536231,alta,0,2,0.9891465326157676,-0.7483122839755033,0.2659034088082414,0.0457947665791363
2692.3076923076924,0.0721121343689437,0.0351027898381983,13.867291666666668,-0.0278878656310563,4+A,alto,2.0,Recoleta,0,78.0,2.4303610332756898,1.6395378884650298,0.0014373274573867,1.0447534381885877,0.3343869191202226,media,0,0,-0.8547812741951926,0.8134429539834386,-0.4611897655256443,0.6983283760340669
2894.736842105264,0.0495701215803015,0.0144392781152764,20.173442552083333,-0.0504298784196984,4+A,alto,6.0,Caballito,0,95.0,0.1517568501578424,1.3431041126757373,0.0014709557236647,0.6815238874122538,0.2822013725531903,media,0,1,-0.0863520522807522,-0.7356295559697085,0.2558089287791738,0.8541477348851884
2618.4210526315787,0.0685014242943865,0.0317929722698543,14.598236610416668,-0.0314985757056134,4+A,bajo,13.0,Belgrano,0,76.0,0.7470148983596495,1.5232083352370922,0.001811257462251,0.3242107629327673,0.3362126271488234,media,0,2,0.1720737748544063,-0.4487464164241267,-0.5612624645526502,0.6333075042919776
1800.0,0.0631101084934395,0.0268509327856528,15.84532215,-0.0368898915065605,3A,medio,11.0,Villa Del Parque,0,75.0,0.3401855137356464,3.46446397955472,0.0010693665978338,0.579459732816385,2.659087709873237,alta,0,3,-1.3785808661171084,2.1177641799202034,3.21218315794576,-0.3977817953428573
2138.4615384615386,0.0612939902634124,0.0251861577414614,16.314813176666668,-0.0387060097365875,3A,medio,11.0,Villa Del Parque,0,65.0,0.5274823524776099,2.963799205794667,0.0010693665978338,0.579459732816385,2.659087709873237,alta,0,3,-1.1068789341262344,2.0225520811460296,2.9323427238171367,-0.5319489277182663
2709.090909090909,0.0571802996417069,0.0214152746715646,17.488540743333335,-0.042819700358293,3A,medio,12.0,Villa Urquiza,0,55.0,0.8670739744134456,2.260905503915772,0.0016590377581003,0.4997101681025006,0.2333980703538691,media,0,2,-0.0077364762729002,0.1032129189166418,-0.274961597255877,0.2538833546951411
2225.0,0.0660528832153246,0.0295484762807142,15.139384555555552,-0.0339471167846754,2A,medio,11.0,Villa Del Parque,1,40.0,0.1361851824879585,3.1859323631256213,0.0010693665978338,0.579459732816385,2.659087709873237,alta,0,3,-0.8537623631974369,1.8177339010890428,3.150013476964701,-1.2424309587852893
2694.4444444444443,0.058544645170663,0.0226659247397744,17.080981481481484,-0.0414553548293369,monoamb,bajo,15.0,Villa Crespo,3,36.0,0.4499764771995872,0.9057751801691206,0.0016924644253836,0.3560200247570848,0.3145034612612011,media,0,2,0.9254844737313525,-0.9397464377703008,-0.6221022721729587,-0.5664531126738229
4236.078947368421,0.0365202838161152,0.0024769268314389,27.38204349766667,-0.0634797161838847,monoamb,alto,5.0,Almagro,2,38.0,0.1327656484382797,1.6936200398679548,0.0013072260551381,0.7262366972989581,0.8153691824811038,media,0,2,1.24356814650188,-0.0613391071390884,1.060496751144844,-0.8207695322387375
2354.8387096774195,0.0583552373055776,0.0224923008634461,17.136422473333337,-0.0416447626944223,monoamb,alto,1.0,Monserrat,1,31.0,0.1433825423095566,1.6358572431389709,0.0018408245339653,1.3599759089981835,0.497858621461092,alta,0,1,-0.7782214595290572,-1.386630750523147,1.3163401609028489,-0.5252817086262397
5444.444444444444,0.0360560671844718,0.0020513949190991,27.734583333333333,-0.0639439328155281,3A,bajo,14.0,Palermo,3,90.0,1.39842735432657,0.5598407794137705,0.0020354411558041,0.3173293561387364,0.7185047022536231,alta,0,2,3.414154760538164,-0.4004379647334374,-0.2971771706539495,0.2103239193276472
4171.451612903225,0.0428249779244427,0.0082562297640725,23.350858505153848,-0.0571750220755572,monoamb,bajo,14.0,Palermo,1,31.0,0.5757573225432081,1.0756573989582403,0.0020354411558041,0.3173293561387364,0.7185047022536231,alta,0,2,1.9021157533873536,-0.7023336538031559,-0.0807052142231887,-0.4586597734704512
1533.3333333333333,0.0722336350473823,0.0352141654601005,13.84396617094017,-0.0277663649526176,3A,medio,4.0,Barracas,0,60.0,1.4852478031970762,2.496612970979778,0.0003390684780865,0.6643909367912209,0.3621231466264265,media,0,0,-2.173159530398603,2.045388372608357,-0.4322977946419228,0.1990294914736445
1864.406779661017,0.0975152726125488,0.0583889998948364,10.254803921568628,-0.0024847273874511,3A,bajo,14.0,Palermo,0,59.0,1.809938301483482,1.3090247468796232,0.0020354411558041,0.3173293561387364,0.7185047022536231,alta,0,1,-0.4497807454920104,-0.0090224054825036,-0.9935429590777898,0.3789644972201062
2328.7671232876714,0.0501168508624372,0.0149404466239008,19.953368633333334,-0.0498831491375627,3A,medio,11.0,Villa Del Parque,1,73.0,0.6470906268455137,2.846971034596592,0.0010693665978338,0.579459732816385,2.659087709873237,alta,0,3,-0.6274561413080839,2.0523460715933126,2.946727567159966,-0.5273439292001568
2411.764705882353,0.0529894020704062,0.017573618564539,18.87169813071896,-0.0470105979295938,3A,medio,4.0,Barracas,1,51.0,1.4040715982678134,1.4473226615098205,0.0003390684780865,0.6643909367912209,0.3621231466264265,media,0,0,-1.1036707337094216,1.524445423973493,-0.6165042458443295,-0.0789256271215384
2232.1428571428573,0.088606592324789,0.0502227096310566,11.285841987179488,-0.0113934076752109,3A,alto,6.0,Caballito,0,56.0,0.7441382129300362,0.5002630796843159,0.0014709557236647,0.6815238874122538,0.2822013725531903,media,0,1,-0.8666404721092077,-0.9134641185964352,-0.7115754495208132,0.2501459740670551
1973.684210526316,0.1022383757593719,0.0627185111127576,9.781063055555556,0.0022383757593719,2A,bajo,14.0,Palermo,1,38.0,1.3757976639779017,1.421223150073197,0.0020354411558041,0.3173293561387364,0.7185047022536231,alta,0,1,-0.1732731966398845,-0.3026655720487437,-0.7758502086675053,-0.2625848089198214
1568.421052631579,0.0628983296058776,0.0266568021387211,15.898673403030305,-0.0371016703941223,4+A,bajo,7.0,Flores,3,95.0,2.399360163456171,0.9836401429803964,0.0007389240721516,0.4306612690454279,0.2791624172439522,media,0,0,-0.7163413255612355,1.4288539983209547,-1.5759973266955178,0.6537137017511429
2406.25,0.0553237964065865,0.019713480039371,18.07540452666667,-0.0446762035934134,monoamb,alto,1.0,Monserrat,1,32.0,0.0786931867744169,1.303069716235011,0.0018408245339653,1.3599759089981835,0.497858621461092,alta,0,1,-0.7035189314250895,-1.5931841300081826,1.2517804166483568,-0.4817159501857124
3666.6444444444446,0.0438904778187878,0.0092329380005555,22.7839852673451,-0.0561095221812121,2A,bajo,13.0,Belgrano,0,45.0,2.004779686185946,2.88702372413414,0.001811257462251,0.3242107629327673,0.3362126271488234,alta,0,0,1.0467042217974574,1.333796136550641,-0.6730203103789151,0.1452441523460969
2396.551724137931,0.0551645912370712,0.0195675419673152,18.127570196296297,-0.0448354087629288,3A,bajo,7.0,Flores,1,58.0,0.3660557503274902,0.5893125633824785,0.0007389240721516,0.4306612690454279,0.2791624172439522,alta,0,1,-0.5353710948503999,-0.0479367751295626,-0.7281467346869658,0.0889670684346005
2868.4210526315787,0.0586229218803738,0.0227376783903426,17.058173968888887,-0.0413770781196261,2A,bajo,15.0,Chacarita,1,38.0,0.4856887616583777,0.266156913202988,0.0016924644253836,0.3560200247570848,0.3145034612612011,alta,0,2,0.5837257431264992,-1.1542026521906066,-0.9108874493543562,-0.1271971085164309
2935.483870967742,0.0561749317359186,0.0204936874245921,17.80153476111111,-0.0438250682640813,2A,medio,12.0,Saavedra,1,62.0,2.4273188333326416,3.5508903712339013,0.0016590377581003,0.4997101681025006,0.2333980703538691,media,0,0,0.35239386480768,1.8641151865969596,-0.5677414734314935,0.267903850420077
2839.285714285714,0.0696592706955888,0.0328543314709564,14.35559100769231,-0.0303407293044111,3A,alto,6.0,Caballito,0,56.0,1.062810630107769,0.6576335674906585,0.0014709557236647,0.6815238874122538,0.2822013725531903,media,0,1,-0.286422886031225,-0.4974944228693879,-0.7002918119574565,0.2911221335600744
2012.987012987013,0.0824503030317515,0.0445794444457723,12.12851818888889,-0.0175496969682484,3A,alto,6.0,Caballito,0,77.0,0.7554691089872329,0.1579067272474394,0.0014709557236647,0.6815238874122538,0.2822013725531903,media,0,1,-0.9532503499579564,-1.0864807484066683,-0.7580241193240683,0.6897773912953751
2520.0,0.0518404462624681,0.0165204090739291,19.2899574,-0.0481595537375318,monoamb,alto,5.0,Almagro,2,45.0,0.1090029036873714,1.3936690311929938,0.0013072260551381,0.7262366972989581,0.8153691824811038,media,0,1,-0.1054283067960231,-0.3978367682095794,0.7887534482510938,-0.5451729072875644
1454.5454545454545,0.0873286126277969,0.0490512282421471,11.451000650406504,-0.0126713873722031,3A,alto,3.0,San Cristobal,0,55.0,0.5133176749640134,1.3455966853296168,0.0010344625327268,0.9331491918927998,0.3306390495886265,media,0,1,-2.0476716906150365,-0.2944944973539001,0.0070296908109539,0.1066422148840828
1410.2564102564102,0.1006893094599875,0.0612985336716552,9.931540948717949,0.0006893094599875,2A,alto,3.0,Balvanera,0,39.0,0.2323197744558384,2.672133764748462,0.0010344625327268,0.9331491918927998,0.3306390495886265,alta,0,1,-2.240906732294373,0.15501607062043,0.5169631860384066,-0.3679437830398561
2779.6610169491523,0.0675355124426745,0.0309075530724517,14.807024687179489,-0.0324644875573254,3A,alto,6.0,Caballito,2,59.0,0.8528787336220053,1.1068313155102676,0.0014709557236647,0.6815238874122538,0.2822013725531903,media,0,2,0.1655672019261151,-0.4956030867775211,-0.3509835273079365,-0.0750811763991289
2556.818181818182,0.04165267160567,0.0071816156385308,24.00806386363637,-0.0583473283943299,4+A,bajo,7.0,Flores,0,88.0,2.322919626632037,0.2224179517214756,0.0007389240721516,0.4306612690454279,0.2791624172439522,media,0,0,-0.5457256812748178,1.2451445471532132,-1.760308950590037,1.1163764295119123
3660.0,0.0419009736718737,0.0074092258658842,23.865793855555555,-0.0580990263281262,2A,bajo,14.0,Palermo,1,50.0,0.7509094587736288,1.2984280516223825,0.0020354411558041,0.3173293561387364,0.7185047022536231,alta,0,2,1.538777905410513,-0.4983971491198637,-0.0646968231198275,-0.0671825959157609
2840.0,0.0449996223000004,0.0102496537750004,22.22240874230604,-0.0550003776999995,2A,alto,2.0,Recoleta,1,50.0,0.6713580931692995,2.105512232951999,0.0014373274573867,1.0447534381885877,0.3343869191202226,alta,0,1,-0.3067410134404606,-0.1201123768601879,0.6941983620554275,-0.1357748483015644
2285.714285714286,0.0532491540413395,0.0178117245378946,18.77964106666667,-0.0467508459586604,monoamb,alto,5.0,Almagro,1,35.0,0.236803120684288,2.103060208420991,0.0013072260551381,0.7262366972989581,0.8153691824811038,alta,0,1,-0.5655932454527262,0.0932924227813774,0.8818983947717832,-0.5527060324946821
3791.139240506329,0.0589898928894531,0.0230740684819986,16.952056547619048,-0.0410101071105468,3A,bajo,14.0,Palermo,2,79.0,0.6025892031094838,1.4779400349506384,0.0020354411558041,0.3173293561387364,0.7185047022536231,alta,0,2,1.7556321240969337,-0.6241784497327925,0.1576029851856882,0.1166105060716502
3285.714285714286,0.0370428897678884,0.002955982287231,26.99573403333333,-0.0629571102321116,3A,medio,11.0,Villa Del Parque,0,70.0,0.1828795645259217,3.574116285715088,0.0010693665978338,0.579459732816385,2.659087709873237,alta,0,3,-0.1025019603348786,2.2497874814366323,3.5432836626607376,-0.5737748039162747
2175.824175824176,0.0688473910837521,0.0321101084934394,14.5248786375,-0.0311526089162478,4+A,alto,6.0,Caballito,0,91.0,1.1407857664883396,0.8773645240599588,0.0014709557236647,0.6815238874122538,0.2822013725531903,media,0,1,-0.7514568307127256,-0.383044196264969,-0.5888082340662152,0.9588505062368552
2868.8524590163934,0.0584219290053554,0.0225534349215758,17.11686034722222,-0.0415780709946445,3A,medio,12.0,Villa Urquiza,3,61.0,0.8244996003074642,2.174584561308899,0.0016590377581003,0.4997101681025006,0.2333980703538691,alta,0,2,0.8434397227388126,-0.0985406926382133,-0.1595930748115519,-0.2177183301861715
1931.8181818181813,0.0701635912074121,0.0333166252734611,14.252406166666669,-0.0298364087925878,2A,alto,5.0,Almagro,0,44.0,1.0051748514492664,1.1421917161381887,0.0013072260551381,0.7262366972989581,0.8153691824811038,alta,0,1,-1.1662338789088045,0.0952060972697107,0.0333100619329085,-0.0640290435373305
2540.5405405405404,0.0570568084435126,0.0213020744065532,17.526392156862745,-0.0429431915564873,3A,bajo,14.0,Palermo,3,74.0,1.2334783486833691,1.1381180146068226,0.0020354411558041,0.3173293561387364,0.7185047022536231,alta,0,2,1.1153043617585856,-0.458113771485946,-0.3832152818402996,0.1168519270623322
3971.96261682243,0.031886345192717,-0.0017708502400093,31.361386636070243,-0.0681136548072829,4+A,alto,6.0,Caballito,2,214.0,0.2152403256938389,0.6246646391680961,0.0014709557236647,0.6815238874122538,0.2822013725531903,media,0,2,1.4150836889792406,-1.0876716885449067,0.6155730845574743,2.527639454963722
2211.538461538461,0.0692702038659513,0.032497686877122,14.436221408199645,-0.0307297961340486,3A,bajo,7.0,Parque Chacabuco,0,52.0,0.4233511016009892,1.622341849323414,0.0007389240721516,0.4306612690454279,0.2791624172439522,media,0,1,-1.0689838353887176,0.5160866012423063,-0.5134411803132348,0.05137746795166
4573.673469387755,0.0262313444565788,-0.0069546009148027,38.122331154444446,-0.0737686555434211,monoamb,alto,5.0,Almagro,2,49.0,0.1327656484382797,1.6936200398679548,0.0013072260551381,0.7262366972989581,0.8153691824811038,media,0,2,1.5748479079386208,-0.0095266841672106,1.1687785658766856,-0.6287057991658602
3170.74,0.0376183808992855,0.003483515824345,26.58274960523333,-0.0623816191007144,2A,alto,5.0,Almagro,2,50.0,0.1327656484382797,1.6936200398679548,0.0013072260551381,0.7262366972989581,0.8153691824811038,alta,0,2,0.4690089812902745,-0.1357852752972034,1.0113731356361488,-0.4967243222927449
3437.5,0.0542173204784548,0.0186992104385836,18.44429033333333,-0.0457826795215451,2A,bajo,14.0,Palermo,0,32.0,0.1331054042102576,1.7410596337403546,0.0020354411558041,0.3173293561387364,0.7185047022536231,alta,0,2,1.0135927729095962,-0.7148347554653611,0.2601197653836291,-0.3373130097446323
1778.9473684210527,0.1045412598839716,0.064829488226974,9.56560119047619,0.0045412598839716,3A,bajo,14.0,Palermo,0,95.0,0.3388024526175294,1.143486072509768,0.0020354411558041,0.3173293561387364,0.7185047022536231,alta,0,1,-0.5293976070320154,-1.198667908411346,-0.1723817481814737,0.7857900971927888
2285.714285714286,0.0532491540413395,0.0178117245378946,18.77964106666667,-0.0467508459586604,monoamb,alto,5.0,Almagro,1,35.0,0.236803120684288,2.103060208420991,0.0013072260551381,0.7262366972989581,0.8153691824811038,alta,0,1,-0.5655932454527262,0.0932924227813774,0.8818983947717832,-0.5527060324946821
2789.4736842105262,0.0562632571002833,0.0205746523419263,17.773588866666667,-0.0437367428997166,2A,alto,6.0,Caballito,2,38.0,0.4832145733431455,0.1698686002176637,0.0014709557236647,0.6815238874122538,0.2822013725531903,alta,0,2,0.2885108212028258,-1.1961211344528755,-0.5188176147950466,-0.3542982253191077
2444.4444444444443,0.0645444291410176,0.0281657267125995,15.493203880000005,-0.0354555708589823,monoamb,alto,5.0,Almagro,1,27.0,0.0932356848242462,1.7162087162616366,0.0013072260551381,0.7262366972989581,0.8153691824811038,alta,0,1,-0.5275715442731986,-0.2390283279640881,0.7598433125829378,-0.7431274844482485
1704.5454545454545,0.1009569881165211,0.0615439057734777,9.905208333333333,0.0009569881165211,4+A,alto,2.0,Recoleta,1,88.0,0.9478240781333956,1.9493643353508727,0.0014373274573867,1.0447534381885877,0.3343869191202226,media,0,1,-1.5452243803887074,-0.2981024549538418,0.312491036746425,0.4490521577531782
1691.1764705882354,0.0740857795357768,0.036911964574462,13.497867016666667,-0.0259142204642232,3A,medio,11.0,Villa Devoto,1,68.0,0.5503394374307872,4.181314124653275,0.0010693665978338,0.579459732816385,2.659087709873237,alta,0,3,-1.3300306294136073,2.5572306012356094,3.309729072188893,-0.7676446220850079
2279.6610169491523,0.0633447185621883,0.0270659920153393,15.786635771666669,-0.0366552814378116,3A,medio,11.0,Villa Devoto,0,59.0,0.7220430530335773,4.379292704508528,0.0010693665978338,0.579459732816385,2.659087709873237,alta,0,3,-1.0789140103416404,2.905720144975743,3.3163298833581063,-0.7526878211384679
2266.6666666666665,0.0626460635780465,0.026425558279876,15.962694906666668,-0.0373539364219534,monoamb,alto,3.0,San Cristobal,3,30.0,0.0622893886392187,0.6226933010334911,0.0010344625327268,0.9331491918927998,0.3306390495886265,alta,0,1,-0.5091111670317459,-0.9698245481622588,0.1576743904981918,-0.8560700788574281
1927.3809523809523,0.0731792697812346,0.0360809972994651,13.665072130255522,-0.0268207302187653,3A,bajo,15.0,Chacarita,0,84.0,0.4856887616583777,0.266156913202988,0.0016924644253836,0.3560200247570848,0.3145034612612011,media,0,1,-0.4344555296814793,-1.2467804381586105,-0.9116073805597754,0.8845543995902558
2402.5974025974024,0.0736853158626104,0.0365448728740595,13.571224989583332,-0.0263146841373895,4+A,bajo,13.0,Belgrano,1,77.0,0.1811825089054225,1.2457252925772755,0.001811257462251,0.3242107629327673,0.3362126271488234,media,0,2,0.236748922036267,-1.0735900305113195,-0.3619168015027546,0.4166955209363789
3571.428571428572,0.0453256799199882,0.0105485399266558,22.062548245614035,-0.0546743200800117,4+A,bajo,14.0,Palermo,1,70.0,1.582946137172121,1.2797875463921635,0.0020354411558041,0.3173293561387364,0.7185047022536231,media,0,2,1.4520949734218962,0.0580582715174193,-0.4643272974468176,0.3813993465409885
3333.911111111111,0.0391845853796267,0.0049192032646578,25.520239408222224,-0.0608154146203732,monoamb,alto,5.0,Almagro,2,45.0,0.1327656484382797,1.6936200398679548,0.0013072260551381,0.7262366972989581,0.8153691824811038,media,0,2,0.572362102772173,-0.1289850333450229,1.000632043048579,-0.607620880125295
2777.777777777778,0.0624790074085051,0.0262724234577963,16.00537590909091,-0.0375209925914949,monoamb,bajo,15.0,Villa Crespo,3,27.0,0.6111515702664791,1.465508585368238,0.0016924644253836,0.3560200247570848,0.3145034612612011,alta,0,2,0.9277672177573776,-0.5363811018916541,-0.5492184828973876,-0.7718113530277989
2617.5115207373274,0.0599990468071431,0.0239991262398812,16.666931446666666,-0.0400009531928568,3A,bajo,13.0,Colegiales,1,54.25,0.803584300126753,0.6943511929367556,0.001811257462251,0.3242107629327673,0.3362126271488234,alta,0,2,0.5036053773239788,-0.8408885711690298,-0.9013744229823188,0.1951047901725908
2554.054054054054,0.0450786489238853,0.0103220948468949,22.18345101,-0.0549213510761146,3A,medio,11.0,Villa Gral. Mitre,0,74.0,1.8654056335691247,0.5374507930246701,0.0010693665978338,0.579459732816385,2.659087709873237,alta,0,3,-0.5929391524731724,1.7908610149599686,1.4817847362841094,0.0276419030412347
2100.0,0.0721258382782165,0.0351153517550318,13.86465688125,-0.0278741617217834,4+A,alto,6.0,Caballito,0,90.0,1.7124045499156313,1.17537585412274,0.0014709557236647,0.6815238874122538,0.2822013725531903,media,0,1,-0.8486737632402107,0.1655710557542915,-0.810310471143313,0.9881937264352753
1755.5555555555557,0.0776493993109154,0.0401786160350058,12.878399689814811,-0.0223506006890845,monoamb,alto,1.0,Monserrat,0,45.0,0.4478432775140702,1.239222845710657,0.0018408245339653,1.3599759089981835,0.497858621461092,alta,0,1,-1.5902737140434589,-1.4478639063333003,0.9054250247087298,-0.0433045556209413
3292.4528301886794,0.0687028214259993,0.0319775863071661,14.55544298245614,-0.0312971785740006,4+A,bajo,14.0,Palermo,2,106.0,0.7172366462205676,0.8252642323741897,0.0020354411558041,0.3173293561387364,0.7185047022536231,alta,0,2,1.3559155162689702,-0.9636902091866192,-0.1191964972757045,0.6618030396056901
3068.181818181818,0.0467393463502412,0.0118444008210545,21.39525,-0.0532606536497587,monoamb,bajo,13.0,Nuñez,2,44.0,1.88667973714528,2.889416066309669,0.001811257462251,0.3242107629327673,0.3362126271488234,alta,0,2,1.0830793849126612,1.1196175131436374,-0.6110739563602308,-0.19726083515858
1828.571428571429,0.0632333704240907,0.0269639228887498,15.81443458245614,-0.0367666295759092,3A,alto,1.0,San Nicolas,0,70.0,0.167287950526813,1.3246722682785956,0.0018408245339653,1.3599759089981835,0.497858621461092,alta,0,1,-1.4119163605699163,-1.5605523717310368,1.2389755372738522,0.3906198104721379
1950.0,0.1092290339309529,0.0691266144367069,9.155075020000002,0.0092290339309529,monoamb,alto,1.0,Monserrat,0,20.0,0.2313305621350136,1.4456214019696625,0.0018408245339653,1.3599759089981835,0.497858621461092,alta,0,1,-1.7163424060241512,-1.585104573602269,0.8957353000336129,-0.6750044611220666
1944.4444444444443,0.0559876819634656,0.0203220417998434,17.861071666666668,-0.0440123180365343,2A,medio,11.0,Villa Santa Rita,0,54.0,1.2075282124596758,1.9814727163048664,0.0010693665978338,0.579459732816385,2.659087709873237,alta,0,3,-1.1801897590398849,2.0095605181354643,2.183478314346455,-0.4984271292732395
3636.0,0.0502113663756148,0.0150270858443136,19.9158093512,-0.0497886336243851,2A,bajo,13.0,Colegiales,2,56.0,0.1538543794749425,1.437968588052022,0.001811257462251,0.3242107629327673,0.3362126271488234,media,0,2,1.5430198729199245,-0.8637835786180527,-0.1283008061352898,-0.1858233221959984
2906.6666666666665,0.0537376783903426,0.0182595385244807,18.60891705696969,-0.0462623216096573,monoamb,medio,11.0,Villa Del Parque,0,30.0,0.1338716880446905,3.292581418985808,0.0010693665978338,0.579459732816385,2.659087709873237,alta,0,3,-0.5183801836731291,2.005923286313901,3.227199366949153,-1.2642226239840018
2303.3898305084745,0.0564229446795651,0.0207210326229346,17.72328625666667,-0.0435770553204349,3A,bajo,7.0,Parque Chacabuco,1,59.0,0.4116612252591467,1.0775731496359575,0.0007389240721516,0.4306612690454279,0.2791624172439522,alta,0,1,-0.6310898804672603,0.2291062301729124,-0.5870499671514257,0.0763100624058338
2352.9411764705883,0.0638989848496074,0.0275740694454735,15.64970088888889,-0.0361010151503925,2A,medio,11.0,Villa Devoto,0,34.0,1.1222832973174144,4.144022938590815,0.0010693665978338,0.579459732816385,2.659087709873237,media,0,3,-1.0377752905075672,3.085284403975802,2.932284930001895,-1.1145606551707532
2851.851851851852,0.0652820797597721,0.0288419064464578,15.318139429378531,-0.0347179202402278,monoamb,alto,6.0,Caballito,3,27.0,0.9195525184778196,0.9745915446328692,0.0014709557236647,0.6815238874122538,0.2822013725531903,alta,0,2,0.4692149431138377,-0.5293062410887354,-0.5031457690135402,-0.7806424237552522
2365.0793650793653,0.0800524194983896,0.0423813845401905,12.491814816666668,-0.0199475805016103,3A,bajo,13.0,Belgrano,1,63.0,0.7627555666261828,1.6650332932492855,0.001811257462251,0.3242107629327673,0.3362126271488234,alta,0,2,0.1315228452584111,-0.456278799679222,-0.6013082295302765,0.1984002899068256
1857.142857142857,0.0589836783227146,0.0230683717958217,16.95384262962963,-0.0410163216772854,3A,bajo,7.0,Flores,0,70.0,1.9098075656791784,1.6850844099269502,0.0007389240721516,0.4306612690454279,0.2791624172439522,alta,0,0,-1.2503301158910092,1.61862802474083,-1.208274544836165,0.6381733191031121
2815.4779093271727,0.0421624070973478,0.0076488731725688,23.71781093264249,-0.0578375929026521,3A,alto,5.0,Almagro,1,69.26,0.7811823892274674,0.7585378387141807,0.0013072260551381,0.7262366972989581,0.8153691824811038,alta,0,1,-0.0301133017951151,-0.1666337625483801,0.3218814051407344,0.2020077157396318
2483.333333333333,0.0543212846596215,0.0187945109379864,18.40899025614036,-0.0456787153403784,2A,alto,6.0,Caballito,2,60.0,0.9912110545886296,1.0458236661113982,0.0014709557236647,0.6815238874122538,0.2822013725531903,media,0,2,0.0561309586767038,-0.398395526183645,-0.4152264357195193,0.0580943196106539
2837.837837837838,0.0543648506022057,0.0188344463853552,18.39423798507463,-0.0456351493977942,monoamb,alto,6.0,Caballito,3,37.0,1.0874756492148263,1.3307389397441147,0.0014709557236647,0.6815238874122538,0.2822013725531903,media,0,2,0.5351517910459478,-0.1894439798636983,-0.3873935172661007,-0.5690256429924277
2393.939393939394,0.0647078327590962,0.0283155133625048,15.454079627777777,-0.0352921672409038,2A,alto,6.0,Caballito,0,33.0,2.003269122609947,0.7456051327858861,0.0014709557236647,0.6815238874122538,0.2822013725531903,alta,0,0,-0.5936802413515684,0.2254381860974725,-1.2710695515168702,0.0934871153882379
2396.0,0.0711174010568809,0.0341909509688075,14.061256248666668,-0.0288825989431191,monoamb,alto,5.0,Almagro,0,25.0,1.3128142558211742,1.2167533287850998,0.0013072260551381,0.7262366972989581,0.8153691824811038,alta,0,1,-0.8526330689598073,0.3890536076684661,-0.1381978934052616,-0.4102497046443023
2307.692307692308,0.0638989848496074,0.0275740694454735,15.64970088888889,-0.0361010151503925,3A,bajo,15.0,Villa Crespo,0,52.0,0.4093689595110359,0.6824688134602811,0.0016924644253836,0.3560200247570848,0.3145034612612011,media,0,1,-0.1179703396293104,-1.0092729233297566,-0.7692759957774987,0.2915687123745389
2187.5,0.0791130288614188,0.0415202764563005,12.640143025641027,-0.0208869711385812,2A,bajo,15.0,Villa Crespo,0,32.0,0.1788663148808527,1.222043675544492,0.0016924644253836,0.3560200247570848,0.3145034612612011,alta,0,1,-0.3535493807523293,-0.944025686681841,-0.595613660182797,-0.1768945725391978
3000.0,0.0460533224141315,0.0112155455462872,21.71395998333333,-0.0539466775858684,3A,medio,12.0,Villa Urquiza,0,74.0,0.8670739744134456,2.260905503915772,0.0016590377581003,0.4997101681025006,0.2333980703538691,alta,0,2,0.3005058711841311,0.150863301215885,-0.1383773885711824,0.5909391342840687
2592.5925925925926,0.0685065276504965,0.0317976503462884,14.597149122807018,-0.0314934723495034,4+A,bajo,14.0,Palermo,0,135.0,0.3431871830197072,1.075290225981793,0.0020354411558041,0.3173293561387364,0.7185047022536231,alta,0,2,0.3668761691785075,-1.072595196488063,0.154982060502337,1.5331245900857475
3172.4137931034484,0.0555643346518325,0.0199339734308465,17.997156022222224,-0.0444356653481674,monoamb,medio,12.0,Coghlan,0,29.0,1.2898143700822,2.324827230802214,0.0016590377581003,0.4997101681025006,0.2333980703538691,alta,0,2,0.3211544986163883,0.4870826297122936,-0.5268607861718103,-0.1835183832835567
3333.333333333333,0.0464719889815327,0.0115993232330716,21.518338722222225,-0.0535280110184672,monoamb,medio,12.0,Villa Urquiza,0,33.0,1.0134416416400458,2.395628958030338,0.0016590377581003,0.4997101681025006,0.2333980703538691,alta,0,2,0.5108773546404264,0.3671333454755452,-0.2902992753960978,-0.1379613072252627
3989.74358974359,0.0410661856359945,0.0066440034996616,24.350934583111115,-0.0589338143640054,2A,medio,12.0,Villa Urquiza,1,39.0,0.9871082293990254,2.3367567212794103,0.0016590377581003,0.4997101681025006,0.2333980703538691,alta,0,2,1.2808627377495077,0.330678091407048,-0.1688169269588512,-0.2717356671934492
4125.0,0.0559385052555486,0.0202769631509195,17.87677370769231,-0.0440614947444513,monoamb,bajo,14.0,Palermo,1,24.0,0.1530399956274824,1.5982775514203962,0.0020354411558041,0.3173293561387364,0.7185047022536231,alta,0,2,1.7455801226399936,-0.778538227711184,0.2507944531795198,-0.730271859574901
4444.444444444444,0.0390493796303156,0.0047952646611227,25.608601454545457,-0.0609506203696843,monoamb,medio,11.0,Villa Devoto,7,27.0,1.3949481254662064,4.520004917654067,0.0010693665978338,0.579459732816385,2.659087709873237,alta,0,3,2.3759509392279505,3.3985851705579253,3.385394960332963,-2.650984024752576
823.0769230769231,0.1137498617705518,0.0732707066230058,8.791219474333333,0.0137498617705518,4+A,alto,1.0,San Nicolas,1,91.0,0.3972370220886044,2.22860974709661,0.0018408245339653,1.3599759089981835,0.497858621461092,media,0,1,-2.3160774463553424,-1.22328516788207,1.263178769566461,0.4158601535491278
1462.174189446917,0.0802595944970915,0.0425712949556672,12.459569553846151,-0.0197404055029084,2A,alto,3.0,San Cristobal,0,47.19,0.7562554180566204,1.319024155363654,0.0010344625327268,0.9331491918927998,0.3306390495886265,alta,0,1,-1.9918081493841315,-0.1039100064356847,-0.131717048501222,0.0388792580289137
1650.0,0.09298270462055,0.0542341459021708,10.75468824101069,-0.0070172953794499,2A,alto,1.0,Monserrat,1,40.0,0.2481609181085443,2.223970781748992,0.0018408245339653,1.3599759089981835,0.497858621461092,alta,0,1,-1.5792285204593135,-1.1784325663592905,1.3077609878045688,-0.4763405268685044
2398.039011160947,0.0407649026153795,0.0063678273974312,24.530906143333336,-0.0592350973846204,4+A,bajo,7.0,Flores,1,95.87,2.321133893734369,1.5676719395627114,0.0007389240721516,0.4306612690454279,0.2791624172439522,media,0,0,-0.4544454319083262,1.893656029873612,-1.2285660739673645,0.9751020357858976
3000.0,0.0527420192409458,0.017346850970867,18.96021453846154,-0.0472579807590541,3A,alto,6.0,Caballito,3,70.0,1.4157514145006946,0.8999694547239451,0.0014709557236647,0.6815238874122538,0.2822013725531903,media,0,2,0.6964615722604144,-0.1824099071085038,-0.5778156786797329,0.0599446829666405
3000.0,0.0523149583564038,0.0169553784933701,19.1149918,-0.0476850416435962,2A,alto,5.0,Boedo,1,38.0,0.4196964172388199,1.427581558606206,0.0013072260551381,0.7262366972989581,0.8153691824811038,alta,0,1,-0.0148479584310616,-0.0843799147509344,0.6163656162557891,-0.4999054665664125
1920.4545454545453,0.0926961273551639,0.0539714500755669,10.787937193627451,-0.007303872644836,4+A,bajo,14.0,Palermo,0,88.0,0.7172366462205676,0.8252642323741897,0.0020354411558041,0.3173293561387364,0.7185047022536231,media,0,1,-0.3286714423420887,-1.038510944832077,-0.454822990541904,0.7797513867180474
2457.627118644068,0.0696255090458766,0.0328233832920536,14.362552083333334,-0.0303744909541233,3A,bajo,15.0,Chacarita,1,59.0,0.4856887616583777,0.266156913202988,0.0016924644253836,0.3560200247570848,0.3145034612612011,alta,0,2,0.2107028431110957,-1.2307695156393572,-0.912667748372766,0.229640563114314
1837.209302325581,0.0754924715522789,0.0382014322562556,13.246353966666666,-0.0245075284477211,2A,alto,6.0,Caballito,0,43.0,0.7319854233902964,1.442271659851461,0.0014709557236647,0.6815238874122538,0.2822013725531903,alta,0,1,-1.0924259782151988,-0.3982211891380404,-0.3959933116497169,0.0517966877013936
2769.230769230769,0.0733655011236234,0.0362517093633214,13.630384645161293,-0.0266344988763766,4+A,bajo,13.0,Colegiales,0,65.0,0.3831002386387773,1.256029400693236,0.001811257462251,0.3242107629327673,0.3362126271488234,media,0,2,0.2505287491567598,-0.8513765081206722,-0.5089229737040841,0.3811880677481137
2064.516129032258,0.0632333704240907,0.0269639228887498,15.81443458245614,-0.0367666295759092,2A,alto,6.0,Caballito,0,62.0,1.3142615397651731,1.251944412917799,0.0014709557236647,0.6815238874122538,0.2822013725531903,media,0,1,-0.819027646749316,-0.0331957367030289,-0.639075644827025,0.4956448146931179
2076.923076923077,0.0560102212879275,0.0203427028472669,17.85388411267606,-0.0439897787120724,2A,bajo,7.0,Flores,0,52.0,2.294323106228851,1.6579864663165054,0.0007389240721516,0.4306612690454279,0.2791624172439522,alta,0,0,-1.0793490823471406,1.91354861715554,-1.458210196532232,0.373680008522316
3222.222222222222,0.0528819184962268,0.0174750919548746,18.910055240740743,-0.0471180815037731,2A,bajo,14.0,Palermo,0,45.0,1.1768364820656043,0.9662294050538912,0.0020354411558041,0.3173293561387364,0.7185047022536231,alta,0,2,0.8955475448389266,-0.3883928011402522,-0.5396833343556177,0.1203478196238198
2272.7272727272725,0.0681589171729146,0.031479007408505,14.671594583333334,-0.0318410828270853,2A,alto,2.0,Recoleta,0,33.0,0.3307849042908215,2.923005729345281,0.0014373274573867,1.0447534381885877,0.3343869191202226,alta,0,1,-1.1828785802527566,-0.0032781549483585,0.9371929638676616,-0.3901163430840543
2962.962962962963,0.0532491540413395,0.0178117245378946,18.77964106666667,-0.0467508459586604,monoamb,alto,3.0,Balvanera,1,27.0,0.2827794361471435,2.134359358228442,0.0010344625327268,0.9331491918927998,0.3306390495886265,alta,0,1,-0.4833935914800239,0.1409140957253116,0.6018119106513244,-0.6784520501481118
2206.896551724138,0.0798737310620093,0.0422175868068419,12.519760711111113,-0.0201262689379906,2A,medio,12.0,Saavedra,1,58.0,2.8029068647809234,3.792554259335775,0.0016590377581003,0.4997101681025006,0.2333980703538691,media,0,0,-0.3760907401230155,2.1308152695200544,-0.8503106991647549,0.2122211055910905
2875.0,0.0548679283241963,0.0192956009638466,18.225583333333333,-0.0451320716758037,monoamb,bajo,13.0,Colegiales,1,40.0,0.7483986821616883,0.6280708995151272,0.001811257462251,0.3242107629327673,0.3362126271488234,alta,0,2,0.7259542451552148,-0.87287502294331,-0.9053931684797768,-0.0565535647623502
2071.428571428572,0.0558198028571283,0.0201681526190343,17.914789175438596,-0.0441801971428716,3A,alto,1.0,San Nicolas,0,70.0,0.3075276577990964,2.314562803612453,0.0018408245339653,1.3599759089981835,0.497858621461092,alta,0,1,-1.2162804988565568,-0.9012161836053134,1.567332497284616,0.3297546064961717
3013.157894736842,0.0684089324149462,0.0317081880470341,14.617974067104656,-0.0315910675850537,4+A,bajo,14.0,Palermo,2,76.0,0.4952040270321743,1.0811403088424991,0.0020354411558041,0.3173293561387364,0.7185047022536231,media,0,2,1.132053528633007,-0.9877788598742292,-0.0392846483007565,0.1349452971913814
2171.875,0.0858115863687774,0.0476606208380459,11.653437983333337,-0.0141884136312225,2A,bajo,14.0,Palermo,0,32.0,0.6920099964909269,1.276446487885491,0.0020354411558041,0.3173293561387364,0.7185047022536231,alta,0,1,-0.1388521700306622,-0.7494106591736236,-0.4339707189464798,-0.2121955631827748
1824.3243243243244,0.1028265619705308,0.0632576818063199,9.725113636363636,0.0028265619705308,2A,alto,1.0,Monserrat,1,74.0,0.1457731555871518,1.4285480594183095,0.0018408245339653,1.3599759089981835,0.497858621461092,alta,0,1,-1.4811978391661489,-1.7118708251622234,1.17614941022266,0.0910124840081242
4521.323529411765,0.0440777255062766,0.0094045817140869,22.68719605002305,-0.0559222744937233,4+A,alto,6.0,Caballito,6,136.0,1.5763963224382491,1.356635116964391,0.0014709557236647,0.6815238874122538,0.2822013725531903,media,0,2,2.621906814977897,0.1294653492538378,-0.0088028628847304,0.4721508854856469
3038.4615384615386,0.0593155133625048,0.0233725539156294,16.858995957575758,-0.0406844866374951,monoamb,alto,2.0,Recoleta,1,26.0,0.2347148418322014,3.280227615334654,0.0014373274573867,1.0447534381885877,0.3343869191202226,alta,0,1,-0.3286978794190688,0.1541918967460547,1.2203989567732012,-0.7869973294487951
4565.714285714285,0.0379062533603959,0.0037473989136962,26.38087152777777,-0.062093746639604,4+A,bajo,13.0,Belgrano,0,175.0,1.1835927534127773,1.735411277521488,0.001811257462251,0.3242107629327673,0.3362126271488234,alta,0,2,1.8644917983516716,0.1481795898501433,-0.0795295348396571,2.260235628594292
2500.0,0.0631101084934395,0.0268509327856528,15.84532215,-0.0368898915065605,3A,bajo,13.0,Belgrano,0,54.0,2.4721155634253384,2.4147061547619386,0.001811257462251,0.3242107629327673,0.3362126271488234,alta,0,0,0.0689194425080389,1.275980902905002,-1.231372652022537,0.453904236627503
3316.831683168317,0.0235249993973679,-0.0094354172190793,42.507971333333344,-0.076475000602632,4+A,medio,11.0,Villa Devoto,2,202.0,0.9389777316144056,3.9537227568485287,0.0010693665978338,0.579459732816385,2.659087709873237,media,0,3,0.567524939031882,2.881910902348788,3.8696811392672297,1.42556678318351
4196.428571428572,0.0435056918124987,0.0088802174947904,22.98549818055556,-0.0564943081875012,3A,medio,12.0,Saavedra,0,56.0,2.2097045735913463,3.228477206428166,0.0016590377581003,0.4997101681025006,0.2333980703538691,alta,0,0,1.1306047732616238,1.7078226901011713,-0.4652744656648312,0.2548491524213669
3666.6666666666665,0.0503446547299937,0.0151492668358276,19.863081897435897,-0.0496553452700062,3A,alto,6.0,Caballito,3,60.0,0.7299258573794802,1.0455977694900704,0.0014709557236647,0.6815238874122538,0.2822013725531903,media,0,2,1.1934341045553711,-0.5426327061517617,-0.1310898683773574,-0.282212373890906
3013.698630136986,0.0464719889815327,0.0115993232330716,21.518338722222225,-0.0535280110184672,2A,medio,12.0,Saavedra,0,73.0,2.105091296309056,3.133590406929151,0.0016590377581003,0.4997101681025006,0.2333980703538691,media,0,0,0.2633841380509223,1.492311718175723,-0.491531123295555,0.6633721494295292
4137.931034482759,0.0425993232330716,0.0080493796303156,23.47455133333333,-0.0574006767669283,2A,bajo,13.0,Colegiales,1,58.0,0.6441102712313256,0.820391267417173,0.001811257462251,0.3242107629327673,0.3362126271488234,media,0,2,1.7408572181342412,-0.736398401957244,-0.5631470009029946,0.1241392611632216
3646.4088397790056,0.041065747596681,0.0066436019636243,24.351194329183954,-0.0589342524033189,4+A,alto,6.0,Caballito,1,181.0,0.997112538009688,0.7195815583697541,0.0014709557236647,0.6815238874122538,0.2822013725531903,media,0,2,0.8334436145296054,-0.4709945837485223,0.0186710789390508,2.2461819143722246
1964.2857142857144,0.1084346409569096,0.0683984208771672,9.222145166666667,0.0084346409569096,2A,bajo,14.0,Palermo,0,28.0,0.5457232314727664,0.7376370295871485,0.0020354411558041,0.3173293561387364,0.7185047022536231,alta,0,1,-0.4473854128878188,-1.228752801733899,-0.6695732024534481,-0.3286495270824049
2152.1739130434785,0.089229661214097,0.0507938561129222,11.207035714285713,-0.0107703387859029,3A,bajo,14.0,Palermo,2,92.0,0.7172366462205676,0.8252642323741897,0.0020354411558041,0.3173293561387364,0.7185047022536231,alta,0,2,0.3608325684723987,-1.0994038017222707,-0.3451509301554419,0.4683475462498951
1859.375,0.0930741516016691,0.05431797230153,10.74412157179487,-0.0069258483983308,3A,alto,6.0,Caballito,0,64.0,1.1388527174928784,0.8718827886728409,0.0014709557236647,0.6815238874122538,0.2822013725531903,media,0,1,-1.1850098241906108,-0.4800445647014175,-0.8091205976087928,0.4319861971942925
3796.296296296296,0.0311702365120036,-0.0024272831973299,32.08188682222222,-0.0688297634879963,2A,medio,12.0,Saavedra,1,54.0,2.389072343830396,3.4538881720904486,0.0016590377581003,0.4997101681025006,0.2333980703538691,alta,0,0,1.1723726649575512,1.933672196426491,-0.4407338761426191,0.1431419846882245
3321.8390804597702,0.0523998208217238,0.0170331690865801,19.08403472222222,-0.0476001791782762,3A,medio,12.0,Coghlan,1,87.0,1.619607235884592,2.6837698142667565,0.0016590377581003,0.4997101681025006,0.2333980703538691,media,0,2,0.7147805142027586,0.8562964475292812,-0.3094506634877382,0.6281313800951493
2884.6153846153848,0.0681589171729146,0.031479007408505,14.671594583333334,-0.0318410828270853,monoamb,medio,12.0,Saavedra,2,26.0,1.828528369164228,2.849545798392182,0.0016590377581003,0.4997101681025006,0.2333980703538691,alta,0,0,0.4800255338453692,0.999668555666172,-0.6489844258519331,-0.5947228259002557
1500.0,0.1157018655713057,0.0750600434403636,8.642902990909091,0.0157018655713057,2A,alto,3.0,Balvanera,0,27.0,0.2160593742901587,2.3870452641803133,0.0010344625327268,0.9331491918927998,0.3306390495886265,alta,0,1,-2.289079007776396,-0.0485955708900895,0.3284796711437825,-0.6258806736878272
2042.5531914893616,0.0798737310620093,0.0422175868068419,12.519760711111113,-0.0201262689379906,3A,bajo,15.0,Paternal,0,47.0,1.4646697362211387,2.1027786108362982,0.0016924644253836,0.3560200247570848,0.3145034612612011,media,0,0,-0.5006000164334992,0.4161830129248676,-0.9281788733406364,0.1901277090979437
1400.0,0.0912842640708678,0.0526772420649621,10.954790622222225,-0.0087157359291321,2A,bajo,15.0,Villa Crespo,1,50.0,0.5723998191705201,0.9620318992923638,0.0016924644253836,0.3560200247570848,0.3145034612612011,alta,0,1,-0.757730470732943,-0.9427719937525152,-0.91581105584415,0.0593722723186484
2857.114285714286,0.0468597241536203,0.0119547471408186,21.34028780710909,-0.0531402758463796,monoamb,bajo,15.0,Chacarita,4,35.0,0.4856887616583777,0.266156913202988,0.0016924644253836,0.3560200247570848,0.3145034612612011,alta,0,2,1.404559905192095,-1.2379709578854612,-0.7825113146405059,-0.6763772391584822
2646.153846153846,0.0586959233235588,0.0228045963799289,17.03695833333333,-0.0413040766764411,3A,bajo,15.0,Villa Crespo,1,65.0,0.7890723379242436,0.8814852530403214,0.0016924644253836,0.3560200247570848,0.3145034612612011,alta,0,2,0.4105275474287723,-0.6441783084809523,-0.7742299969524467,0.3459489653231917
800.0,0.2103270585760858,0.1617998036947453,4.754499999999999,0.1103270585760858,3A,bajo,15.0,Villa Crespo,0,60.0,0.4351014233767802,0.8605082680713696,0.0016924644253836,0.3560200247570848,0.3145034612612011,alta,0,1,-2.3626121417406845,-1.5291890301939253,-1.3946667970537847,-0.0460242544933985
3108.108108108108,0.0629729126054102,0.0267251698882927,15.87984354901961,-0.0370270873945897,2A,bajo,13.0,Colegiales,0,37.0,0.816908111533203,0.5363123802696006,0.001811257462251,0.3242107629327673,0.3362126271488234,alta,0,2,0.5865538753852273,-0.8432898530745984,-1.0295854277573002,0.0303650924137628
2194.915254237288,0.1046463066170251,0.0649257810656064,9.55599898675552,0.0046463066170251,4+A,alto,6.0,Caballito,0,118.0,1.2140006405703625,0.9667592860370297,0.0014709557236647,0.6815238874122538,0.2822013725531903,media,0,1,-1.0082273474343388,-0.4290071867248219,-0.6387024914533873,1.2612350030323745
2916.6666666666665,0.0730274112566942,0.0359417936519697,13.693488277777778,-0.0269725887433057,2A,bajo,14.0,Palermo,0,36.0,0.3358099642515931,1.7592671031166898,0.0020354411558041,0.3173293561387364,0.7185047022536231,alta,0,2,0.4881828759570057,-0.6626618790548605,0.0553407633457591,-0.2645875741668674
1716.0493827160494,0.0919409853951186,0.0532792366121921,10.87654211777778,-0.0080590146048813,3A,alto,5.0,Almagro,0,81.0,0.5970473651347402,1.033322171980466,0.0013072260551381,0.7262366972989581,0.8153691824811038,media,0,1,-1.466471710721019,-0.3668842025710465,0.2416664038298946,0.4489124420534746
2598.0,0.0655878725682396,0.0291222165208863,15.246721091,-0.0344121274317603,3A,bajo,13.0,Colegiales,1,50.0,0.4879578318104391,1.1614304668756947,0.001811257462251,0.3242107629327673,0.3362126271488234,alta,0,2,0.4283109894008668,-0.8418516805693802,-0.6049770470843855,0.0189537438445145
3181.818181818182,0.0486849408377961,0.0136278624346465,20.54023241666667,-0.0513150591622038,3A,bajo,13.0,Colegiales,0,55.0,0.4295798166864068,1.246905097925183,0.001811257462251,0.3242107629327673,0.3362126271488234,alta,0,2,0.7379547271997077,-0.7021958806125502,-0.4412751033560781,0.2776396774737463
2200.0,0.0709988720551194,0.0340822993838594,14.0847308,-0.0290011279448805,monoamb,bajo,15.0,Parque Chas,0,30.0,0.8554701680221437,1.4208077986843954,0.0016924644253836,0.3560200247570848,0.3145034612612011,alta,0,1,-0.2949892609020152,-0.3245845712073386,-0.8598550655179239,-0.1026962433788109
2100.0,0.067617973385828,0.0309831422703423,14.78896734,-0.0323820266141719,3A,alto,6.0,Caballito,0,90.0,1.0516476605991596,0.9925195359273206,0.0014709557236647,0.6815238874122538,0.2822013725531903,media,0,1,-0.8009220758785619,-0.3861011987509611,-0.5050660068929677,0.9344219345771048
1696.969696969697,0.0760702200590565,0.0387310350541351,13.14574874666667,-0.0239297799409434,2A,medio,4.0,La Boca,0,33.0,1.7770557717941724,1.8021068621261067,0.0003390684780865,0.6643909367912209,0.3621231466264265,media,0,0,-2.07507135689685,1.901882721254999,-0.935332174471092,-0.197550455871444
2714.285714285714,0.0531352569034322,0.0177073188281461,18.819895833333334,-0.0468647430965678,3A,bajo,15.0,Chacarita,1,70.0,0.4856887616583777,0.266156913202988,0.0016924644253836,0.3560200247570848,0.3145034612612011,alta,0,2,0.5319697772249575,-1.161072182092489,-0.7865312438692118,0.4582607649917854
3215.3846153846152,0.0489178831384554,0.0138413928769175,20.44242178611111,-0.0510821168615445,3A,alto,2.0,Recoleta,2,65.0,0.3581694800064467,2.308294251436865,0.0014373274573867,1.0447534381885877,0.3343869191202226,media,0,1,0.1835988181925668,-0.2810011406358979,1.034669895327019,-0.1850768585456442
2272.7272727272725,0.0851986464661433,0.0470987592606313,11.737275666666669,-0.0148013535338566,monoamb,alto,1.0,San Telmo,0,22.0,1.2909351395629074,0.6861381186226448,0.0018408245339653,1.3599759089981835,0.497858621461092,alta,0,1,-1.2728245252450696,-1.1178017531340088,0.1875675884916182,-0.3674413827241079
5535.793686082704,0.0290838752996874,-0.0043397809752864,34.383313423529415,-0.0709161247003125,2A,bajo,13.0,Belgrano,1,44.98,1.657965600775275,1.9283173154535027,0.001811257462251,0.3242107629327673,0.3362126271488234,alta,0,2,2.803086904673649,0.7082317806636084,-0.5863416946671325,-0.1592445345073576
2500.0,0.0712074796501032,0.0342735230125946,14.043468536083074,-0.0287925203498968,4+A,bajo,14.0,Palermo,0,88.0,0.1949128252557718,0.8123221877918846,0.0020354411558041,0.3173293561387364,0.7185047022536231,media,0,2,0.2648779343576283,-1.3054413349855505,-0.0476500513512882,0.7363130545502505
5618.421052631579,0.0399056892113083,0.0055802151103659,25.059083548333337,-0.0600943107886916,monoamb,alto,1.0,Monserrat,0,19.0,0.5371097699506605,1.0840597310712738,0.0018408245339653,1.3599759089981835,0.497858621461092,alta,0,2,1.4975451797601769,-1.0811352178097564,1.1771882338536948,-0.7484907736552224
2583.333333333333,0.0613796700347484,0.0252646975318527,16.292039358208957,-0.0386203299652515,monoamb,alto,6.0,Caballito,2,36.0,0.9912110545886296,1.0458236661113982,0.0014709557236647,0.6815238874122538,0.2822013725531903,media,0,2,0.0605482619165008,-0.4049625100031473,-0.5214293034024814,-0.3920062881916595
2500.0,0.0672620893153763,0.0306569152057616,14.867215844444445,-0.0327379106846237,2A,bajo,15.0,Parque Chas,0,38.0,1.030274861928875,1.6991997460983783,0.0016924644253836,0.3560200247570848,0.3145034612612011,alta,0,2,-0.0559334815258975,-0.0268486119046288,-0.7852472173853944,0.0142585360500215
1772.7272727272727,0.1092290339309529,0.0691266144367069,9.155075020000002,0.0092290339309529,monoamb,alto,3.0,Balvanera,0,22.0,0.1618483357806159,2.424204623170699,0.0010344625327268,0.9331491918927998,0.3306390495886265,alta,0,1,-2.0441833392871014,-0.0251307666515802,0.400833266060955,-0.7249921087635415
1646.341463414634,0.1075004966055549,0.0675421218884254,9.302282608695652,0.0075004966055549,3A,bajo,13.0,Colegiales,0,82.0,0.4330286880371462,1.484818346737306,0.001811257462251,0.3242107629327673,0.3362126271488234,alta,0,1,-0.8313982124078959,-0.8978502910834293,-0.6204083498753775,0.6401618773963522
2537.313432835821,0.0630981175728257,0.0268399411084235,15.848333333333333,-0.0369018824271742,3A,bajo,14.0,Palermo,0,67.0,1.767797480862665,1.002572996268689,0.0020354411558041,0.3173293561387364,0.7185047022536231,alta,0,2,0.3242489088458334,-0.0373359525621603,-0.8599084855763032,0.6061947112279843
2358.490566037736,0.05589031208179,0.0202327860749741,17.892188516260163,-0.0441096879182099,3A,alto,3.0,Balvanera,0,53.0,0.3146679511420081,1.8229682594665533,0.0010344625327268,0.9331491918927998,0.3306390495886265,media,0,1,-1.1631605958934268,-0.0166726834572066,0.4756307000993643,0.0367149407635359
2657.446808510638,0.0511601159724639,0.0158967729747586,19.546476410222223,-0.048839884027536,2A,bajo,15.0,Chacarita,3,47.0,0.4856887616583777,0.266156913202988,0.0016924644253836,0.3560200247570848,0.3145034612612011,alta,0,2,0.9863129154841676,-1.229718699161449,-0.8039570454386824,-0.2842906693593647
2500.0,0.0728223502858854,0.035753821095395,13.73204786819166,-0.0271776497141145,3A,bajo,14.0,Palermo,0,50.0,0.7829396080238639,0.7623066174098146,0.0020354411558041,0.3173293561387364,0.7185047022536231,media,0,2,0.2291400813491569,-0.8958004034907973,-0.522859349625214,0.1672686786525715
1559.375,0.0939063237602782,0.055080796780255,10.648910104848484,-0.0060936762397217,2A,alto,3.0,Balvanera,0,32.0,0.2501079711463261,2.555316324031014,0.0010344625327268,0.9331491918927998,0.3306390495886265,alta,0,1,-2.079015338224824,0.1443615767338739,0.4796435619326405,-0.4624734077619795
2375.0,0.0807145071784515,0.0429882982469139,12.38934653703704,-0.0192854928215484,2A,bajo,14.0,Palermo,0,40.0,0.7172366462205676,0.8252642323741897,0.0020354411558041,0.3173293561387364,0.7185047022536231,alta,0,2,0.0694733684400715,-0.94075409187963,-0.5429001315600864,-0.0364633601124536
2276.190476190476,0.1003233668521915,0.0609630862811755,9.96776754385965,0.0003233668521915,4+A,bajo,14.0,Palermo,0,105.0,0.5153957645704653,1.554720821807254,0.0020354411558041,0.3173293561387364,0.7185047022536231,alta,0,1,-0.1475608970271191,-0.8177701489128554,-0.0258309802362712,0.9046809316092914
3529.4,0.0454394295800417,0.0106528104483715,22.007318517027084,-0.0545605704199583,3A,alto,2.0,Recoleta,1,85.0,0.7644966774654777,2.6791764984217097,0.0014373274573867,1.0447534381885877,0.3343869191202226,alta,0,1,0.1856152579546422,0.2665328129446519,1.03094386413368,0.3398503061407935
3511.904761904762,0.0490975250821842,0.0140060646586689,20.36762542156863,-0.0509024749178157,2A,bajo,13.0,Belgrano,0,42.0,1.773542905572437,2.628058889123446,0.001811257462251,0.3242107629327673,0.3362126271488234,alta,0,0,0.9037903881020932,1.0063779952693628,-0.6863434510558862,0.0805028962070977
3570.0,0.0429573007392319,0.0083775256776292,23.278930072222224,-0.057042699260768,2A,bajo,14.0,Palermo,2,50.0,0.2625229897816734,1.6717031285508757,0.0020354411558041,0.3173293561387364,0.7185047022536231,alta,0,2,1.7012780793218725,-0.7045444530579152,0.3490312341040969,-0.342057435608002
2981.818181818182,0.0415603153493382,0.0070969557368933,24.06141511666667,-0.0584396846506618,3A,medio,11.0,Villa Devoto,3,55.0,0.4483258115696125,3.691842800800262,0.0010693665978338,0.579459732816385,2.659087709873237,media,0,3,0.3654871434208258,2.3468898804962217,3.440141852825504,-1.3376590484706954
2000.0,0.0709988720551194,0.0340822993838594,14.0847308,-0.0290011279448805,3A,medio,11.0,Villa Del Parque,0,60.0,0.5453143411885812,2.7109900775188933,0.0010693665978338,0.579459732816385,2.659087709873237,alta,0,3,-1.276635997611763,1.8621063733634369,2.76458110945548,-0.6192070073397061
2157.894736842105,0.0716915439776084,0.034717248646141,13.948646444444444,-0.0283084560223915,2A,medio,11.0,Villa Del Parque,0,38.0,0.589492345593358,3.7764085517230734,0.0010693665978338,0.579459732816385,2.659087709873237,alta,0,3,-1.219891850332684,2.469613551933447,3.052793809374331,-1.0983661255120054
2071.428571428572,0.0675713403007343,0.0309403952756731,14.799173666666666,-0.0324286596992656,2A,medio,11.0,Villa Devoto,0,42.0,0.870688361918339,3.7384248688528494,0.0010693665978338,0.579459732816385,2.659087709873237,alta,0,3,-1.2490183958526364,2.6586069783399746,2.912676885315929,-0.961283228179239
2302.3255813953488,0.0731503530264866,0.0360544902742794,13.670474011764703,-0.0268496469735133,2A,bajo,13.0,Belgrano,0,43.0,0.6184675918393304,1.5407125982776553,0.001811257462251,0.3242107629327673,0.3362126271488234,alta,0,1,-0.110596981559195,-0.5491930051817449,-0.6498814544306922,0.0709559967057892
2700.0,0.0512769631509195,0.0160038828883429,19.50193495384616,-0.0487230368490804,monoamb,alto,3.0,Balvanera,2,40.0,0.3541462663217314,3.069909671708266,0.0010344625327268,0.9331491918927998,0.3306390495886265,media,0,1,-0.4415310120333993,0.6225323415132065,0.962238495381031,-0.6712218920586347
3196.629213483146,0.0465750604228239,0.0116938053875886,21.47071825396825,-0.053424939577176,3A,bajo,14.0,Palermo,1,178.0,1.4468343850309155,0.7970767902741733,0.0020354411558041,0.3173293561387364,0.7185047022536231,media,0,2,1.2470752179687046,-0.378509450736685,-0.2107228385257759,2.276437139825631
3041.6666666666665,0.046684189844462,0.0117938406907569,21.420528091666668,-0.0533158101555379,3A,medio,12.0,Saavedra,0,72.0,2.222645537047703,3.272060158923394,0.0016590377581003,0.4997101681025006,0.2333980703538691,alta,0,0,0.2752568828182315,1.6502126044181722,-0.5069312257646169,0.6463036492845898
1916.6666666666667,0.0963115133965098,0.0572855539468006,10.38297462820513,-0.0036884866034901,3A,alto,6.0,Caballito,0,60.0,0.9255769176836782,0.1609287929137802,0.0014709557236647,0.6815238874122538,0.2822013725531903,media,0,1,-1.1423494915009995,-1.010360021498075,-0.9718734777074768,0.3745402738101435
1859.903381642512,0.0622786615004513,0.0260887730420804,16.05686403508772,-0.0377213384995486,4+A,bajo,14.0,Palermo,0,207.0,0.6616497030803675,0.6466581751444248,0.0020354411558041,0.3173293561387364,0.7185047022536231,alta,0,1,-0.063755556396178,-1.129785549020816,0.055448855034853,2.948022694056763
2593.583333333333,0.0629620816991066,0.0267152415575144,15.882575242333337,-0.0370379183008933,monoamb,alto,5.0,Almagro,3,36.0,0.8446360234892013,1.553380810248861,0.0013072260551381,0.7262366972989581,0.8153691824811038,media,0,2,0.089868314494161,0.1378325165837295,0.4139080643154521,-0.8533343654132806
3114.9756097560976,0.0466973491757366,0.0118059034110919,21.41449177846667,-0.0533026508242633,2A,alto,5.0,Almagro,3,41.0,0.8446360234892013,1.553380810248861,0.0013072260551381,0.7262366972989581,0.8153691824811038,alta,0,2,0.5981044420278792,0.2258775865852575,0.5393976370628579,-0.7586650647860863
2096.491228070176,0.0998143138515486,0.0604964543639195,10.018603158333336,-0.0001856861484513,3A,bajo,13.0,Belgrano,0,57.0,0.5181472396240822,1.4282833412320712,0.001811257462251,0.3242107629327673,0.3362126271488234,alta,0,1,-0.4565496200164676,-0.7975240743581806,-0.7085730072198295,0.2125290261647306
2101.694915254237,0.0961920202037102,0.0571760185200676,10.395872733333333,-0.0038079797962898,3A,bajo,13.0,Colegiales,0,59.0,0.3311618261944103,1.3577331640414017,0.001811257462251,0.3242107629327673,0.3362126271488234,alta,0,1,-0.4190826028484984,-0.9556646307699304,-0.611985585414879,0.2424910626002194
3280.3418803418804,0.0443974186900173,0.0096976337991825,22.52383200433333,-0.0556025813099826,3A,medio,11.0,Villa Devoto,1,58.5,0.8830787625564065,4.09814274445544,0.0010693665978338,0.579459732816385,2.659087709873237,alta,0,3,0.0503133543503114,2.9609707323693426,3.3169426797574064,-0.9342087558640312
3422.818791946309,0.0334112339082914,-0.0003730355840661,29.93005295,-0.0665887660917085,3A,medio,11.0,Villa Devoto,1,74.5,0.8830787625564065,4.09814274445544,0.0010693665978338,0.579459732816385,2.659087709873237,alta,0,3,0.2482628602105766,3.0008859528530234,3.429886254651778,-0.6312897080437238
2130.9523809523807,0.0785350651782885,0.0409904764134311,12.733165723232323,-0.0214649348217114,3A,alto,6.0,Caballito,0,42.0,0.1915648733802138,0.5864887552472593,0.0014709557236647,0.6815238874122538,0.2822013725531903,media,0,1,-0.8670597608727638,-1.2250269687996922,-0.4047294391503598,-0.0133856293761172
1828.571428571429,0.0732175868068419,0.036116121239605,13.657920775757576,-0.026782413193158,2A,alto,3.0,Balvanera,0,35.0,0.3039626321987573,1.5998185892089736,0.0010344625327268,0.9331491918927998,0.3306390495886265,alta,0,1,-1.684263436054771,-0.226183804218801,0.2243150062743331,-0.2649564740625691
2916.6666666666665,0.0667037242912729,0.0301450806003335,14.991666666666667,-0.033296275708727,3A,alto,1.0,Retiro,0,120.0,0.4527675262923891,2.428600336482677,0.0018408245339653,1.3599759089981835,0.497858621461092,alta,0,1,-0.6680257613482903,-0.7547805962059698,1.7376041760746064,1.0420587027844053
1636.3636363636365,0.0681589171729146,0.0314790074085051,14.671594583333334,-0.0318410828270853,monoamb,alto,1.0,Monserrat,0,55.0,0.395825630411209,1.00375588908727,0.0018408245339653,1.3599759089981835,0.497858621461092,alta,0,1,-1.5875891941271498,-1.586025182094814,0.9127990059132968,0.1947938337813637
3174.5873015873017,0.0425995362307528,0.00804957487819,23.47443396057667,-0.0574004637692471,3A,medio,11.0,Villa Del Parque,2,63.0,0.3803331345969012,3.346351475047672,0.0010693665978338,0.579459732816385,2.659087709873237,alta,0,3,0.268825982413042,2.163614493409457,3.362424577317545,-1.025316643758354
4199.052979540784,0.057666794497467,0.0218612282893448,17.341002022297662,-0.0423332055025329,4+A,alto,6.0,Caballito,2,111.93,0.4037553277342549,0.8950071344032625,0.0014709557236647,0.6815238874122538,0.2822013725531903,media,0,2,1.311664486849501,-0.8358050155794828,0.1602801261498468,0.6576901838803136
1487.179487179487,0.0954812417292985,0.0565244715851903,10.473261364102564,-0.0045187582707014,2A,alto,3.0,Balvanera,0,39.0,0.2687137115688086,2.565462558983384,0.0010344625327268,0.9331491918927998,0.3306390495886265,alta,0,1,-2.14054547907278,0.1489946215153547,0.4863756705795711,-0.3403504063822793
3529.3823529411766,0.0461496514162561,0.011303847131568,21.66863604191282,-0.0538503485837439,2A,bajo,13.0,Colegiales,1,34.0,0.2713126296293275,1.4720802233458206,0.001811257462251,0.3242107629327673,0.3362126271488234,media,0,2,1.237601688921108,-0.6986021776422522,-0.2820629881078633,-0.3326431979607666
2547.1509433962265,0.0504884607833499,0.0152810890514041,19.806505971554166,-0.04951153921665,3A,alto,5.0,Boedo,1,53.0,0.4482989591060998,1.586141107632471,0.0013072260551381,0.7262366972989581,0.8153691824811038,media,0,1,-0.3270968225728241,-0.0097908087831425,0.6816553009862923,-0.1935887160227711
2330.0,0.0719130206223527,0.0349202689038233,13.905687611864408,-0.0280869793776472,monoamb,alto,6.0,Caballito,1,30.0,1.869559002681072,0.8839740342258859,0.0014709557236647,0.6815238874122538,0.2822013725531903,alta,0,0,-0.4561745698661296,0.1309137981652977,-1.16365510513431,-0.1946829369724906
3181.818181818182,0.0438164467540165,0.0091650761911818,22.822480462962965,-0.0561835532459834,3A,bajo,15.0,Villa Crespo,1,55.0,0.7890723379242436,0.8814852530403214,0.0016924644253836,0.3560200247570848,0.3145034612612011,media,0,2,0.9103087367270316,-0.5520323652673147,-0.7071257284401465,0.1781698130700666
2333.333333333333,0.0869373943532074,0.0486926114904401,11.502530153333336,-0.0130626056467925,monoamb,alto,1.0,San Nicolas,0,21.0,0.2068734406572144,2.5420105790672323,0.0018408245339653,1.3599759089981835,0.497858621461092,alta,0,1,-1.3042649233208836,-0.9255345799177044,1.4241846964852334,-0.7016083710962406
2348.4848484848485,0.0610626944253152,0.0249741365565389,16.37661111111111,-0.0389373055746847,4+A,alto,1.0,Monserrat,2,132.0,0.4478432775140702,1.239222845710657,0.0018408245339653,1.3599759089981835,0.497858621461092,alta,0,1,-0.4920833540353879,-1.4851083994013587,1.3961310098731663,1.069637035865019
3578.9473684210525,0.0626460635780465,0.026425558279876,15.962694906666668,-0.0373539364219534,monoamb,alto,1.0,San Nicolas,0,19.0,0.5343695999747786,1.9633622144945588,0.0018408245339653,1.3599759089981835,0.497858621461092,alta,0,1,-0.1925742570364564,-0.8289861298257545,1.2343882122222674,-0.6829050211953192
1833.3333333333333,0.0796994611033286,0.0420578393447179,12.54713628117914,-0.0203005388966713,2A,alto,1.0,Retiro,0,42.0,0.59909497217448,2.026130942423463,0.0018408245339653,1.3599759089981835,0.497858621461092,alta,0,1,-1.582567766282712,-0.929631050204271,1.0934368952558906,-0.1584105483398395
2245.2830188679245,0.0590662885164439,0.0231440978067402,16.93013096161616,-0.0409337114835561,3A,alto,6.0,Caballito,1,53.0,1.2140006405703625,0.9667592860370297,0.0014709557236647,0.6815238874122538,0.2822013725531903,media,0,1,-0.402329478401555,-0.2654859975914622,-0.6573097278926321,0.1667305458680166
3560.0,0.0241048988480457,-0.0089038427226246,41.4853431372549,-0.0758951011519542,4+A,medio,12.0,Coghlan,7,250.0,1.4810136803074416,2.453111897794979,0.0016590377581003,0.4997101681025006,0.2333980703538691,media,0,2,2.682136037288556,0.4083860040408187,0.5886001342052023,2.390746587402288
3184.6153846153848,0.0493905196905178,0.0142746430496413,20.246800525,-0.0506094803094821,3A,medio,12.0,Coghlan,1,65.0,1.071337047627209,2.081885878768164,0.0016590377581003,0.4997101681025006,0.2333980703538691,alta,0,2,0.6545771693504848,0.164604169097269,-0.3106248423062183,0.2608303463789703
2500.0,0.0681589171729146,0.031479007408505,14.671594583333334,-0.0318410828270853,3A,medio,12.0,Coghlan,2,60.0,1.071337047627209,2.081885878768164,0.0016590377581003,0.4997101681025006,0.2333980703538691,alta,0,2,0.2544767840096175,0.0149898754764069,-0.4283225060932923,-0.0092305632010295
2631.5789473684213,0.0725628352087496,0.0355159322746871,13.781159420289857,-0.0274371647912504,3A,bajo,13.0,Belgrano,0,76.0,0.2861710883991462,1.3414678159190123,0.001811257462251,0.3242107629327673,0.3362126271488234,alta,0,2,0.1604279266935389,-0.8874600022648391,-0.3951757330470361,0.5673993209591888
2765.9574468085107,0.0700214906595052,0.0331863664378798,14.281329782919329,-0.0299785093404947,3A,bajo,14.0,Palermo,0,47.0,0.0877236270847401,1.5738679825497657,0.0020354411558041,0.3173293561387364,0.7185047022536231,media,0,2,0.4173955267471751,-0.9411125342966412,0.1606227695256069,-0.0646985752124022
2872.340425531915,0.0674281021165606,0.0308090936068472,14.830611697646994,-0.0325718978834393,3A,bajo,14.0,Palermo,0,47.0,0.0877236270847401,1.5738679825497657,0.0020354411558041,0.3173293561387364,0.7185047022536231,media,0,2,0.5148642932337055,-0.9252400465089624,0.1796787319816656,-0.0658713211955653
3000.0,0.0439516827007882,0.0092890424757225,22.752257446153845,-0.0560483172992117,2A,alto,3.0,San Cristobal,2,42.0,0.6320891977372078,1.2381743141981447,0.0010344625327268,0.9331491918927998,0.3306390495886265,alta,0,1,-0.0985588194356214,-0.0922270906439423,0.2201326869947808,-0.4484939433962311
2333.333333333333,0.0865345612427324,0.048323347805838,11.556076388888888,-0.0134654387572675,4+A,bajo,13.0,Belgrano,0,150.0,0.852253697181957,1.667174083981832,0.001811257462251,0.3242107629327673,0.3362126271488234,alta,0,1,-0.1432774921664752,-0.4224562222677948,-0.3941156676669344,1.8467610542459956
1770.8333333333333,0.0851986464661433,0.0470987592606313,11.737275666666669,-0.0148013535338566,2A,bajo,13.0,Belgrano,0,48.0,1.5705420375720651,2.4245947909917724,0.001811257462251,0.3242107629327673,0.3362126271488234,alta,0,0,-0.629078431212983,0.5149895046673238,-0.915826556186614,0.2191311026488269
2727.2727272727275,0.0567990976440955,0.0210658395070875,17.6059135,-0.0432009023559044,3A,bajo,13.0,Belgrano,0,55.0,0.7541303025400333,1.6702123374622488,0.001811257462251,0.3242107629327673,0.3362126271488234,alta,0,2,0.3260854580869097,-0.3057728049293777,-0.5329215741167573,0.30351270695282
3466.6666666666665,0.0412564614899245,0.0068184230324308,24.238627450980392,-0.0587435385100754,3A,bajo,14.0,Palermo,3,75.0,0.731534310603411,0.9640595740853394,0.0020354411558041,0.3173293561387364,0.7185047022536231,alta,0,2,1.921915820867507,-0.7953262878915338,-0.0347752363894167,0.0412377209140088
2145.454545454545,0.072202242767918,0.0351853892039248,13.849985286666668,-0.0277977572320819,3A,bajo,13.0,Nuñez,1,55.0,1.7549345449266032,2.66124377021084,0.001811257462251,0.3242107629327673,0.3362126271488234,alta,0,0,-0.0161958205644471,0.7941045820283693,-0.7908581564940933,0.1719295179864208
3526.011560693641,0.0496509777622235,0.0145133962820382,20.14059027777778,-0.0503490222377764,4+A,bajo,13.0,Belgrano,2,173.0,1.326055626958497,1.66816638774201,0.001811257462251,0.3242107629327673,0.3362126271488234,alta,0,2,1.5111483160364665,0.0255278668639419,-0.2568605232749491,1.954656733806098
1160.7142857142858,0.1146904856275006,0.0741329451585422,8.719119066666666,0.0146904856275006,3A,alto,3.0,Balvanera,0,56.0,0.4902217049724277,1.9832112657315728,0.0010344625327268,0.9331491918927998,0.3306390495886265,media,0,1,-2.4987636534794397,-0.0962257798986965,0.118291474872185,-0.0181969403972752
3036.3636363636365,0.0459154382152868,0.0110891516973462,21.77916707037037,-0.0540845617847131,3A,bajo,15.0,Villa Crespo,1,55.0,0.7890723379242436,0.8814852530403214,0.0016924644253836,0.3560200247570848,0.3145034612612011,media,0,2,0.7883954724677467,-0.5684312860107329,-0.7274539809402638,0.1860859215859156
1608.695652173913,0.0829305203372473,0.0450196436424767,12.05828681567865,-0.0170694796627526,2A,alto,1.0,Retiro,0,46.0,0.4398464714243131,2.1309912980487296,0.0018408245339653,1.3599759089981835,0.497858621461092,alta,0,1,-1.7712978989727903,-1.0162473287841232,1.199004972237546,-0.1084831848894534
2222.222222222222,0.0905235618702772,0.0519799317144208,11.04684768627451,-0.0094764381297227,2A,bajo,13.0,Belgrano,0,36.0,1.3778277940475212,2.30007222337256,0.001811257462251,0.3242107629327673,0.3362126271488234,alta,0,0,-0.3436818822455248,0.3262258012057838,-0.8844855987816248,-0.0762792138453065
3840.909090909091,0.0415910552275551,0.0071251339585922,24.04363136565657,-0.0584089447724448,3A,alto,6.0,Caballito,2,44.0,0.1453320934580011,0.8788431530802545,0.0014709557236647,0.6815238874122538,0.2822013725531903,media,0,2,1.1450084522557449,-0.9539187541442128,0.0815740400803024,-0.4171116851977831
4482.758620689655,0.039322452215143,0.0050455811972144,25.430763944444447,-0.0606775477848569,3A,medio,12.0,Villa Urquiza,2,58.0,0.4266447763666879,1.875263196402998,0.0016590377581003,0.4997101681025006,0.2333980703538691,alta,0,2,1.9301802558604684,-0.3286613360643221,0.1127894676630303,-0.2193969597732353
2058.064516129032,0.0934781387559566,0.0546882938596269,10.697688393333332,-0.0065218612440433,2A,bajo,14.0,Palermo,0,31.0,1.6991131078610069,0.9781544683927652,0.0020354411558041,0.3173293561387364,0.7185047022536231,alta,0,1,-0.2790942985217153,-0.219281768600822,-1.1216095895218796,-0.0886234607031695
3611.1111111111113,0.0485370135175582,0.013492262391095,20.602833333333333,-0.0514629864824417,monoamb,bajo,13.0,Belgrano,1,36.0,1.7978311562794311,2.534815796729706,0.001811257462251,0.3242107629327673,0.3362126271488234,alta,0,2,1.2263626045231455,0.9437203853759488,-0.71266361758554,-0.2030779307078858
3492.063492063492,0.0464719889815327,0.0115993232330716,21.518338722222225,-0.0535280110184672,3A,alto,2.0,Recoleta,0,63.0,1.0895658263157089,2.516015437775739,0.0014373274573867,1.0447534381885877,0.3343869191202226,media,0,1,-0.1038109519008467,0.462596991897476,0.681396067912403,0.2072506067618275
3466.175485599464,0.0493905196905178,0.0142746430496413,20.246800525,-0.0506094803094821,monoamb,medio,12.0,Villa Urquiza,0,29.86,1.1626262805459375,2.1774370515741825,0.0016590377581003,0.4997101681025006,0.2333980703538691,alta,0,2,0.5896323746915805,0.3588131819964178,-0.4598268808204488,-0.1811255275212837
3379.1153846153848,0.0389875181547836,0.0047385583085516,25.64923460964912,-0.0610124818452163,4+A,bajo,14.0,Palermo,0,182.0,1.282265683314296,1.1876969276603535,0.0020354411558041,0.3173293561387364,0.7185047022536231,alta,0,2,1.1815020412299204,-0.2129503087690525,0.0450980685193921,2.484564624307537
2613.327972660569,0.0466954120054824,0.0118041276716922,21.41538016374269,-0.0533045879945176,4+A,bajo,15.0,Villa Crespo,1,99.49,0.2651260803286457,1.0938063732102068,0.0016924644253836,0.3560200247570848,0.3145034612612011,media,0,2,0.4954386013348719,-0.8851136054301182,-0.2494828433105601,0.8994693102556858
2460.0,0.0745954378065044,0.037379151322629,13.405645565,-0.0254045621934955,3A,bajo,13.0,Belgrano,1,65.0,0.3926482605744911,1.081588775880967,0.001811257462251,0.3242107629327673,0.3362126271488234,alta,0,2,0.2693314282321507,-1.0013490209985834,-0.5756040592649607,0.2445029237836667
1969.6969696969693,0.0655374203585717,0.0290759686620241,15.25845836666667,-0.0344625796414282,monoamb,alto,1.0,Retiro,1,33.0,0.4393009400941168,2.2202654469438485,0.0018408245339653,1.3599759089981835,0.497858621461092,alta,0,1,-1.137262454932597,-0.9200367432660296,1.3141970650686776,-0.4869766802095948
2538.4615384615386,0.0516355433128141,0.0163325813700796,19.36650485,-0.0483644566871858,3A,medio,11.0,Villa Santa Rita,0,65.0,1.0581415370206846,2.657061190313245,0.0010693665978338,0.579459732816385,2.659087709873237,alta,0,3,-0.7339158423743053,2.3011678353390823,2.610683744625208,-0.4394912091000538
3552.6315789473683,0.0473325813700796,0.0123881995892396,21.1270962,-0.0526674186299203,2A,medio,12.0,Villa Urquiza,1,38.0,0.4115968788268063,1.7715737121575093,0.0016590377581003,0.4997101681025006,0.2333980703538691,alta,0,2,0.9404224122862744,-0.4249192557494082,-0.1281097593702407,-0.2944455179028572
2900.285424914833,0.0480747562459624,0.0130685265587989,20.8009375,-0.0519252437540375,4+A,bajo,13.0,Belgrano,1,217.22,1.3197551020660718,1.5981884922742082,0.001811257462251,0.3242107629327673,0.3362126271488234,alta,0,2,0.8498883502181253,-0.0291380985155168,-0.1957385949189778,2.9746133689190084
2206.896551724138,0.0678926714027079,0.0312349487858156,14.729130248366015,-0.032107328597292,monoamb,bajo,7.0,Flores,1,29.0,2.294914341073929,0.9646473982012164,0.0007389240721516,0.4306612690454279,0.2791624172439522,alta,0,0,-0.8182115969356165,1.486000151398789,-1.79436793015535,-0.2090211900750157
3125.0,0.0511191878796859,0.0158592555563788,19.562126111111112,-0.048880812120314,2A,medio,12.0,Saavedra,0,40.0,1.7724582704279448,2.765211120737211,0.0016590377581003,0.4997101681025006,0.2333980703538691,alta,0,0,0.3068351945644552,1.069808526746901,-0.57379140059658,0.0559843321650051
1684.2105263157894,0.0998421638275117,0.0605219835085523,10.01580856888889,-0.0001578361724883,3A,alto,5.0,Almagro,1,76.0,1.1977689839583032,1.0913584274433097,0.0013072260551381,0.7262366972989581,0.8153691824811038,media,0,1,-1.3152527082391463,0.0224226613425259,-0.0790395337811363,0.2255411941471859
2236.842105263158,0.0851986464661433,0.0470987592606313,11.737275666666669,-0.0148013535338566,2A,bajo,13.0,Colegiales,1,38.0,0.5461243087068416,1.139251036662428,0.001811257462251,0.3242107629327673,0.3362126271488234,alta,0,2,0.0066332397358558,-0.8986708476043361,-0.7946867866256072,-0.2183004998809728
4250.0,0.0659849595532818,0.0294862129238416,15.154968749999998,-0.0340150404467181,4+A,bajo,13.0,Belgrano,3,108.0,0.8272352147488163,1.7236392876145616,0.001811257462251,0.3242107629327673,0.3362126271488234,alta,0,2,2.1215815041634944,-0.3253728590040922,-0.1787050297761234,0.4391759911349425
2600.0,0.0532491540413395,0.0178117245378946,18.779641066666667,-0.0467508459586604,2A,medio,10.0,Monte Castro,0,40.0,2.28702064423642,2.840932440899295,0.0007950753514594,0.4818638493693606,0.3093771634352494,alta,0,0,-0.7412178256293128,2.493832744117204,-0.9087293402731292,0.0114557539572404
1600.0,0.0937185111127576,0.0549086351866945,10.670250606060604,-0.0062814888872423,3A,medio,10.0,Monte Castro,0,50.0,2.19436453509383,3.203910540985016,0.0007950753514594,0.4818638493693606,0.3093771634352494,media,0,0,-1.791358532164821,2.403519511626585,-0.9362818238779286,0.0789875982719726
4187.5,0.0457783772056889,0.0109635124385482,21.844374157407408,-0.054221622794311,2A,bajo,14.0,Palermo,2,40.0,0.2847357633279013,1.2380442265781506,0.0020354411558041,0.3173293561387364,0.7185047022536231,alta,0,2,2.1377070318099296,-0.8831179064621301,0.1859824981402866,-0.5570721916283489
2920.0,0.0489802739149788,0.0138985844220639,20.416382352941177,-0.0510197260850211,3A,bajo,14.0,Palermo,0,75.0,1.3307676544767384,0.4854411838809134,0.0020354411558041,0.3173293561387364,0.7185047022536231,alta,0,2,0.7398429702433612,-0.5499828022749225,-0.6950812039706287,0.7435975275863749
1846.1538461538464,0.0887485900688992,0.0503528742298243,11.26778464,-0.0112514099311007,monoamb,alto,5.0,Almagro,1,26.0,0.6148374910130656,1.0474086631234631,0.0013072260551381,0.7262366972989581,0.8153691824811038,alta,0,1,-1.130763230828673,-0.3394123597871129,0.0934794470360305,-0.6688632066963156
3100.0,0.0505343403968474,0.0153231453637768,19.78852384629888,-0.0494656596031525,4+A,bajo,14.0,Palermo,1,100.0,1.298138305702489,0.6587604024510718,0.0020354411558041,0.3173293561387364,0.7185047022536231,media,0,2,1.1111757591688898,-0.5341652340026573,-0.4856594717983151,0.93758898943588
2837.837837837838,0.050713480039371,0.0154873567027567,19.71862312,-0.0492865199606289,monoamb,medio,12.0,Villa Urquiza,0,37.0,0.215014383516258,1.3609353549394323,0.0016590377581003,0.4997101681025006,0.2333980703538691,media,0,2,0.1662425230939617,-0.792127178193329,-0.2771830285992678,-0.0504213769280114
2571.428571428572,0.0567990976440955,0.0210658395070875,17.6059135,-0.0432009023559044,monoamb,medio,12.0,Villa Urquiza,2,35.0,0.2358831648126634,1.461875897611549,0.0016590377581003,0.4997101681025006,0.2333980703538691,alta,0,2,0.4125284364126029,-0.8468358618489049,-0.2431784027859981,-0.4526346937090146
2545.454545454545,0.0570530925589291,0.0212986681790183,17.52753365590336,-0.0429469074410708,2A,alto,2.0,Recoleta,0,44.0,0.300668869952547,2.11861621992873,0.0014373274573867,1.0447534381885877,0.3343869191202226,alta,0,1,-0.8615493611842168,-0.394269384010976,0.7719131465867218,-0.1230189621512468
2812.5,0.0785221018684053,0.0409785933793715,12.735267857142857,-0.0214778981315946,3A,bajo,14.0,Palermo,0,80.0,0.5395346489285391,0.7050451143503682,0.0020354411558041,0.3173293561387364,0.7185047022536231,alta,0,2,0.4309960928607211,-1.1186656775006607,-0.3019463768704299,0.587272022184939
2631.5789473684213,0.0587870660616388,0.0228881438898356,17.01054444444445,-0.0412129339383611,monoamb,bajo,7.0,Flores,3,38.0,2.464525231279725,0.2383644962344543,0.0007389240721516,0.4306612690454279,0.2791624172439522,media,0,0,0.0841255578411381,1.1963165741674997,-1.97854819388982,-0.3494364472644209
2777.777777777778,0.0579350795969774,0.0221071562972293,17.260699509803924,-0.0420649204030225,4+A,medio,12.0,Saavedra,0,90.0,2.2097045735913463,3.228477206428166,0.0016590377581003,0.4997101681025006,0.2333980703538691,media,0,0,0.0069490369265931,1.5511599619605112,-0.5170389046819642,0.9358065744005007
3333.333333333333,0.0464719889815327,0.0115993232330716,21.518338722222225,-0.0535280110184672,monoamb,medio,12.0,Villa Urquiza,0,33.0,1.0134416416400458,2.395628958030338,0.0016590377581003,0.4997101681025006,0.2333980703538691,alta,0,2,0.5108773546404264,0.3671333454755452,-0.2902992753960978,-0.1379613072252627
3000.0,0.053282854839275,0.0178426169360021,18.767763157894738,-0.0467171451607249,4+A,bajo,14.0,Palermo,1,150.0,0.7829396080238639,0.7623066174098146,0.0020354411558041,0.3173293561387364,0.7185047022536231,alta,0,2,1.0439021766652004,-0.8923747354708966,-0.012465789578744,1.7083947676350602
2894.736842105264,0.0573619250662052,0.0215817646440214,17.433166666666665,-0.0426380749337947,monoamb,bajo,13.0,Nuñez,1,38.0,1.8624536796878648,2.910615397609438,0.001811257462251,0.3242107629327673,0.3362126271488234,alta,0,0,0.6241148752457436,1.1100058986160768,-0.6997622373650695,-0.1465591071749763
2484.848484848485,0.0727305518613418,0.0356696725395633,13.749380066666667,-0.0272694481386581,2A,bajo,14.0,Palermo,1,33.0,0.7955458847136325,1.2274785218018391,0.0020354411558041,0.3173293561387364,0.7185047022536231,alta,0,2,0.4383002798030145,-0.6774448780606158,-0.3943154851920906,-0.3404473644000578
2884.6153846153848,0.0403273593273078,0.0059667460500321,24.79706126760564,-0.0596726406726921,2A,bajo,7.0,Flores,2,52.0,2.4038105115591093,0.1048746943833598,0.0007389240721516,0.4306612690454279,0.2791624172439522,alta,0,0,0.1792510041294888,1.2007839645114926,-1.8805891808667248,0.1258779218749066
1846.1538461538464,0.0709988720551194,0.0340822993838594,14.0847308,-0.0290011279448805,3A,medio,11.0,Villa Del Parque,0,65.0,0.7254860096630638,2.465100469774909,0.0010693665978338,0.579459732816385,2.659087709873237,alta,0,3,-1.3777120272054229,1.85049729452202,2.58581699570963,-0.4712462106403032
1193.548387096774,0.1111036403240923,0.0708450036304179,9.000605174438686,0.0111036403240923,3A,alto,5.0,Almagro,0,62.0,0.9251243782511064,1.229677035066547,0.0013072260551381,0.7262366972989581,0.8153691824811038,alta,0,1,-2.0157915558742507,-0.1205624287287952,-0.0508300576687677,0.131534673746823
4130.434782608696,0.0336310446576881,-0.0001715423971191,29.73443168888889,-0.0663689553423118,2A,medio,12.0,Saavedra,1,46.0,2.9327985394059755,3.997863822718246,0.0016590377581003,0.4997101681025006,0.2333980703538691,alta,0,0,1.3659919307225732,2.6222951851268648,-0.5475517913136709,-0.0154597216455725
3526.785714285714,0.0766761935062186,0.0392865107140337,13.041857638888889,-0.0233238064937813,4+A,bajo,13.0,Belgrano,0,112.0,0.7955212482820464,1.6036724012939445,0.001811257462251,0.3242107629327673,0.3362126271488234,alta,0,2,0.7820150586196577,-0.3675721823197347,-0.3858848211791328,1.1020970684502125
1758.6206896551723,0.0835280847707287,0.0455674110398346,11.97202118,-0.0164719152292712,3A,medio,11.0,Villa Del Parque,0,58.0,1.0023002267406915,2.238402081805734,0.0010693665978338,0.579459732816385,2.659087709873237,alta,0,3,-1.536898737083939,1.8827511261242629,2.2749438682608694,-0.5781382320869979
2380.597014925373,0.0632959173144333,0.0270212575382305,15.798807291666666,-0.0367040826855666,3A,bajo,15.0,Villa Crespo,1,67.0,0.4235865754653818,1.0882145116269435,0.0016924644253836,0.3560200247570848,0.3145034612612011,alta,0,2,0.1781895977171371,-0.8314343826682649,-0.5381568071588664,0.3244031122990106
3043.4565217391305,0.0456424580529914,0.0108389198819088,21.90942474743556,-0.0543575419470085,2A,bajo,15.0,Chacarita,4,46.0,0.4856887616583777,0.266156913202988,0.0016924644253836,0.3560200247570848,0.3145034612612011,alta,0,2,1.555011408370634,-1.2284607420272686,-0.7226333378931331,-0.506138249148109
2631.5789473684213,0.0416447575980649,0.0071743611315595,24.012626262626263,-0.058355242401935,4+A,alto,2.0,Recoleta,0,190.0,0.4654337764946213,3.0584701348904333,0.0014373274573867,1.0447534381885877,0.3343869191202226,media,0,1,-0.6379118371501683,0.1953627014004949,1.61438135340814,2.3562829688597566
3474.576271186441,0.0492473112763518,0.0141433686699891,20.30567708333333,-0.0507526887236482,3A,bajo,15.0,Chacarita,3,59.0,0.50445080299942,0.5670458294080742,0.0016924644253836,0.3560200247570848,0.3145034612612011,alta,0,2,1.5884906369963077,-1.0097957418794146,-0.5880605046394373,-0.1909560671775692
4431.818181818182,0.0388296108140466,0.004593809912876,25.753541666666667,-0.0611703891859534,3A,medio,12.0,Villa Urquiza,0,88.0,1.0845290762812276,2.474259184251486,0.0016590377581003,0.4997101681025006,0.2333980703538691,media,0,2,1.392681439541826,0.522309694148371,0.0191848176229689,0.7033699891202425
2275.0263157894738,0.0729871459819154,0.0359048838167558,13.70104265,-0.0270128540180845,monoamb,bajo,13.0,Nuñez,1,38.0,3.186501224129939,4.230351024525816,0.001811257462251,0.3242107629327673,0.3362126271488234,alta,0,0,-0.008585634811931,2.6524188977980545,-1.0479825955162634,-0.0753061653959658
2780.0,0.0563512428885708,0.0206553059811899,17.745837513777705,-0.0436487571114291,4+A,bajo,14.0,Palermo,1,100.0,0.1415617377697898,1.0356432005136889,0.0020354411558041,0.3173293561387364,0.7185047022536231,media,0,2,0.8288754946956437,-1.204968657849412,0.2170482589221894,0.762389646203951
3600.0,0.0596390525263003,0.0236691314824419,16.767536666666665,-0.0403609474736996,monoamb,bajo,13.0,Belgrano,0,25.0,0.67327310430705,1.6594825198772982,0.001811257462251,0.3242107629327673,0.3362126271488234,alta,0,2,0.9216725053758444,-0.310743699721536,-0.5408682866426527,-0.3307499010403538
3456.7901234567903,0.0486849408377961,0.0136278624346465,20.54023241666667,-0.0513150591622038,3A,alto,2.0,Recoleta,0,81.0,1.3412837481120905,2.357868307533094,0.0014373274573867,1.0447534381885877,0.3343869191202226,alta,0,1,-0.1333306555313719,0.5397903309871651,0.5437090521962311,0.5546196977715033
2294.1176470588234,0.0655374203585717,0.0290759686620241,15.258458366666668,-0.0344625796414282,2A,alto,6.0,Caballito,0,34.0,0.6448040034822018,0.5232454380946734,0.0014709557236647,0.6815238874122538,0.2822013725531903,alta,0,1,-0.652378250082771,-0.872035627202914,-0.6332246369388573,-0.0453836514023494
3636.363636363637,0.0456421320354339,0.010838621032481,21.90958124444445,-0.054357867964566,3A,alto,6.0,Caballito,3,77.0,0.8393381295593625,0.5039871072945433,0.0014709557236647,0.6815238874122538,0.2822013725531903,media,0,2,1.2369280821517774,-0.7414282338575865,-0.3056891223908826,0.0909939098725349
2023.809523809524,0.0651519061211684,0.028722580611071,15.348745102564104,-0.0348480938788315,monoamb,alto,3.0,Balvanera,0,42.0,0.0738852891551088,3.2096863476389226,0.0010344625327268,0.9331491918927998,0.3306390495886265,media,0,1,-1.5347074467849338,0.487923031948555,0.995856526742164,-0.3006612880350224
3109.375,0.0470947292023907,0.0121701684355248,21.233798706060607,-0.0529052707976092,monoamb,alto,2.0,Recoleta,1,32.0,0.5993289906923065,2.0848871103706186,0.0014373274573867,1.0447534381885877,0.3343869191202226,alta,0,1,-0.1360466521407177,-0.1639806285915763,0.6743522735574392,-0.4901581620252067
2761.194029850746,0.0732524146319176,0.0361480467459244,13.65142712393646,-0.0267475853680823,4+A,alto,6.0,Caballito,0,134.0,1.4289667754591913,1.1306640170982232,0.0014709557236647,0.6815238874122538,0.2822013725531903,media,0,1,-0.3508982499914063,-0.0495083675756219,-0.4661456313393001,1.6185221320468997
2142.8571428571427,0.0681589171729146,0.031479007408505,14.671594583333334,-0.0318410828270853,2A,alto,6.0,Caballito,0,35.0,0.8511814057832623,0.8987055323338412,0.0014709557236647,0.6815238874122538,0.2822013725531903,alta,0,1,-0.7979751013206734,-0.5474167800383781,-0.6284746007510136,-0.0260207919952512
2961.538461538461,0.0608561760472452,0.0247848280433081,16.432185933333336,-0.0391438239527547,monoamb,alto,2.0,Recoleta,0,26.0,1.454100314893792,1.4722729605477962,0.0014373274573867,1.0447534381885877,0.3343869191202226,alta,0,1,-0.5843835945152462,0.1139447487610202,-0.1204603274020068,-0.2844202526911172
2224.4897959183672,0.0703475062564486,0.0334852140684112,14.215144974074072,-0.0296524937435513,3A,bajo,15.0,Chacarita,0,49.0,0.4856887616583777,0.266156913202988,0.0016924644253836,0.3560200247570848,0.3145034612612011,media,0,1,-0.2153616630242974,-1.1991965465090797,-1.0020376135353897,0.2676651837564903
3082.9965222295327,0.0480541146226722,0.0130496050707829,20.809872533333337,-0.0519458853773277,4+A,medio,11.0,Villa Del Parque,2,106.39,0.2497342839269297,3.431778833066146,0.0010693665978338,0.579459732816385,2.659087709873237,media,0,3,0.180423190243109,2.065290242156117,3.589966611065447,-0.3262944139358493
1849.3150684931504,0.0609012546961691,0.024826150138155,16.420022953367877,-0.0390987453038308,3A,alto,5.0,Almagro,0,73.0,1.0051748514492664,1.1421917161381887,0.0013072260551381,0.7262366972989581,0.8153691824811038,alta,0,1,-1.1380298751157192,0.1081235868371217,0.167709132236782,0.4785432272595319
2125.0,0.0801869613798996,0.0425047145982412,12.470855395833334,-0.0198130386201004,4+A,alto,6.0,Caballito,0,80.0,0.8782926084466883,0.1879095430442317,0.0014709557236647,0.6815238874122538,0.2822013725531903,media,0,1,-0.8548542288213953,-0.9696116888022108,-0.7838411699651564,0.7514373908942469
2164.948453608248,0.0649132544503949,0.0285038165795286,15.405174312500002,-0.0350867455496051,4+A,alto,6.0,Caballito,0,97.0,1.7242091486601792,0.9070515240768604,0.0014709557236647,0.6815238874122538,0.2822013725531903,media,0,1,-0.7312475430287472,0.0602269828372413,-0.8533676374543758,1.1551512560200117
2695.507487520799,0.0578509327856528,0.0220300217201818,17.285805981818182,-0.0421490672143471,monoamb,bajo,15.0,Paternal,1,30.05,1.5670382739963034,1.4489054248080897,0.0016924644253836,0.3560200247570848,0.3145034612612011,alta,0,2,0.4065648498717092,0.2342733633581455,-1.1053425447238674,-0.1929370482879542
3340.0,0.0357120075007786,0.0017360068757137,28.00178623333333,-0.0642879924992213,2A,alto,6.0,Caballito,0,50.0,0.4260950643665047,0.3898311109637954,0.0014709557236647,0.6815238874122538,0.2822013725531903,alta,0,2,0.3551483115694994,-0.9351634685971112,-0.3019816257609944,0.2155304726959385
4290.322580645161,0.0392622694812599,0.0049904136911549,25.4697452086234,-0.06073773051874,4+A,bajo,14.0,Palermo,2,93.0,0.9085468608397104,1.068268627224054,0.0020354411558041,0.3173293561387364,0.7185047022536231,media,0,2,2.2926581272414004,-0.5250098901775816,0.0176404478137098,0.4575702361616831
1909.090909090909,0.101426960078742,0.0619747134055135,9.85931156,0.001426960078742,monoamb,alto,5.0,Almagro,0,22.0,1.4021885024519758,1.024891536100964,0.0013072260551381,0.7262366972989581,0.8153691824811038,alta,0,1,-1.4385036608288688,0.2141472195550125,-0.4255048137096164,-0.5080613295862823
3027.027027027027,0.0532491540413395,0.0178117245378946,18.779641066666667,-0.0467508459586604,2A,alto,6.0,Caballito,0,37.0,0.7237736434254524,0.9069333705582728,0.0014709557236647,0.6815238874122538,0.2822013725531903,alta,0,2,-0.0382287206021312,-0.5277941665879773,-0.4182222978532452,-0.0486246693333655
3140.0,0.0596933191801004,0.023718875915092,16.75229345151515,-0.0403066808198995,monoamb,bajo,15.0,Chacarita,3,25.0,0.6467660563127658,0.2882561273868938,0.0016924644253836,0.3560200247570848,0.3145034612612011,alta,0,2,1.2553686120796994,-1.0931383239536718,-0.955266625448487,-0.7319668277327933
4500.0,0.0315550542467197,-0.0020745336071735,31.6906443,-0.0684449457532802,2A,bajo,15.0,Chacarita,3,60.0,0.5765138458172627,0.1628122518138529,0.0016924644253836,0.3560200247570848,0.3145034612612011,media,0,2,2.485884662811208,-1.0438378516227491,-0.6126454618070438,-0.1733329943295369
5250.0,0.0344851664267722,0.0006114025578746,28.99797517647059,-0.0655148335732277,2A,bajo,13.0,Belgrano,3,40.0,2.307842069397077,2.2221326616903703,0.001811257462251,0.3242107629327673,0.3362126271488234,alta,0,2,3.026618288270422,1.2072449884872911,-0.8288472514501218,-0.5384798846237088
2551.7241379310344,0.0422155455462872,0.0076975834174299,23.687956345454545,-0.0577844544537127,4+A,bajo,7.0,Flores,0,87.0,2.3861083670836933,1.6337996123019871,0.0007389240721516,0.4306612690454279,0.2791624172439522,media,0,0,-0.6082514482229877,2.026117244285841,-1.29582949211483,0.9868878763029384
2056.07476635514,0.131932427652272,0.0899380586812493,7.57963768115942,0.031932427652272,4+A,bajo,7.0,Flores,1,107.0,2.399360163456171,0.9836401429803964,0.0007389240721516,0.4306612690454279,0.2791624172439522,media,0,0,-1.3903807069182976,1.283605119127559,-1.828033333623427,0.8663189260895089
2294.5945945945946,0.0602110575732461,0.0241934694421423,16.608245068333336,-0.0397889424267538,2A,medio,9.0,Liniers,0,37.0,4.734474739851248,3.107351059261176,0.0005686137567445,0.5253496665574764,0.3428690900660959,media,0,0,-1.268538337673763,4.596451715949548,-2.110619966194306,0.2195522371025254
2476.190476190476,0.0491530652689288,0.0140569764965181,20.344611155555555,-0.0508469347310711,2A,medio,9.0,Liniers,2,42.0,4.22692101606609,2.9606521605424163,0.0005686137567445,0.5253496665574764,0.3428690900660959,media,0,0,-0.5455276789716658,4.12011473305207,-1.752903432921761,-0.0917495539396475
2250.0,0.0473325813700796,0.0123881995892396,21.1270962,-0.0526674186299203,4+A,bajo,7.0,Parque Chacabuco,0,88.0,1.3743281519225754,1.259928327008237,0.0007389240721516,0.4306612690454279,0.2791624172439522,media,0,0,-0.8440943710829052,1.0696458084911855,-0.9308802560431948,0.9124329555487743
1732.65306122449,0.072283374616682,0.0352597600652918,13.834439873663753,-0.0277166253833179,2A,alto,1.0,Constitucion,0,49.0,0.4599800039609064,1.074637924566404,0.0018408245339653,1.3599759089981835,0.497858621461092,alta,0,1,-1.5565333446060603,-1.5091175029421957,0.8738849417421434,0.0662499263205248
2894.736842105264,0.0340794585864573,0.0002395037042525,29.34318916666667,-0.0659205414135426,4+A,bajo,7.0,Parque Chacabuco,3,95.0,1.0675570926940017,1.1556691961923269,0.0007389240721516,0.4306612690454279,0.2791624172439522,media,0,0,0.4757788989245482,0.7511378609043704,-0.5798226367149677,0.4301033620945264
3128.2051282051284,0.0495828188450506,0.0144509172746297,20.168276497652585,-0.0504171811549493,2A,bajo,7.0,Flores,1,39.0,2.052712755133029,1.3903322931470987,0.0007389240721516,0.4306612690454279,0.2791624172439522,alta,0,0,-0.015467702076151,1.6519199523078032,-1.3282489204535113,-0.1359764473463819
2424.242424242424,0.0536333999369018,0.01816394994216,18.64509803921569,-0.0463666000630981,4+A,medio,12.0,Saavedra,1,165.0,3.163963984144172,4.226353864488104,0.0016590377581003,0.4997101681025006,0.2333980703538691,media,0,0,0.0245552372160628,2.6655872403685392,-0.3804147610698061,2.130206258512904
2051.7241379310344,0.0690896586889313,0.0323321871315204,14.473946158894645,-0.0309103413110686,3A,alto,5.0,Almagro,1,58.0,0.7440674732878241,0.6303311758963676,0.0013072260551381,0.7262366972989581,0.8153691824811038,alta,0,1,-0.7958630629065313,-0.3983397259077259,0.0855817998768863,-0.011208537264755
1833.3333333333333,0.1032710866256282,0.0636651627401592,9.683252425,0.0032710866256282,2A,alto,5.0,Boedo,1,27.0,0.5999235583849603,1.7873662776382395,0.0013072260551381,0.7262366972989581,0.8153691824811038,alta,0,1,-1.2813357205245055,-0.0179288326656384,0.3109927233563148,-0.778209976737059
3109.803921568628,0.0556982122332635,0.0200566945471582,17.953897619047616,-0.0443017877667364,4+A,alto,5.0,Almagro,2,102.0,0.1090029036873714,1.3936690311929938,0.0013072260551381,0.7262366972989581,0.8153691824811038,media,0,2,0.322002850457976,-0.4083063719757832,1.0277411889142505,0.336734530330502
3191.468085106383,0.0425996072304531,0.0080496399612487,23.474394836324446,-0.0574003927695468,2A,bajo,15.0,Chacarita,4,47.0,0.4856887616583777,0.266156913202988,0.0016924644253836,0.3560200247570848,0.3145034612612011,alta,0,2,1.6867131960607111,-1.209004272282905,-0.6947526806570925,-0.4932545465650682
3535.714285714286,0.0430296194273451,0.0084438178083996,23.23980582,-0.0569703805726549,monoamb,alto,1.0,Retiro,4,28.0,0.4025181077877909,2.421180300805765,0.0018408245339653,1.3599759089981835,0.497858621461092,alta,0,2,0.9029682156216452,-0.7902210647603684,1.6996929748397522,-1.230302275436674
2034.4827586206893,0.0837546016107849,0.0457750514765528,11.939642488505749,-0.016245398389215,2A,alto,1.0,Retiro,0,29.0,0.3909977270105257,2.3150057563398603,0.0018408245339653,1.3599759089981835,0.497858621461092,alta,0,1,-1.4846441276873206,-0.9231251651442676,1.261489957567291,-0.4728569016910412
1644.4444444444443,0.0829305203372473,0.0450196436424767,12.05828681567865,-0.0170694796627526,2A,alto,1.0,Retiro,0,45.0,0.4398464714243131,2.1309912980487296,0.0018408245339653,1.3599759089981835,0.497858621461092,alta,0,1,-1.745911566650916,-1.0135527773123436,1.1983538957749391,-0.1296614420252244
2314.285714285714,0.0610064382103248,0.0249225683594644,16.391712568965517,-0.0389935617896751,2A,alto,1.0,Retiro,0,35.0,0.5408859597719146,2.2223070227732715,0.0018408245339653,1.3599759089981835,0.497858621461092,alta,0,1,-1.0978746313114034,-0.7675619756852243,1.2831245668415068,-0.2765738479597644
2811.3207547169814,0.0486032546954508,0.0135529834708299,20.574753815686275,-0.0513967453045491,3A,alto,1.0,Retiro,2,53.0,0.4814853554854957,2.3136424520567545,0.0018408245339653,1.3599759089981835,0.497858621461092,media,0,1,-0.141473523469921,-0.7823462721296276,1.5649280931801717,-0.3580836846422848
2750.0,0.0704121045174738,0.0335444291410176,14.202103556666668,-0.0295878954825261,monoamb,alto,1.0,Retiro,1,22.0,0.5408859597719146,2.2223070227732715,0.0018408245339653,1.3599759089981835,0.497858621461092,alta,0,1,-0.6165872294224051,-0.811366977427085,1.2662267973316677,-0.7731489907078747
1705.8823529411766,0.084611069593963,0.0465601471277994,11.818784525462965,-0.0153889304060369,3A,alto,1.0,Retiro,0,85.0,0.5204701654207161,2.219018913588928,0.0018408245339653,1.3599759089981835,0.497858621461092,alta,0,1,-1.6974052392901005,-0.9345596188706616,1.329420037878673,0.538486113702774
3300.0,0.0473325813700796,0.0123881995892396,21.1270962,-0.0526674186299203,monoamb,alto,2.0,Recoleta,0,30.0,0.903167991238368,2.6886790908060862,0.0014373274573867,1.0447534381885877,0.3343869191202226,alta,0,1,-0.2722305153385185,0.4231651553216806,0.7043643514801936,-0.3740115807433766
4383.561643835616,0.0372744078289377,0.0031682071765262,26.828058666666667,-0.0627255921710623,3A,bajo,13.0,Belgrano,2,73.0,0.4504442641233153,1.2987510153301016,0.001811257462251,0.3242107629327673,0.3362126271488234,alta,0,2,2.198254833182106,-0.6416647579800526,-0.1621268680994021,0.1232080333629848
1915.4228855721392,0.0458895400529641,0.0110654117152171,21.79145833333333,-0.0541104599470358,4+A,alto,5.0,Almagro,2,201.0,1.4021885024519758,1.024891536100964,0.0013072260551381,0.7262366972989581,0.8153691824811038,media,0,1,-0.41127239364636,0.2335028116026324,0.502586019844418,2.406016619293483
2716.6666666666665,0.0387105015784207,0.0044846264468856,25.83278333333333,-0.0612894984215793,4+A,alto,1.0,Retiro,1,180.0,0.4725303138781417,2.6888271933686108,0.0018408245339653,1.3599759089981835,0.497858621461092,alta,0,1,-0.3255293430285715,-0.5899388044390922,2.1618478138919577,2.0036477051036483
2030.3030303030305,0.0648527010413926,0.0284483092879432,15.419558228758172,-0.0351472989586073,monoamb,bajo,7.0,Flores,3,33.0,2.3384433445671475,1.2059374900042252,0.0007389240721516,0.4306612690454279,0.2791624172439522,alta,0,0,-0.4375326304497118,1.556339910209703,-1.6571232593324243,-0.4888714746473057
3816.6666666666665,0.0520865087565941,0.0167459663602113,19.19882948333333,-0.0479134912434058,3A,bajo,13.0,Colegiales,1,60.0,0.4424741798483734,0.944983381076736,0.001811257462251,0.3242107629327673,0.3362126271488234,alta,0,2,1.4315377767514494,-0.8706257366419483,-0.4678535574162254,0.1167827772091271
2777.777777777778,0.0624790074085051,0.0262724234577963,16.00537590909091,-0.0375209925914949,monoamb,medio,11.0,Villa Del Parque,2,27.0,0.562790551970134,3.051795760686723,0.0010693665978338,0.579459732816385,2.659087709873237,alta,0,3,-0.1842247478153583,2.063555505449316,2.9184624956722507,-1.6274135178843494
2300.0,0.0864334094584062,0.0482306253368724,11.5696003,-0.0135665905415937,3A,bajo,13.0,Belgrano,0,60.0,2.4721155634253384,2.4147061547619386,0.001811257462251,0.3242107629327673,0.3362126271488234,alta,0,0,-0.2559018386050603,1.1751964174842802,-1.318577286962594,0.4775143631348586
2069.767441860465,0.0813694938159795,0.0435887026646479,12.289618050980392,-0.0186305061840204,2A,bajo,13.0,Belgrano,0,43.0,0.738866028824146,1.5812044759484118,0.001811257462251,0.3242107629327673,0.3362126271488234,alta,0,1,-0.3462031924193757,-0.4859557707617294,-0.7514352606666941,0.0751707746659424
2751.6129032258063,0.0549346489523784,0.0193567615396802,18.2034475339394,-0.0450653510476215,monoamb,bajo,15.0,Chacarita,0,31.0,0.8951338356736732,0.4350873922001824,0.0016924644253836,0.3560200247570848,0.3145034612612011,alta,0,2,0.2684083763662567,-0.7200118307788872,-1.1205838107183317,0.0081720059320271
2400.0,0.0591657267125995,0.0232352494865495,16.901676960000003,-0.0408342732874004,monoamb,alto,1.0,Retiro,1,30.0,0.3371833155770586,2.5081973308022985,0.0018408245339653,1.3599759089981835,0.497858621461092,alta,0,1,-0.7869581392825786,-0.7918349033560321,1.52159341023322,-0.5986759841753553
4487.179487179487,0.0414644772621426,0.007009104156964,24.117028985507247,-0.0585355227378573,3A,bajo,13.0,Nuñez,1,78.0,1.3957562591168584,2.3488651680622943,0.001811257462251,0.3242107629327673,0.3362126271488234,alta,0,2,1.9495049714456625,0.6139913387882772,-0.3126468311259686,0.3998020819372465
1814.2857142857144,0.0586998548487208,0.022808200277994,17.03581725333333,-0.0413001451512792,3A,alto,3.0,Balvanera,1,70.0,0.3496341616070679,1.8573323929479573,0.0010344625327268,0.9331491918927998,0.3306390495886265,media,0,1,-1.326206713038453,-0.0686294443264147,0.5056346964142031,0.1952050291527406
3625.0,0.0454036673957503,0.0106200284461044,22.024652574509805,-0.0545963326042496,2A,bajo,13.0,Belgrano,0,44.0,1.3477435423742417,1.5326642374805008,0.001811257462251,0.3242107629327673,0.3362126271488234,alta,0,2,1.0607572866309365,0.1485524120471551,-0.8193685227246275,0.1525073427244153
2548.3870967741937,0.0754924715522789,0.0382014322562556,13.246353966666666,-0.0245075284477211,2A,bajo,14.0,Palermo,0,31.0,1.3638120288228797,1.004161021383865,0.0020354411558041,0.3173293561387364,0.7185047022536231,alta,0,2,0.2192689714313312,-0.3502611055609368,-0.8215997770234089,-0.1150041272554041
3406.25,0.050806532296324,0.0155726546049636,19.682508425641025,-0.049193467703676,monoamb,bajo,14.0,Palermo,3,32.0,0.7304488787001667,0.8341492952636004,0.0020354411558041,0.3173293561387364,0.7185047022536231,alta,0,2,1.785366552158843,-0.8787508296764934,-0.278455449364618,-0.7127400208415675
3735.725938009788,0.0548768574399831,0.0193037859866512,18.222617814689265,-0.0451231425600168,2A,bajo,14.0,Palermo,1,61.3,0.3283299695359051,1.2448806422355818,0.0020354411558041,0.3173293561387364,0.7185047022536231,media,0,2,1.5033518929600715,-0.8779461481306973,0.1374126209710869,0.0068923917140491
3026.315789473684,0.0697436119971849,0.0329316443307528,14.338230719113936,-0.030256388002815,monoamb,bajo,14.0,Palermo,1,38.0,0.2072946038216148,1.889470550661534,0.0020354411558041,0.3173293561387364,0.7185047022536231,alta,0,2,0.8367395701141389,-0.7116785893280002,0.2309499227499039,-0.4410732790207164
1832.9938900203665,0.0690266811646994,0.0322744577343078,14.487151679999998,-0.0309733188353005,3A,alto,3.0,Balvanera,1,58.92,0.4154469093579186,1.8704102027303344,0.0010344625327268,0.9331491918927998,0.3306390495886265,media,0,1,-1.4005732103247344,-0.0453012679733098,0.3958992303087167,-0.0324582201873374
2765.9574468085107,0.0655374203585717,0.0290759686620241,15.258458366666668,-0.0344625796414282,3A,bajo,13.0,Belgrano,0,47.0,2.004779686185946,2.88702372413414,0.001811257462251,0.3242107629327673,0.3362126271488234,alta,0,0,0.2249780084795042,1.19943827782914,-0.825919436810974,0.1904890258488889
2742.3529411764707,0.0456878198552892,0.0108805015340151,21.887671663200003,-0.0543121801447108,monoamb,alto,5.0,Almagro,1,34.0,0.4023327709151498,1.5151394065366914,0.0013072260551381,0.7262366972989581,0.8153691824811038,alta,0,1,-0.1549033376914299,-0.0399533958879443,0.6474453887971848,-0.5184032017333758
3032.157894736842,0.0517601261272155,0.0164467822832809,19.319891098066662,-0.0482398738727844,2A,alto,5.0,Almagro,1,38.0,0.3708492726375034,1.2334744241122986,0.0013072260551381,0.7262366972989581,0.8153691824811038,alta,0,1,0.0205609367374969,-0.2168018814869784,0.5779179325256997,-0.4914433889082231
2717.478260869565,0.054525388925886,0.0189816065153955,18.34008009295,-0.0454746110741139,3A,medio,12.0,Villa Urquiza,0,69.0,1.156700054626647,2.5528574367063404,0.0016590377581003,0.4997101681025006,0.2333980703538691,alta,0,0,0.0131437286234811,0.4654177550757945,-0.2635560804659815,0.5165395693832981
1987.179487179487,0.0977003110805043,0.0585586184904623,10.235381944444445,-0.0022996889194956,3A,medio,12.0,Villa Urquiza,0,78.0,0.4205965857529757,1.4833245065640082,0.0016590377581003,0.4997101681025006,0.2333980703538691,media,0,1,-0.8037561024325701,-0.8269969586646889,-0.4516335752356664,0.5580109450458176
2992.700729927007,0.0507862897537377,0.0155540989409263,19.69035353535353,-0.0492137102462622,4+A,alto,2.0,Recoleta,0,137.0,1.1552381295697596,2.519419171699272,0.0014373274573867,1.0447534381885877,0.3343869191202226,media,0,1,-0.4612062735037824,0.4245855473569038,0.8560133809531056,1.512255110285616
3097.5,0.0515730305485129,0.0162752780028035,19.38997940133333,-0.0484269694514871,2A,medio,12.0,Villa Urquiza,1,40.0,1.1759437687648673,2.4969707943670523,0.0016590377581003,0.4997101681025006,0.2333980703538691,alta,0,2,0.5445209112233402,0.4570114831767576,-0.3240829127522218,-0.1839858715006456
2739.1304347826085,0.0631101084934395,0.0268509327856528,15.84532215,-0.0368898915065605,3A,bajo,13.0,Belgrano,1,69.0,2.1086659793037854,2.543932575878957,0.001811257462251,0.3242107629327673,0.3362126271488234,alta,0,0,0.4944276934143061,1.0469069472897887,-0.8861118067244819,0.4371403969679534
3350.0,0.0476861669149258,0.0127123196720153,20.97044205259866,-0.0523138330850741,2A,alto,2.0,Recoleta,3,40.0,0.1703966799335196,2.240575111650834,0.0014373274573867,1.0447534381885877,0.3343869191202226,alta,0,2,0.5278492505433536,-0.4668824325976343,1.0677654040609983,-0.8232211392062427
1571.428571428571,0.0774533149692211,0.0399988720551194,12.911003233333336,-0.0225466850307788,monoamb,alto,3.0,Balvanera,0,35.0,0.5402920307754464,1.6473159353571003,0.0010344625327268,0.9331491918927998,0.3306390495886265,alta,0,1,-1.9076592208447676,-0.0632324966666696,0.0771063087448789,-0.2254744212661048
2087.719298245614,0.0848378051399337,0.0467679880449392,11.787197916666663,-0.0151621948600662,3A,bajo,15.0,Villa Crespo,0,57.0,0.2059496923753993,1.012374558469217,0.0016924644253836,0.3560200247570848,0.3145034612612011,alta,0,1,-0.4498801312950569,-1.0750538239013512,-0.6257812336417055,0.2557330901728579
2788.4615384615386,0.0587576872180298,0.022861213283194,17.019049716666668,-0.0412423127819701,3A,medio,12.0,Villa Pueyrredon,0,52.0,1.385127494471152,3.70126514867862,0.0016590377581003,0.4997101681025006,0.2333980703538691,media,0,0,-0.0229086045021868,1.2271372709808823,-0.0472111133671939,0.1348257871032948
3092.8571428571427,0.0452556320720853,0.0104843293994115,22.09669723333333,-0.0547443679279146,2A,medio,11.0,Villa Del Parque,0,42.0,0.5824035709114751,2.986934847062797,0.0010693665978338,0.579459732816385,2.659087709873237,alta,0,3,-0.3026598430371514,2.2025967322936104,2.9707160574571065,-0.9591551639204086
2507.692307692308,0.0619368025254731,0.025775402315017,16.145489583333333,-0.0380631974745268,3A,bajo,15.0,Villa Crespo,1,65.0,0.7890723379242436,0.8814852530403214,0.0016924644253836,0.3560200247570848,0.3145034612612011,alta,0,2,0.2847236947756249,-0.6643439345864357,-0.798499679421153,0.3480622236902727
3600.0,0.0552213449317595,0.0196195661874462,18.1089396,-0.0447786550682404,2A,bajo,14.0,Palermo,0,30.0,1.1455135419259967,0.8148452403761418,0.0020354411558041,0.3173293561387364,0.7185047022536231,alta,0,2,1.149101999847381,-0.4675510605083239,-0.6091901997270781,-0.1803663726946456
2709.090909090909,0.0571802996417069,0.0214152746715646,17.488540743333335,-0.042819700358293,3A,bajo,13.0,Belgrano,0,55.0,0.5050924528276451,1.2783420352374515,0.001811257462251,0.3242107629327673,0.3362126271488234,alta,0,2,0.3267908681266245,-0.6911841044070325,-0.5430436505796322,0.3035680883467205
2490.0,0.058283401774096,0.0224264516262547,17.15754347826087,-0.0417165982259039,3A,bajo,13.0,Belgrano,0,100.0,0.5886446206808885,1.7354538513755913,0.001811257462251,0.3242107629327673,0.3362126271488234,alta,0,2,0.1651310142032454,-0.4346613097781495,-0.2844906609492241,1.0613101243120906
1413.0326086956522,0.0884761980702109,0.05010318156436,11.302474810303703,-0.011523801929789,4+A,alto,3.0,Balvanera,0,92.0,0.1643472963960599,2.565391912347098,0.0010344625327268,0.9331491918927998,0.3306390495886265,media,0,1,-2.110439577219279,0.0661312163184789,0.754756349920335,0.5849275518542116
2181.818181818182,0.0828320173976393,0.0449293492811693,12.0726264,-0.0171679826023606,3A,bajo,13.0,Colegiales,0,66.0,0.4116410035146394,1.2932078497723187,0.001811257462251,0.3242107629327673,0.3362126271488234,alta,0,1,-0.2506931092286579,-0.8819413271616748,-0.5932784024254925,0.4265207270420779
2441.3793103448274,0.0601685356399317,0.0241544910032707,16.619982344000004,-0.0398314643600682,monoamb,alto,5.0,Almagro,1,29.0,0.2483303301295642,1.4093021183762018,0.0013072260551381,0.7262366972989581,0.8153691824811038,alta,0,1,-0.4840787796231983,-0.2737344339956175,0.5916214667807067,-0.6429419124619004
2914.8936170212764,0.0559699137368824,0.0203057542588089,17.86674184814815,-0.0440300862631175,2A,bajo,14.0,Palermo,0,47.0,1.0739216398222136,1.5707269379304138,0.0020354411558041,0.3173293561387364,0.7185047022536231,alta,0,2,0.6275804766475378,-0.1769189304792478,-0.299084241925473,0.112040096867508
2388.8888888888887,0.0544875064609056,0.0189468809224968,18.35283104242424,-0.0455124935390943,3A,alto,6.0,Caballito,2,54.0,1.927480915930685,0.8205030244230248,0.0014709557236647,0.6815238874122538,0.2822013725531903,media,0,2,-0.0160368590201574,0.1506256848881028,-1.0257093197740466,0.111519177285909
1657.142857142857,0.080791819924791,0.0430591682643918,12.377490703030302,-0.0192081800752089,2A,alto,3.0,Balvanera,0,35.0,0.7772227895755635,1.4465300782527688,0.0010344625327268,0.9331491918927998,0.3306390495886265,alta,0,1,-1.866087333457528,-0.0057946453530482,-0.1272810751507348,-0.201282610661013
3667.567567567568,0.0470884191964683,0.0121643842634292,21.236644106222226,-0.0529115808035317,2A,bajo,15.0,Chacarita,1,37.0,0.5348681206524117,0.5189161692722473,0.0016924644253836,0.3560200247570848,0.3145034612612011,alta,0,2,1.2430593858548311,-0.8962717732060663,-0.7387096222501859,-0.2023837514336989
2330.0,0.0731318853786637,0.0360375615971084,13.673926151666668,-0.0268681146213362,2A,alto,2.0,Recoleta,0,30.0,2.4303610332756898,1.6395378884650298,0.0014373274573867,1.0447534381885877,0.3343869191202226,alta,0,0,-1.1508085427086796,0.8146571559714633,-0.6682312809830131,-0.0787259511469821
2865.3846153846152,0.0571802996417069,0.0214152746715646,17.488540743333335,-0.042819700358293,3A,medio,12.0,Villa Urquiza,0,52.0,1.6332888381091664,3.0877635060548894,0.0016590377581003,0.4997101681025006,0.2333980703538691,media,0,0,0.0663755617093998,1.094414776494591,-0.3863812011526026,0.2178491104170651
1845.0,0.0738850050654901,0.0367279213100326,13.534546003125,-0.0261149949345098,3A,alto,2.0,Recoleta,0,100.0,0.9229508268491846,1.7811038897598883,0.0014373274573867,1.0447534381885877,0.3343869191202226,alta,0,1,-1.4641740268737364,-0.2602317144810991,0.3964576528009833,0.9489488944765544
1410.2564102564102,0.1099837072562941,0.0698183983182695,9.092255798122066,0.009983707256294,2A,bajo,7.0,Flores,1,39.0,1.5486017738378333,1.4140997346768964,0.0007389240721516,0.4306612690454279,0.2791624172439522,alta,0,0,-1.7315190192235892,0.9795509640451638,-1.4316532738601897,-0.2676566484551257
2297.297297297297,0.0701635912074121,0.0333166252734611,14.252406166666669,-0.0298364087925878,2A,alto,5.0,Almagro,0,37.0,1.242251554899119,0.8842877431841417,0.0013072260551381,0.7262366972989581,0.8153691824811038,alta,0,1,-0.8972011037158412,0.1557636138534384,-0.1804754126169625,-0.1721433498184104
2062.5,0.0688473910837521,0.0321101084934394,14.5248786375,-0.0311526089162478,3A,medio,11.0,Villa Devoto,0,48.0,1.4638750978954391,4.392704591712684,0.0010693665978338,0.579459732816385,2.659087709873237,media,0,3,-1.2919768357937191,3.4162937915067,2.8456926098807678,-0.8393573216373695
2793.75,0.0524152746715646,0.0170473351156009,19.07840808363636,-0.0475847253284353,monoamb,medio,11.0,Villa Del Parque,1,32.0,0.6909113169717401,3.2041145897746706,0.0010693665978338,0.579459732816385,2.659087709873237,alta,0,3,-0.3439601667865685,2.3124915056627287,2.9324925706426974,-1.3124688536198057
3125.0,0.0425993232330716,0.0080493796303156,23.47455133333333,-0.0574006767669283,2A,bajo,15.0,Villa Crespo,1,48.0,0.3422622741865843,0.9593221677754764,0.0016924644253836,0.3560200247570848,0.3145034612612011,alta,0,2,0.8757222356528291,-0.8260094990319203,-0.4658808871623701,0.0046061129468621
1904.7619047619048,0.0685139115331902,0.0318044189054243,14.595575958549222,-0.0314860884668097,3A,alto,5.0,Almagro,1,63.0,0.5367372400931356,1.7340843743708072,0.0013072260551381,0.7262366972989581,0.8153691824811038,alta,0,1,-0.935255848960262,0.0207192063395177,0.5989440408565327,-0.027601384737798
5650.0,0.025685959365929,-0.0074545372478983,38.93177536231884,-0.0743140406340709,3A,bajo,13.0,Belgrano,4,100.0,2.025561990518586,2.7137471012889507,0.001811257462251,0.3242107629327673,0.3362126271488234,alta,0,2,3.6472095591077993,1.2425221387323535,-0.1870258176576416,0.2087766709827195
1623.931623931624,0.0997720991511415,0.060457757555213,10.022842142322098,-0.0002279008488584,4+A,bajo,15.0,Chacarita,2,117.0,0.4856887616583777,0.266156913202988,0.0016924644253836,0.3560200247570848,0.3145034612612011,media,0,1,-0.3534373560461547,-1.4659702825130556,-0.8605730570597813,0.9973000542441652
3443.396226415094,0.0431828756061274,0.0085843026389501,23.15732766666667,-0.0568171243938725,4+A,medio,11.0,Villa Devoto,0,106.0,1.2949063659316438,4.224385811159564,0.0010693665978338,0.579459732816385,2.659087709873237,media,0,3,-0.0511238849612857,3.351997316869224,3.300553745670114,0.0869573302796003
1842.1052631578948,0.1021588570226702,0.0626456189374477,9.788676470588236,0.0021588570226702,3A,bajo,14.0,Palermo,0,57.0,0.2087605654392655,1.72426794917858,0.0020354411558041,0.3173293561387364,0.7185047022536231,alta,0,1,-0.5058960216069948,-0.954570146985772,-0.0177271580182608,0.0769355966979039
2923.076923076923,0.0485781756166606,0.0135299943152722,20.585375784615383,-0.0514218243833393,2A,alto,3.0,Balvanera,3,39.0,0.2827794361471435,2.134359358228442,0.0010344625327268,0.9331491918927998,0.3306390495886265,alta,0,1,0.022899085180491,0.0637405688307207,0.722648615866546,-0.816863161993327
2352.9411764705883,0.0650699337469765,0.0286474392680618,15.368080808080808,-0.0349300662530234,4+A,alto,2.0,Recoleta,0,136.0,0.8492563840298999,2.6755146036815307,0.0014373274573867,1.0447534381885877,0.3343869191202226,media,0,1,-1.0409602604032042,0.1972065916483862,0.9621531167518104,1.4537173522892626
1866.6666666666667,0.0734077623569895,0.0362904488272404,13.622537561312608,-0.0265922376430104,3A,alto,5.0,Almagro,1,60.0,1.3039023603028663,1.4569204967044405,0.0013072260551381,0.7262366972989581,0.8153691824811038,alta,0,1,-0.9987253812992518,0.4060680634444307,0.0569739935074358,0.0311594578668567
1931.8181818181813,0.0826928039230214,0.0448017369294363,12.092950686868688,-0.0173071960769785,3A,alto,6.0,Caballito,1,44.0,0.768335939188576,0.6513553198888827,0.0014709557236647,0.6815238874122538,0.2822013725531903,media,0,1,-0.8041022491453423,-0.8494591521523279,-0.6839791669879729,-0.0857112497399165
2500.0,0.0898346080697858,0.0513483907306369,11.13156746031746,-0.0101653919302142,3A,bajo,14.0,Palermo,3,118.0,0.4653139200011721,1.943428622223651,0.0020354411558041,0.3173293561387364,0.7185047022536231,media,0,2,0.8278916400143406,-0.7337008961961615,0.3402925647826735,0.5545023518868559
2390.243902439024,0.0738967852002263,0.0367387197668741,13.532388415686276,-0.0261032147997736,2A,bajo,13.0,Belgrano,0,41.0,2.4721155634253384,2.4147061547619386,0.001811257462251,0.3242107629327673,0.3362126271488234,alta,0,0,-0.1021582529144172,1.237090532640717,-1.3300060037335608,0.1989606374863908
5116.279069767442,0.0286809625331026,-0.0047091176779892,34.86633333333333,-0.0713190374668974,monoamb,bajo,13.0,Belgrano,1,43.0,2.0519339631470133,2.417607471412612,0.001811257462251,0.3242107629327673,0.3362126271488234,alta,0,2,2.479326534204508,1.223203703542839,-0.6619993898552738,-0.1301814209704373
2844.8275862068967,0.0516355433128141,0.0163325813700796,19.36650485,-0.0483644566871858,monoamb,alto,3.0,Balvanera,3,29.0,0.2106199709705745,2.0218586186777645,0.0010344625327268,0.9331491918927998,0.3306390495886265,alta,0,1,-0.0582526558056006,-0.0570072679698332,0.6663396581771371,-0.9910453714511398
2861.9718309859154,0.0419284677490862,0.0074344287699957,23.85014415466667,-0.0580715322509137,3A,medio,11.0,Villa Del Parque,0,71.0,0.1338716880446905,3.292581418985808,0.0010693665978338,0.579459732816385,2.659087709873237,alta,0,3,-0.4364385455136859,2.0237793429326727,3.418068841872452,-0.5111930450120621
2235.294117647059,0.0560517410961469,0.020380762671468,17.840659013333333,-0.043948258903853,monoamb,alto,3.0,Balvanera,3,34.0,0.3210504224450496,2.169374034655424,0.0010344625327268,0.9331491918927998,0.3306390495886265,alta,0,1,-0.5386167017252288,0.0436317152489476,0.6102849181171603,-0.851453924153823
1944.4444444444443,0.0559876819634656,0.0203220417998434,17.861071666666668,-0.0440123180365343,2A,medio,11.0,Villa Santa Rita,0,54.0,1.2075282124596758,1.9814727163048664,0.0010693665978338,0.579459732816385,2.659087709873237,alta,0,3,-1.1801897590398849,2.0095605181354643,2.183478314346455,-0.4984271292732395
2049.1803278688526,0.0817907006074975,0.0439748088902061,12.226328819444443,-0.0182092993925024,3A,medio,12.0,Villa Pueyrredon,0,61.0,2.005351296703324,3.3801421140372114,0.0016590377581003,0.4997101681025006,0.2333980703538691,alta,0,0,-0.7277919718532357,1.3692972551835534,-0.6129189406362825,0.3844837697480021
2072.7272727272725,0.0822092202743488,0.044358451918153,12.16408569090909,-0.0177907797256511,monoamb,medio,11.0,Villa Gral. Mitre,5,27.5,1.8888801512101627,1.316655130211876,0.0010693665978338,0.579459732816385,2.659087709873237,alta,0,3,-0.0569316367691787,1.86265074675338,1.5493249221932548,-1.848280002353096
3350.0,0.0476861669149258,0.0127123196720153,20.97044205259866,-0.0523138330850741,2A,alto,2.0,Recoleta,3,40.0,0.1703966799335196,2.240575111650834,0.0014373274573867,1.0447534381885877,0.3343869191202226,alta,0,2,0.5278492505433536,-0.4668824325976343,1.0677654040609983,-0.8232211392062427
3792.0,0.049429594468754,0.0143104615963578,20.23079514909091,-0.0505704055312459,monoamb,alto,2.0,Recoleta,3,25.0,0.1703966799335196,2.240575111650834,0.0014373274573867,1.0447534381885877,0.3343869191202226,alta,0,2,0.826653401452379,-0.438494107158994,1.043311474645795,-1.13744025121167
1407.766990291262,0.1218446408302841,0.0806909207610938,8.207172619047618,0.0218446408302841,4+A,alto,5.0,Almagro,0,103.0,0.2489744292037509,1.1108583877857088,0.0013072260551381,0.7262366972989581,0.8153691824811038,media,0,1,-1.9130148637846884,-0.7155999970355595,0.3906979803133867,0.6748711222499525
2214.285714285714,0.0687085858597929,0.0319828703714769,14.554221826666668,-0.031291414140207,monoamb,alto,3.0,San Cristobal,1,28.0,0.4597159564634559,0.8932191862260147,0.0010344625327268,0.9331491918927998,0.3306390495886265,alta,0,1,-1.1014380062117437,-0.4831703305060724,-0.055722433841202,-0.5124613029930961
2950.0,0.0541516820759385,0.0186390419029436,18.46664704888889,-0.0458483179240614,2A,medio,12.0,Villa Urquiza,1,40.0,1.1154757862742188,2.4295729713370293,0.0016590377581003,0.4997101681025006,0.2333980703538691,alta,0,2,0.4204097035376684,0.3602577789899781,-0.3382862056102249,-0.1803660296269102
2514.75,0.0577492655601112,0.0219368267634353,17.316237536546666,-0.0422507344398887,2A,medio,12.0,Villa Urquiza,0,44.0,1.156700054626647,2.5528574367063404,0.0016590377581003,0.4997101681025006,0.2333980703538691,alta,0,0,-0.1723342191402172,0.4553411586635063,-0.383206764491772,0.1017218870577448
3888.8888888888887,0.0572893955691161,0.0215152792716898,17.45523739718218,-0.0427106044308838,monoamb,bajo,14.0,Palermo,0,36.0,0.3115781448924691,1.2679176686965996,0.0020354411558041,0.3173293561387364,0.7185047022536231,alta,0,2,1.3352374612220108,-0.8209015575353467,0.0352907479040697,-0.2718257451790939
3062.5,0.0556399323860527,0.0200032713538817,17.972703364583335,-0.0443600676139472,4+A,bajo,13.0,Belgrano,0,80.0,0.5677794088278099,1.2635633206383774,0.001811257462251,0.3242107629327673,0.3362126271488234,media,0,2,0.6083310263787155,-0.6411433062718873,-0.4563524746407026,0.7030327550073611
2969.696969696969,0.0521624366119244,0.0168155668942641,19.170883588888888,-0.0478375633880755,monoamb,medio,12.0,Villa Urquiza,1,33.0,1.0515503431723192,2.2796539215826424,0.0016590377581003,0.4997101681025006,0.2333980703538691,alta,0,2,0.4527933289473507,0.2485391988623329,-0.3734809511415957,-0.2888151526217641
3333.333333333333,0.0400430361519855,0.0057061164726534,24.97313131313131,-0.0599569638480144,4+A,alto,2.0,Recoleta,1,156.0,1.5601119455630352,2.195449789119387,0.0014373274573867,1.0447534381885877,0.3343869191202226,media,0,1,0.1350759555761332,0.5514785423199611,0.6944305533407954,1.7399795530983402
1833.3333333333333,0.0677716505980685,0.0311240130482295,14.755432266666666,-0.0322283494019314,3A,alto,3.0,Balvanera,0,60.0,0.2106199709705745,2.0218586186777645,0.0010344625327268,0.9331491918927998,0.3306390495886265,media,0,1,-1.6400453040666174,-0.0660208480440404,0.5370820803947716,0.1346102453643919
2414.285714285714,0.0604960803309893,0.0244547403034068,16.52999656388889,-0.0395039196690106,3A,medio,12.0,Saavedra,3,70.0,2.7845071773997696,3.8495146776513054,0.0016590377581003,0.4997101681025006,0.2333980703538691,alta,0,0,0.4228536489260479,2.1389508281976704,-0.6206498919507946,0.1016650158557256
3093.75,0.0542173204784548,0.0186992104385836,18.44429033333333,-0.0457826795215451,monoamb,bajo,13.0,Belgrano,1,32.0,0.5197318269695986,1.383155361678255,0.001811257462251,0.3242107629327673,0.3362126271488234,alta,0,2,0.8587476699251999,-0.6219151845593202,-0.5216153575538738,-0.3097491289768559
2245.0,0.0674545577615954,0.0308333446147958,14.824795138888888,-0.0325454422384045,4+A,bajo,13.0,Belgrano,1,200.0,1.3477435423742417,1.5326642374805008,0.001811257462251,0.3242107629327673,0.3362126271488234,alta,0,2,0.2159317283647471,-0.1440560829318864,-0.4270439491947787,2.683846598612677
2722.222222222222,0.061810400887666,0.0256595341470272,16.178506944444443,-0.0381895991123339,3A,medio,12.0,Villa Urquiza,0,90.0,0.6358454015271124,1.9656703453303188,0.0016590377581003,0.4997101681025006,0.2333980703538691,media,0,1,-0.002965396805476,-0.2520794599005994,-0.148087955995983,0.8203314986040144
2187.5,0.0527420192409458,0.017346850970867,18.96021453846154,-0.0472579807590541,2A,alto,3.0,San Cristobal,1,48.0,0.3955004842975991,1.2093023545084718,0.0010344625327268,0.9331491918927998,0.3306390495886265,alta,0,1,-0.9964164332593204,-0.3180992539178396,0.2246262013389667,-0.1353377065514251
3697.6744186046512,0.0455464462240388,0.0107509090387023,21.95560977647059,-0.0544535537759611,2A,bajo,13.0,Colegiales,0,43.0,0.247961032836233,1.557967413094551,0.001811257462251,0.3242107629327673,0.3362126271488234,alta,0,2,1.1199329788327703,-0.620508081972986,-0.221342878302932,-0.0236920612685997
3380.9523809523807,0.0419993327650002,0.0074993883679168,23.809902066666663,-0.0580006672349997,2A,alto,5.0,Boedo,1,42.0,0.4596629305191248,1.4959989381780503,0.0013072260551381,0.7262366972989581,0.8153691824811038,alta,0,2,0.3414534083997453,0.0383524482386523,0.706215153098647,-0.4320884892104493
3021.7391304347825,0.0435785560215199,0.0089470096863932,22.947065972222223,-0.05642144397848,4+A,bajo,13.0,Belgrano,2,230.0,1.0365369913384157,1.9130343015124425,0.001811257462251,0.3242107629327673,0.3362126271488234,alta,0,2,1.2165142293897786,-0.0931502861600316,0.1731000671641539,2.948701244426598
3083.333333333333,0.0552639868969578,0.0196586546555446,18.09496665277777,-0.0447360131030421,2A,bajo,13.0,Nuñez,3,60.0,1.705248180571524,2.766004744667349,0.001811257462251,0.3242107629327673,0.3362126271488234,media,0,2,1.287905878691983,0.8435062160403172,-0.5019316500191594,-0.1621338093060912
3148.936170212766,0.0345399918105986,0.0006616591597154,28.951946644444444,-0.0654600081894013,2A,medio,9.0,Liniers,0,47.0,4.200976510998597,2.187736266714273,0.0005686137567445,0.5253496665574764,0.3428690900660959,media,0,0,-0.4033035262720175,3.873928788792235,-1.9462342052191115,0.4069625200444438
1272.7272727272727,0.1352102519417694,0.092942730946622,7.395888888888889,0.0352102519417694,4+A,alto,1.0,San Nicolas,1,110.0,0.8168693082637069,1.4080740612353349,0.0018408245339653,1.3599759089981835,0.497858621461092,alta,0,1,-2.12090794394412,-1.414225184259357,0.766593622332509,0.7178179662973703
2307.692307692308,0.1009569881165211,0.0615439057734777,9.905208333333333,0.0009569881165211,4+A,bajo,13.0,Belgrano,0,130.0,2.4721155634253384,2.4147061547619386,0.001811257462251,0.3242107629327673,0.3362126271488234,alta,0,0,-0.3272731655428217,1.0835800686112484,-1.1230391190698357,1.6019829174189395
2355.2631578947367,0.0656838726945685,0.0292102166366878,15.22443727777778,-0.0343161273054314,monoamb,alto,5.0,Almagro,3,38.0,1.0051748514492664,1.1421917161381887,0.0013072260551381,0.7262366972989581,0.8153691824811038,media,0,1,-0.0889755664881053,0.0124277655979588,0.157972652833375,-0.7469648977610688
3900.0,0.0349532908579049,0.0010405166197462,28.6096094375,-0.065046709142095,4+A,bajo,13.0,Belgrano,0,100.0,1.3477435423742417,1.5326642374805008,0.001811257462251,0.3242107629327673,0.3362126271488234,media,0,2,1.3717220483808417,0.1722384230256995,-0.5533740862818821,1.1168110414230006
3104.477611940298,0.038912843337902,0.0046701063930768,25.69845619649123,-0.061087156662098,2A,alto,6.0,Caballito,0,67.0,0.7201543552138089,0.66679108872411,0.0014709557236647,0.6815238874122538,0.2822013725531903,media,0,2,0.1553814731480591,-0.6153480537807251,-0.3308183978380165,0.5340770341426614
2818.7919463087246,0.0375279752291345,0.00340064396004,26.646788000000004,-0.0624720247708654,4+A,medio,11.0,Villa Devoto,0,149.0,0.5457528503109,4.087333081856787,0.0010693665978338,0.579459732816385,2.659087709873237,media,0,3,-0.4254250825712194,2.7039912747863637,3.777318442031642,0.8259754556046969
3285.714285714286,0.0466740411075393,0.0117845376819111,21.42518574074074,-0.0533259588924606,monoamb,bajo,13.0,Belgrano,1,35.0,2.1089834298038133,2.85616061885155,0.001811257462251,0.3242107629327673,0.3362126271488234,alta,0,0,0.989840248444534,1.322127197679794,-0.7870461928700611,-0.1590116049541924
3273.809523809524,0.0378588705436954,0.0037039646650541,26.413888888888888,-0.0621411294563045,4+A,alto,2.0,Recoleta,1,168.0,0.5357937178561464,3.215170756222205,0.0014373274573867,1.0447534381885877,0.3343869191202226,media,0,1,0.085327268379063,0.3494816241271525,1.6527568598480722,1.7364179738931131
2704.9180327868853,0.0650101817416992,0.0285926665965576,15.382205882352942,-0.0349898182583007,3A,bajo,14.0,Palermo,0,61.0,1.4661685106064666,1.1898942163467474,0.0020354411558041,0.3173293561387364,0.7185047022536231,alta,0,2,0.4229859837444207,-0.1488417806343289,-0.6472714156985184,0.419902260621562
3750.0,0.0305841295006668,-0.002964547957722,32.6966965,-0.0694158704993331,2A,alto,6.0,Caballito,0,52.0,0.2713947083708561,1.1359714776570495,0.0014709557236647,0.6815238874122538,0.2822013725531903,alta,0,2,0.666728555257645,-0.6136627406563776,0.1086909787443103,0.1399430788391379
3004.0,0.0680681596267456,0.0313958129911835,14.691156709444444,-0.0319318403732543,monoamb,medio,12.0,Villa Urquiza,1,25.0,0.9871082293990254,2.3367567212794103,0.0016590377581003,0.4997101681025006,0.2333980703538691,alta,0,2,0.3469978892481499,0.1804810233144527,-0.407627264584617,-0.5115816128507478
2742.8571428571427,0.0488117245378946,0.0137440808264033,20.486881163636365,-0.0511882754621053,monoamb,alto,2.0,Recoleta,2,35.0,0.3032677524457326,2.3025133717476933,0.0014373274573867,1.0447534381885877,0.3343869191202226,alta,0,1,-0.1733040929748694,-0.334537610283627,0.915118625030688,-0.6455023547314038
3273.08794357505,0.0527462812222986,0.0173507577871071,18.95868252371215,-0.0472537187777013,4+A,bajo,14.0,Palermo,1,90.74,0.7287210702275608,0.3906634285155002,0.0020354411558041,0.3173293561387364,0.7185047022536231,media,0,2,1.2292458880539157,-1.0741809365584007,-0.3053241885336086,0.6964102971487246
3951.6129032258063,0.033557834220338,-0.00023865196469,29.79930091537133,-0.0664421657796619,3A,alto,5.0,Almagro,1,62.0,0.2483303301295642,1.4093021183762018,0.0013072260551381,0.7262366972989581,0.8153691824811038,alta,0,2,0.8369769416672411,-0.1041234840224454,0.9407331002275992,-0.1437120670397808
2904.7619047619046,0.0446943719166653,0.0099698409236099,22.37418173958333,-0.0553056280833346,2A,medio,4.0,La Boca,6,42.0,1.3054783150068632,0.8341269096643833,0.0003390684780865,0.6643909367912209,0.3621231466264265,alta,0,0,0.5685696838706027,0.9852526111078462,-0.5859667782255403,-1.1330771488606437
1333.3333333333333,0.1952468981515784,0.1479763233056135,5.121720290909091,0.0952468981515784,monoamb,medio,4.0,Barracas,0,18.0,1.6090063862536832,2.706309788439562,0.0003390684780865,0.6643909367912209,0.3621231466264265,media,0,0,-3.314544714217422,1.803967547938916,-1.0782378347983073,-1.0284920670373672
2155.172413793104,0.0531639553948734,0.0177336257786339,18.809736645299143,-0.0468360446051265,3A,medio,4.0,Barracas,1,58.0,1.3180451168919427,1.84479583955458,0.0003390684780865,0.6643909367912209,0.3621231466264265,media,0,0,-1.30166543190698,1.650748943681295,-0.4251666570501844,0.0241805087081933
1600.0,0.0814712056832495,0.0436819385429787,12.27427520697168,-0.0185287943167504,3A,medio,4.0,La Boca,0,50.0,1.8675146823988809,2.151048111916934,0.0003390684780865,0.6643909367912209,0.3621231466264265,media,0,0,-2.192699332145242,2.113910480263401,-0.8270009273271614,0.0616710972690964
1875.0,0.0780987592606313,0.0405905293222454,12.804300727272729,-0.0219012407393686,2A,alto,3.0,Balvanera,1,32.0,0.2412192228407571,2.403046441138439,0.0010344625327268,0.9331491918927998,0.3306390495886265,alta,0,1,-1.4742394895885769,0.0926323344960855,0.54980107122714,-0.6025238502116066
2050.373134328358,0.0639571276929647,0.0276273670518843,15.63547388808081,-0.0360428723070352,3A,alto,6.0,Caballito,1,53.6,0.810030782425791,1.1047521796282491,0.0014709557236647,0.6815238874122538,0.2822013725531903,media,0,1,-0.5835589933451357,-0.5122517835620687,-0.4256194820725015,0.1124745943234136
2969.7624190064794,0.0851986464661433,0.0470987592606313,11.737275666666669,-0.0148013535338566,monoamb,alto,2.0,Recoleta,1,18.52,0.7678542953585561,2.4603503363693395,0.0014373274573867,1.0447534381885877,0.3343869191202226,alta,0,1,-0.5589607290658112,0.0122468490884643,0.5076348245592244,-0.8779606767082515
2233.333333333333,0.0613557416715136,0.0252427631988875,16.2983931537133,-0.0386442583284863,3A,alto,5.0,Almagro,3,60.0,0.0839126428406584,1.867493815370478,0.0013072260551381,0.7262366972989581,0.8153691824811038,alta,0,1,-0.1515736841556686,-0.2711435041660177,0.9954289042335572,-0.525311139079423
2797.619047619048,0.0751807358314519,0.0379156745121642,13.301279761904762,-0.024819264168548,3A,bajo,14.0,Palermo,1,84.0,0.9556997602429856,0.5496097099444549,0.0020354411558041,0.3173293561387364,0.7185047022536231,alta,0,2,0.6970814964886287,-0.9357039155563311,-0.5220767138998659,0.5569955375844972
2622.222222222222,0.0469314577991467,0.0120205029825511,21.30766967179488,-0.0530685422008532,2A,medio,10.0,Monte Castro,2,45.0,0.8527730311479326,3.335221644092748,0.0007950753514594,0.4818638493693606,0.3093771634352494,alta,0,0,-0.187505741501214,1.6627065182575194,0.1409009484953211,-0.4805779558426154
2205.8823529411766,0.0738388269373242,0.0366855913592138,13.543010384615386,-0.0261611730626757,2A,bajo,15.0,Villa Crespo,0,34.0,0.5332483193272708,0.997072781107838,0.0016924644253836,0.3560200247570848,0.3145034612612011,alta,0,1,-0.2922068231265753,-0.7887875088069658,-0.8356159847134106,-0.0554188606389545
3000.0,0.0460990813317448,0.0112574912207661,21.69240625,-0.0539009186682551,3A,bajo,15.0,Villa Crespo,2,73.0,0.4611175080194905,0.8070957277152206,0.0016924644253836,0.3560200247570848,0.3145034612612011,alta,0,2,1.0217423850067766,-0.897352375149869,-0.4865992775793075,0.2737684559983962
3394.736842105264,0.056138643020327,0.020460422768633,17.813041894117646,-0.043861356979673,2A,bajo,13.0,Belgrano,2,38.0,1.5533186943430224,2.465335113970874,0.001811257462251,0.3242107629327673,0.3362126271488234,alta,0,2,1.261673425031115,0.6479667713888627,-0.6165254205083179,-0.3875316574429207
4061.224489795919,0.0363913816563928,0.0023587665183601,27.479033619607847,-0.0636086183436071,2A,bajo,13.0,Belgrano,1,49.0,1.9198299845538145,2.238569452333135,0.001811257462251,0.3242107629327673,0.3362126271488234,alta,0,2,1.6650280218999205,0.940409098501228,-0.7515425577581263,0.0592611246357693
2397.590361445783,0.0887812709567397,0.0503828317103447,11.263636904761904,-0.0112187290432602,3A,bajo,14.0,Palermo,1,83.0,0.541613813782222,1.895504017325074,0.0020354411558041,0.3173293561387364,0.7185047022536231,alta,0,2,0.2523814996816286,-0.6017686040197506,0.0895613855894336,0.3583149713741366
2746.212121212121,0.0517067647518662,0.0163978676892107,19.33982922348485,-0.0482932352481337,3A,medio,10.0,Velez Sarsfield,1,52.8,2.815979462699026,1.6134281884964512,0.0007950753514594,0.4818638493693606,0.3093771634352494,media,0,0,-0.3282130720194801,2.195376989080766,-1.5343441654111445,0.2095369973876927
2222.222222222222,0.0780987592606313,0.0405905293222454,12.804300727272729,-0.0219012407393686,monoamb,bajo,15.0,Villa Ortuzar,1,27.0,0.2597514075466326,0.4355700455583979,0.0016924644253836,0.3560200247570848,0.3145034612612011,alta,0,2,-0.0478908437665145,-1.3312332642718614,-0.8998578826799419,-0.367809617718237
2564.102564102564,0.0725628352087496,0.0355159322746871,13.781159420289857,-0.0274371647912504,3A,bajo,13.0,Belgrano,1,78.0,0.8814216957796442,1.6898878532079613,0.001811257462251,0.3242107629327673,0.3362126271488234,alta,0,2,0.3405772553579892,-0.3273701392458981,-0.555604885480021,0.4763074785886649
2533.333333333333,0.0560517410961469,0.020380762671468,17.840659013333333,-0.043948258903853,monoamb,alto,3.0,Balvanera,3,30.0,0.2827794361471435,2.134359358228442,0.0010344625327268,0.9331491918927998,0.3306390495886265,alta,0,1,-0.3230359606453639,0.0180159954416301,0.6284106541659271,-0.95655825372972
2485.714285714286,0.0616955715789313,0.0255542739473537,16.208618777777776,-0.0383044284210686,monoamb,bajo,13.0,Nuñez,3,35.0,1.887148290524928,2.7393975989959927,0.001811257462251,0.3242107629327673,0.3362126271488234,alta,0,0,0.7904942893616006,0.9142446034149866,-0.7735349776475664,-0.5178802084299683
3281.25,0.0405707840314968,0.0061898853622054,24.648278900000005,-0.0594292159685031,monoamb,alto,5.0,Almagro,3,32.0,0.9051212846709912,0.4914591613026458,0.0013072260551381,0.7262366972989581,0.8153691824811038,alta,0,2,0.8016057176053012,-0.2484162812864624,0.1330844821953064,-0.8065081369706912
1705.8823529411766,0.0803021725313074,0.0426103248203652,12.452963207317074,-0.0196978274686925,3A,alto,3.0,Balvanera,0,51.0,0.1880894689762569,2.5788220211270896,0.0010344625327268,0.9331491918927998,0.3306390495886265,media,0,1,-1.856391251437634,0.1603713678690277,0.6556097710920084,-0.1079857738363164
2978.723404255319,0.0395565144307094,0.0052601382281502,25.28028605128205,-0.0604434855692906,2A,medio,10.0,Monte Castro,1,47.0,2.2782400352865904,2.519154023045275,0.0007950753514594,0.4818638493693606,0.3093771634352494,alta,0,0,-0.0971859426253749,2.345736207847403,-0.8771341911276704,-0.0120305975306603
2840.909090909091,0.0477112420210402,0.0127353051859535,20.959420833333336,-0.0522887579789597,2A,alto,5.0,Almagro,0,44.0,0.6467111918080719,0.8455326940869717,0.0013072260551381,0.7262366972989581,0.8153691824811038,alta,0,1,-0.3168559725910982,-0.1795308383181889,0.2826424996807757,-0.0959543726082286
2722.222222222222,0.0424946506102704,0.0079534297260812,23.53237373737374,-0.0575053493897296,4+A,alto,2.0,Recoleta,1,180.0,0.6867382603737738,2.728685046126324,0.0014373274573867,1.0447534381885877,0.3343869191202226,media,0,1,-0.3274153044367203,0.1465502063341512,1.3776205631165015,2.0460946267766755
3495.9349593495936,0.048424136741936,0.0133887920134413,20.650858585858582,-0.0515758632580639,4+A,alto,2.0,Recoleta,1,123.0,0.4505288281837097,2.398106253868497,0.0014373274573867,1.0447534381885877,0.3343869191202226,media,0,1,0.1712536006725292,-0.1389626505786821,1.220530553353804,0.9575679515635956
2764.705882352941,0.0580075890833316,0.0221736233263873,17.239123635416668,-0.0419924109166683,4+A,bajo,13.0,Nuñez,1,85.0,2.332707679644389,3.262685929537098,0.001811257462251,0.3242107629327673,0.3362126271488234,media,0,0,0.5324360116850237,1.5941358875502285,-0.6688227209905746,0.6975698627821619
1437.5,0.1012505653655616,0.0618130182517648,9.876488060975609,0.0012505653655616,3A,alto,3.0,Balvanera,0,48.0,0.2832628292385483,2.2709116990757634,0.0010344625327268,0.9331491918927998,0.3306390495886265,media,0,1,-2.2060534295484477,-0.0236441203445404,0.378837146192136,-0.1800297208362827
2080.6451612903224,0.0782612310980784,0.0407394618399052,12.777718749999998,-0.0217387689019215,3A,bajo,15.0,Chacarita,0,62.0,0.4856887616583777,0.266156913202988,0.0016924644253836,0.3560200247570848,0.3145034612612011,alta,0,1,-0.3748600061497761,-1.2440253337376634,-0.9983750613231424,0.4707884197909565
2333.333333333333,0.0730274112566942,0.0359417936519697,13.693488277777778,-0.0269725887433057,3A,medio,12.0,Villa Urquiza,0,60.0,0.906125346992158,2.352772507123287,0.0016590377581003,0.4997101681025006,0.2333980703538691,alta,0,1,-0.4056307730041903,0.0958084864307519,-0.3387203427671514,0.311257947529617
2553.191489361702,0.0709988720551194,0.0340822993838594,14.0847308,-0.0290011279448805,3A,bajo,13.0,Belgrano,0,47.0,2.0216004028089025,2.81455109103404,0.001811257462251,0.3242107629327673,0.3362126271488234,alta,0,0,0.0304862652866107,1.1408441216617695,-0.9000024331499096,0.2000167199700508
3600.0,0.0354994360275597,0.0015411496919297,28.1694616,-0.0645005639724402,2A,medio,12.0,Villa Urquiza,0,50.0,0.9188267518001122,2.374940198731807,0.0016590377581003,0.4997101681025006,0.2333980703538691,alta,0,2,0.8008415590744895,0.3353874639034044,-0.1204229542852138,0.1563226941184281
2125.0,0.0689106699358512,0.0321681141078636,14.511540824242424,-0.0310893300641487,monoamb,bajo,15.0,Parque Chas,0,32.0,1.030274861928875,1.6991997460983783,0.0016924644253836,0.3560200247570848,0.3145034612612011,alta,0,1,-0.3438877503008157,-0.0520057970880821,-0.8443961775213618,-0.0508072569762299
1203.4118301501946,0.090580995472479,0.0520325791831057,11.039843344444444,-0.0094190045275209,2A,medio,11.0,Villa Devoto,1,53.93,0.8850234050448977,3.9113100336889945,0.0010693665978338,0.579459732816385,2.659087709873237,alta,0,3,-1.8130535575378544,2.5736792635526515,2.878218113629848,-0.9534824755041696
1637.1681415929204,0.1465048292638352,0.1032960934918489,6.82571356196823,0.0465048292638352,4+A,alto,6.0,Caballito,0,113.0,1.2153862450449142,1.0769188694825813,0.0014709557236647,0.6815238874122538,0.2822013725531903,media,0,1,-1.7478196453988877,-0.5544740925504695,-0.8298570354912239,1.05005567673948
1636.3636363636365,0.0662656139181114,0.0297434794249355,15.090783,-0.0337343860818885,2A,alto,6.0,Caballito,1,55.0,1.5891820232244889,0.8286146785612006,0.0014709557236647,0.6815238874122538,0.2822013725531903,alta,0,1,-0.8970621519880602,-0.133257858152679,-0.9785921738402082,0.3028873428179529
3150.6849315068494,0.044451467721466,0.0097471787446772,22.49644502777777,-0.0555485322785339,3A,alto,2.0,Recoleta,1,73.0,1.1259151365001037,2.109902747433258,0.0014373274573867,1.0447534381885877,0.3343869191202226,media,0,1,-0.0689822421478673,0.215163725989397,0.5638628331549209,0.281502770774903
3390.243902439024,0.0459704926975593,0.011139618306096,21.75308423555556,-0.0540295073024406,2A,medio,12.0,Saavedra,1,41.0,2.261154924195444,3.3057710931447413,0.0016590377581003,0.4997101681025006,0.2333980703538691,alta,0,0,0.7616686638795509,1.6934332594099193,-0.564388564053929,-0.0992342295912748
2081.395348837209,0.0713955137984441,0.0344458876485737,14.006482295555555,-0.0286044862015558,3A,alto,6.0,Caballito,1,86.0,1.0634589804045915,0.7756757869808509,0.0014709557236647,0.6815238874122538,0.2822013725531903,media,0,1,-0.5919586593803899,-0.5463379628918026,-0.5885979656392303,0.6884634304311349
2944.4444444444443,0.0535840543812222,0.0181187165161203,18.66226831,-0.0464159456187777,3A,bajo,13.0,Belgrano,0,54.0,1.470198661781938,1.912470827092133,0.001811257462251,0.3242107629327673,0.3362126271488234,alta,0,2,0.4931328720445562,0.3583658504510405,-0.8015553477557216,0.3509299252421958
1750.0,0.0783016131807888,0.0407764787490564,12.77112896373057,-0.0216983868192111,3A,alto,5.0,Boedo,0,60.0,1.147519434777602,1.516445693088308,0.0013072260551381,0.7262366972989581,0.8153691824811038,alta,0,1,-1.3687620209803173,0.3430204779154445,0.1015380731103552,0.1810708523349517
2947.368421052632,0.0716117444613952,0.0346440990896123,13.964189917745744,-0.0283882555386047,monoamb,bajo,14.0,Palermo,0,38.0,0.3115781448924691,1.2679176686965996,0.0020354411558041,0.3173293561387364,0.7185047022536231,alta,0,2,0.5413835599930499,-0.9308572570630088,-0.0919937659364085,-0.1898309389092564
4193.548387096775,0.039322452215143,0.0050455811972144,25.430763944444447,-0.0606775477848569,2A,bajo,13.0,Belgrano,3,62.0,1.969026523020436,2.364162178902646,0.001811257462251,0.3242107629327673,0.3362126271488234,media,0,2,2.2318821019879307,0.9459492198385052,-0.6243300015365841,-0.1195350666028246
1875.0,0.0624790074085051,0.0262724234577963,16.00537590909091,-0.0375209925914949,4+A,bajo,7.0,Parque Chacabuco,0,80.0,1.4021471157774674,1.1331013309438882,0.0007389240721516,0.4306612690454279,0.2791624172439522,media,0,0,-1.2344535917665782,0.9497451072140688,-1.1108453460249246,0.7689614181119853
2904.7619047619046,0.0768184517317685,0.0394169140874545,13.01770573939394,-0.0231815482682314,monoamb,alto,2.0,Recoleta,0,21.0,0.3482478766375324,3.1192389748365352,0.0014373274573867,1.0447534381885877,0.3343869191202226,alta,0,1,-0.8065600590909667,0.1245128616142594,0.9727044719756078,-0.7200880076520819
3202.247191011236,0.0430477371618408,0.0084604257316874,23.230024756944445,-0.0569522628381591,3A,alto,1.0,Retiro,2,89.0,0.5501261423074824,2.597033382151042,0.0018408245339653,1.3599759089981835,0.497858621461092,alta,0,1,0.1932624792874203,-0.5613658373884843,1.8136671192880356,0.2169260007799246
3495.9349593495936,0.048424136741936,0.0133887920134413,20.650858585858582,-0.0515758632580639,4+A,alto,2.0,Recoleta,1,123.0,0.4505288281837097,2.398106253868497,0.0014373274573867,1.0447534381885877,0.3343869191202226,media,0,1,0.1712536006725292,-0.1389626505786821,1.220530553353804,0.9575679515635956
2722.222222222222,0.0424946506102704,0.0079534297260812,23.53237373737374,-0.0575053493897296,4+A,alto,2.0,Recoleta,1,180.0,0.6867382603737738,2.728685046126324,0.0014373274573867,1.0447534381885877,0.3343869191202226,media,0,1,-0.3274153044367203,0.1465502063341512,1.3776205631165015,2.0460946267766755
2357.1428571428573,0.0593808748097362,0.0234324685755915,16.840439,-0.0406191251902637,monoamb,bajo,7.0,Parque Chacabuco,1,42.0,0.2801459230075051,1.1979640275840209,0.0007389240721516,0.4306612690454279,0.2791624172439522,media,0,1,-0.6277859414028047,0.1997602079002844,-0.542363843742529,-0.2594511544426586
2379.679144385027,0.0638070851860035,0.0274898280871699,15.672240740740738,-0.0361929148139964,monoamb,bajo,15.0,Villa Crespo,2,37.4,0.728217202165472,1.4927761274112592,0.0016924644253836,0.3560200247570848,0.3145034612612011,media,0,2,0.3861502435359875,-0.4302371931774738,-0.6338204015429636,-0.357191286110036
4230.769230769231,0.0503446547299937,0.0151492668358276,19.863081897435897,-0.0496553452700062,monoamb,bajo,14.0,Palermo,2,26.0,0.3714830802208038,1.5050993281390777,0.0020354411558041,0.3173293561387364,0.7185047022536231,alta,0,2,2.1150261645643464,-0.6878830288529538,0.170150279016119,-0.8306976542474193
2077.9220779220777,0.0552108528762225,0.0196099484698706,18.11238095238096,-0.0447891471237774,4+A,alto,5.0,Almagro,0,154.0,0.8240221798500085,0.7612251102198816,0.0013072260551381,0.7262366972989581,0.8153691824811038,media,0,1,-0.8689239805016202,-0.2309564859751639,0.461711922359722,1.8598689283602308
1922.820512820513,0.0937310085805684,0.0549200911988543,10.668827905979798,-0.0062689914194316,3A,alto,6.0,Caballito,0,39.0,0.768335939188576,0.6513553198888827,0.0014709557236647,0.6815238874122538,0.2822013725531903,media,0,1,-1.145986597172171,-0.8450566674703843,-0.7776273544430272,-0.0340960364774479
2126.436781609196,0.0663167842763493,0.0297903855866536,15.079138877314817,-0.0336832157236506,3A,alto,1.0,Constitucion,6,87.0,0.1885821392295118,1.4445656423627362,0.0018408245339653,1.3599759089981835,0.497858621461092,alta,0,1,0.2607290526708978,-1.7413136556824351,1.5313081856452664,-0.4781283778704314
3019.607843137255,0.0553237964065865,0.019713480039371,18.07540452666667,-0.0446762035934134,3A,medio,12.0,Villa Pueyrredon,1,51.0,1.738817973986369,4.110913886703649,0.0016590377581003,0.4997101681025006,0.2333980703538691,media,0,0,0.3987604492991877,1.678563028321264,-0.0293391028134595,-0.0649435347859975
1545.360824742268,0.0909391823521209,0.0523609171561108,10.996360140208337,-0.009060817647879,4+A,alto,6.0,Caballito,0,97.0,0.8393381295593625,0.5039871072945433,0.0014709557236647,0.6815238874122538,0.2822013725531903,media,0,1,-1.3620560781772588,-0.9158287079545796,-0.6792344125708734,1.0293364075991651
1707.3170731707316,0.0791130288614188,0.0415202764563005,12.640143025641027,-0.0208869711385812,monoamb,medio,10.0,Velez Sarsfield,1,41.0,3.560806735079804,0.618319365834052,0.0007950753514594,0.4818638493693606,0.3093771634352494,media,0,0,-1.271153994261079,2.0520214276548834,-2.524540214802152,0.1957170394837035
3250.0,0.0491530652689288,0.0140569764965181,20.34461115555556,-0.0508469347310711,2A,medio,12.0,Villa Urquiza,1,40.0,2.247133387668459,3.675190382097207,0.0016590377581003,0.4997101681025006,0.2333980703538691,alta,0,0,0.6206496126371485,1.8569584304592783,-0.4526534048150247,-0.1467114754557268
835.8527131782946,0.2304623716141136,0.1802571739796041,4.3391031386,0.1304623716141136,3A,bajo,13.0,Belgrano,1,61.92,0.8864764884561315,1.9131601081483527,0.001811257462251,0.3242107629327673,0.3362126271488234,alta,0,1,-2.168235871262445,-0.8803214771960739,-1.3042382560329484,-0.3009704614944458
1818.1818181818185,0.0745488156578754,0.0373364143530524,13.414029333333334,-0.0254511843421246,2A,alto,5.0,Boedo,1,44.0,0.6877338347195578,1.3084152913336689,0.0013072260551381,0.7262366972989581,0.8153691824811038,alta,0,1,-1.0405743720692129,-0.1104861183075341,0.2666400007721545,-0.3101807492161572
1700.0,0.0864515677377042,0.0482472704262289,11.567170222222222,-0.0135484322622957,2A,medio,11.0,Villa Del Parque,1,40.0,0.4075920979259694,3.580219980669168,0.0010693665978338,0.579459732816385,2.659087709873237,alta,0,3,-1.4115610144555797,2.111736099319222,3.0219243188329776,-1.266582775154754
2849.673202614379,0.0586229218803738,0.0227376783903426,17.058173968888887,-0.0413770781196261,2A,medio,12.0,Villa Pueyrredon,1,38.25,1.4576542735047229,4.037537442564318,0.0016590377581003,0.4997101681025006,0.2333980703538691,alta,0,0,0.2480426297516094,1.4239149912296103,0.0214690646124113,-0.3075338497933512
2321.428571428572,0.0744234207269226,0.0372214689996791,13.436630434782607,-0.0255765792730773,3A,bajo,13.0,Belgrano,0,84.0,1.3135577860611534,2.154843282595472,0.001811257462251,0.3242107629327673,0.3362126271488234,alta,0,0,-0.1140295039590958,0.2426688464909286,-0.6570995079579508,0.8010690252513435
2440.740740740741,0.0840350837678196,0.0460321601205013,11.899791791282052,-0.0159649162321803,monoamb,bajo,14.0,Palermo,1,27.0,0.5153957645704653,1.554720821807254,0.0020354411558041,0.3173293561387364,0.7185047022536231,alta,0,2,0.3043949431191555,-0.7475609981908583,-0.1978037065184161,-0.5517902025822367
1880.0,0.0815731721484351,0.0437754078027321,12.258932362962964,-0.0184268278515649,monoamb,medio,9.0,Liniers,0,25.0,3.538764649087882,3.134469922025845,0.0005686137567445,0.5253496665574764,0.3428690900660959,media,0,0,-1.7341866754424144,3.6588911128341577,-1.6246437356796546,-0.1918864954685041
2500.0,0.0452617809351386,0.0104899658572104,22.09369537254902,-0.0547382190648613,3A,medio,10.0,Villa Luro,0,64.0,3.753000426034205,1.8780429883481573,0.0007950753514594,0.4818638493693606,0.3093771634352494,media,0,0,-0.7140661890503438,3.049202185289171,-1.9256637321692305,0.7440796053680995
2722.222222222222,0.0565093063295848,0.0208001974687861,17.696200235897436,-0.0434906936704151,2A,medio,10.0,Villa Luro,0,36.0,3.8213273713577207,1.927142510696627,0.0007950753514594,0.4818638493693606,0.3093771634352494,alta,0,0,-0.6584546976127368,3.111349147731284,-2.071695850710751,0.1984728349739394
1000.0,0.0886058672299255,0.050222044960765,11.285934343434343,-0.0113941327700744,4+A,alto,2.0,Recoleta,1,235.0,0.4499262524164553,2.036985640347303,0.0014373274573867,1.0447534381885877,0.3343869191202226,media,0,1,-1.880515930838731,-0.6869269216424584,1.1302874967957397,3.007621453387816
2786.88524590164,0.0425993232330716,0.0080493796303156,23.47455133333333,-0.0574006767669283,3A,medio,10.0,Villa Luro,1,61.0,2.950921226552101,2.425795248805437,0.0007950753514594,0.4818638493693606,0.3093771634352494,media,0,0,-0.2547617853489529,2.7477068646401537,-1.247051018613703,0.3333209064832642
3189.189189189189,0.0513340617541633,0.0160562232746497,19.480243055555555,-0.0486659382458366,4+A,bajo,13.0,Belgrano,0,185.0,1.279472119671915,1.3424608972804806,0.001811257462251,0.3242107629327673,0.3362126271488234,alta,0,2,0.7806069849633727,-0.1257465596168954,-0.4020194711082659,2.579120091508257
1810.8108108108108,0.089013511233284,0.0505957186305104,11.234249566666666,-0.0109864887667159,2A,alto,5.0,Boedo,0,37.0,0.6140114957005937,1.5284242810391946,0.0013072260551381,0.7262366972989581,0.8153691824811038,alta,0,1,-1.416932194772735,-0.055191586923963,0.2703499897119859,-0.3361591308959323
2333.333333333333,0.0465370758008345,0.011658986150765,21.48824314358974,-0.0534629241991654,2A,medio,10.0,Villa Luro,0,51.0,4.192875279975571,1.5631058576058894,0.0007950753514594,0.4818638493693606,0.3093771634352494,alta,0,0,-0.8434983825299023,3.1918195695314004,-2.3387619589387505,0.6230667081195577
2083.333333333333,0.1022383757593719,0.0627185111127576,9.781063055555556,0.0022383757593719,2A,bajo,14.0,Palermo,0,36.0,1.4008086131571689,1.1195838720210576,0.0020354411558041,0.3173293561387364,0.7185047022536231,alta,0,1,-0.3297506175592704,-0.3921158296112964,-0.9263569133830776,-0.0969634379110371
1482.142857142857,0.0872516258990624,0.0489806570741405,11.461104474509805,-0.0127483741009375,3A,medio,10.0,Velez Sarsfield,0,56.0,2.4648996400814664,2.18816937505672,0.0007950753514594,0.4818638493693606,0.3093771634352494,media,0,0,-1.7867124883589345,2.079524126005744,-1.4062815141792968,0.345065391090945
2564.102564102564,0.1009569881165211,0.0615439057734777,9.905208333333333,0.0009569881165211,4+A,bajo,13.0,Belgrano,0,117.0,0.8558615347459271,1.7388886747369237,0.001811257462251,0.3242107629327673,0.3362126271488234,alta,0,1,-0.1093458783739314,-0.4031341365760425,-0.5273992786086986,1.1907750307968008
3333.333333333333,0.0757177410873908,0.0384079293301083,13.206944444444444,-0.0242822589126091,3A,bajo,13.0,Belgrano,0,120.0,1.390221720810679,1.715065232746314,0.001811257462251,0.3242107629327673,0.3362126271488234,media,0,2,0.6443962597308066,0.103520979973788,-0.6469157145363821,1.3354296656398972
3055.555555555556,0.0526682541790704,0.0172792329974812,18.98676946078432,-0.0473317458209295,4+A,medio,12.0,Saavedra,0,90.0,2.2097045735913463,3.228477206428166,0.0016590377581003,0.4997101681025006,0.2333980703538691,media,0,0,0.2496431994103633,1.5870893955315382,-0.4732373590135952,0.9261790479562152
2534.8837209302324,0.0586233611614684,0.0227380810646794,17.058046147263088,-0.0413766388385315,2A,alto,2.0,Recoleta,1,43.0,0.9953467900453904,1.995837860743586,0.0014373274573867,1.0447534381885877,0.3343869191202226,alta,0,1,-0.637061909605013,-0.0099927123991939,0.3776539886655756,-0.2254355066863658
2435.897435897436,0.0672620893153763,0.0306569152057616,14.867215844444445,-0.0327379106846237,2A,bajo,15.0,Villa Crespo,0,39.0,0.8582285905698008,0.866985603009033,0.0016924644253836,0.3560200247570848,0.3145034612612011,alta,0,2,-0.0689845120022279,-0.5892181214405945,-0.9925455981905588,0.0858787843313388
4125.0,0.0559385052555486,0.0202769631509195,17.87677370769231,-0.0440614947444513,monoamb,bajo,14.0,Palermo,1,24.0,0.2107301562571876,1.5108252255251435,0.0020354411558041,0.3173293561387364,0.7185047022536231,alta,0,2,1.7484094688265577,-0.782975479267143,0.18873715050649,-0.7151294924505144
2888.8888888888887,0.0901139529930362,0.0516044569102832,11.09706063030303,-0.0098860470069638,monoamb,alto,2.0,Recoleta,0,18.0,0.7825348833760613,3.2156548375810963,0.0014373274573867,1.0447534381885877,0.3343869191202226,alta,0,1,-0.9312162455873852,0.437525668197147,0.7105623291427311,-0.7769031907477277
3500.0,0.0347749577412829,0.000877044596176,28.756325383333333,-0.065225042258717,3A,medio,11.0,Villa Del Parque,1,70.0,0.683766464612737,2.845949504173166,0.0010693665978338,0.579459732816385,2.659087709873237,alta,0,3,0.340127852518819,2.206042268293344,3.073480561132212,-0.6438174371918871
1455.4455445544554,0.1289571349572577,0.0872107070441529,7.754514710112359,0.0289571349572577,4+A,bajo,15.0,Villa Crespo,0,101.0,0.5476579111553578,0.6436660560948416,0.0016924644253836,0.3560200247570848,0.3145034612612011,media,0,1,-1.2200379298009307,-1.247285319009648,-1.008224991986742,0.961755391001118
2786.88524590164,0.0701635912074121,0.0333166252734611,14.252406166666669,-0.0298364087925878,3A,bajo,13.0,Belgrano,0,61.0,2.21840081111468,2.152580458296419,0.001811257462251,0.3242107629327673,0.3362126271488234,alta,0,0,0.2372541907235732,0.9449477430020362,-1.1685807002404625,0.4963308278592069
2527.4725274725274,0.0515118425112256,0.0162191889686234,19.4130116736181,-0.0484881574887743,3A,bajo,15.0,Villa Ortuzar,1,91.0,0.2866752723485819,0.9321371373818236,0.0016924644253836,0.3560200247570848,0.3145034612612011,media,0,2,0.396852586410965,-0.9722683527658944,-0.3755410476603614,0.7609031779981147
1358.695652173913,0.0681589171729146,0.031479007408505,14.671594583333334,-0.0318410828270853,4+A,alto,1.0,Monserrat,0,92.0,0.2562230439998306,1.7437838103409735,0.0018408245339653,1.3599759089981835,0.497858621461092,media,0,1,-1.7961384111978966,-1.3362947293188308,1.362292029414241,0.7744695884836736
2400.0,0.0650822993838594,0.0286587744352045,15.365160872727271,-0.0349177006161405,3A,alto,6.0,Caballito,0,45.0,0.8757148817195576,0.7127068730745155,0.0014709557236647,0.6815238874122538,0.2822013725531903,media,0,1,-0.5753080485979724,-0.6059534180777871,-0.6385710536420485,0.1460395067857905
2200.0,0.0652739147305093,0.0288344218363002,15.320055555555554,-0.0347260852694906,4+A,alto,2.0,Recoleta,0,145.0,0.5643854824119757,2.8518784498102394,0.0014373274573867,1.0447534381885877,0.3343869191202226,media,0,1,-1.152984126409622,0.0707127178446206,1.196278444722645,1.5704122318556155
2040.8163265306123,0.0802051537967626,0.0425213909803657,12.468026712272987,-0.0197948462032373,monoamb,bajo,14.0,Palermo,0,49.0,0.1919248885220841,1.5781149077138688,0.0020354411558041,0.3173293561387364,0.7185047022536231,alta,0,1,-0.1881480100584204,-0.9461947260123376,0.013488230162775,0.023611031269165
3492.063492063492,0.0464719889815327,0.0115993232330716,21.518338722222225,-0.0535280110184672,2A,medio,12.0,Villa Urquiza,0,63.0,1.0845290762812276,2.474259184251486,0.0016590377581003,0.4997101681025006,0.2333980703538691,media,0,2,0.6382462193255295,0.4519261521646279,-0.1788638475881532,0.3557889931250824
3356.910569105691,0.0504295926350992,0.0152271265821743,19.829626767676768,-0.0495704073649007,4+A,alto,2.0,Recoleta,3,123.0,0.3581694800064467,2.308294251436865,0.0014373274573867,1.0447534381885877,0.3343869191202226,media,0,2,0.551105842243221,-0.3528806940558622,1.280691288962904,0.5930405687800555
3110.2363636363634,0.0448248784480156,0.010089471910681,22.309039859633334,-0.0551751215519843,3A,bajo,15.0,Chacarita,0,55.0,1.0111868211350976,0.2657917953739195,0.0016924644253836,0.3560200247570848,0.3145034612612011,media,0,2,0.6258416053619305,-0.680273598124621,-1.0868708152702344,0.447652744137645
3079.4202898550725,0.0441069800041216,0.0094313983371114,22.67214848775757,-0.0558930199958783,monoamb,bajo,15.0,Chacarita,0,34.5,1.0111868211350976,0.2657917953739195,0.0016924644253836,0.3560200247570848,0.3145034612612011,alta,0,2,0.5982957482628607,-0.6681107400886441,-1.1604886638474938,0.1062720444129614
3157.333333333333,0.0494713424370553,0.0143487305673007,20.21372274812121,-0.0505286575629446,monoamb,bajo,15.0,Chacarita,0,30.0,1.0111868211350976,0.2657917953739195,0.0016924644253836,0.3560200247570848,0.3145034612612011,alta,0,2,0.6103050206379202,-0.6806118110983044,-1.1915053698955966,-0.0026968327665076
2106.060606060606,0.0674233892897537,0.0308047735156075,14.831648342424243,-0.0325766107102463,2A,bajo,7.0,Flores,0,33.0,0.3457400611228267,0.5514565587531041,0.0007389240721516,0.4306612690454279,0.2791624172439522,media,0,1,-1.0998697634531978,-0.0880724841989852,-0.9246838389724182,-0.1708765173754442
3294.871794871795,0.0491035934418877,0.0140116273217304,20.36510833333333,-0.0508964065581122,monoamb,bajo,13.0,Nuñez,0,39.0,2.660184817765316,3.693740539326781,0.001811257462251,0.3242107629327673,0.3362126271488234,alta,0,0,0.6971957107496295,2.186162967763677,-0.807570594284415,0.0843012107312469
3000.0,0.0655374203585717,0.0290759686620241,15.258458366666668,-0.0344625796414282,monoamb,medio,12.0,Saavedra,2,26.0,1.828528369164228,2.849545798392182,0.0016590377581003,0.4997101681025006,0.2333980703538691,alta,0,0,0.5842403429728563,1.0161828287367023,-0.6290732896666685,-0.5968295759895682
3522.7272727272725,0.0494701818190509,0.0143476666674633,20.21419698148148,-0.050529818180949,2A,bajo,14.0,Palermo,0,44.0,0.4627261096814245,1.9952221464090016,0.0020354411558041,0.3173293561387364,0.7185047022536231,alta,0,2,1.1066333341005614,-0.3303935431646092,0.244086098329272,-0.0999424478321261
2681.159420289855,0.0552639868969578,0.0196586546555446,18.09496665277777,-0.0447360131030421,3A,alto,2.0,Recoleta,0,69.0,0.6162036192574633,2.2771110499301224,0.0014373274573867,1.0447534381885877,0.3343869191202226,media,0,1,-0.7445193602790335,-0.0849342923921476,0.7685408595138217,0.322467673079517
1678.8321167883212,0.1178408409296065,0.0770207708521393,8.486022266230771,0.0178408409296065,4+A,alto,6.0,Caballito,0,137.0,1.436389717800572,1.058445610353823,0.0014709557236647,0.6815238874122538,0.2822013725531903,media,0,1,-1.4811401332386245,-0.3118115855449822,-0.7510270664142438,1.609077207372554
2644.4444444444443,0.0764940654263503,0.0391195599741544,13.07290957051846,-0.0235059345736497,3A,bajo,14.0,Palermo,0,45.0,0.849613837502891,0.43052534979734,0.0020354411558041,0.3173293561387364,0.7185047022536231,media,0,2,0.314389833909122,-1.0235353047370448,-0.6976651431197761,0.0863609845727149
2676.470588235294,0.0468124431132655,0.01191140618716,21.36184171333333,-0.0531875568867344,3A,medio,11.0,Villa Devoto,2,68.0,1.484017709186144,4.9272731538219405,0.0010693665978338,0.579459732816385,2.659087709873237,alta,0,3,-0.1915889089630855,3.731230783240712,3.298449812447376,-0.8853250813393542
2547.169811320755,0.0536435922194235,0.0181732928678049,18.64155547058824,-0.0463564077805764,3A,alto,1.0,San Nicolas,1,53.0,0.5087953409972202,2.03810749804498,0.0018408245339653,1.3599759089981835,0.497858621461092,media,0,1,-0.6084251415185536,-0.8984661988168744,1.3788946217314648,-0.1385058141685919
2741.935483870968,0.0631472320866709,0.026884962746115,15.83600685185185,-0.036852767913329,monoamb,bajo,13.0,Belgrano,0,31.0,0.8979964851288292,1.819311548757373,0.001811257462251,0.3242107629327673,0.3362126271488234,alta,0,2,0.2673853116194845,-0.1340187047175972,-0.6668801394703058,-0.126707939616761
2300.0,0.0555643346518325,0.0199339734308465,17.997156022222224,-0.0444356653481674,2A,bajo,15.0,Agronomia,0,50.0,1.501629664878998,2.448624292480062,0.0016924644253836,0.3560200247570848,0.3145034612612011,alta,0,0,-0.1350201449188888,0.7262015795354843,-0.6959912678407902,0.2926894469798867
3308.108108108108,0.0549874662944015,0.0194051774365347,18.1859625,-0.0450125337055984,3A,bajo,15.0,Villa Crespo,1,55.5,0.2496936165372804,0.655218272041419,0.0016924644253836,0.3560200247570848,0.3145034612612011,alta,0,2,0.9274859668824832,-1.0897552926126242,-0.5320122338176143,0.0696494804225132
2833.333333333333,0.0601402210349246,0.0241285359486809,16.627807194444447,-0.0398597789650753,monoamb,medio,12.0,Villa Urquiza,1,30.0,0.9063154765376912,2.176880495023494,0.0016590377581003,0.4997101681025006,0.2333980703538691,alta,0,2,0.2948426213470524,0.0552075831089971,-0.3863383671485119,-0.3694198003459019
2945.544554455445,0.0402979574414685,0.0059397943213461,24.815153508771928,-0.0597020425585314,4+A,bajo,14.0,Palermo,0,202.0,1.255228691513874,0.7175771891064653,0.0020354411558041,0.3173293561387364,0.7185047022536231,alta,0,2,0.8854886856815228,-0.5198254734450773,-0.0774105461229427,2.905430837363099
3740.1574803149606,0.05705977560802,0.0213047943073516,17.525480767215722,-0.0429402243919799,4+A,alto,6.0,Caballito,1,127.0,1.1307696555178028,0.9146882605581004,0.0014709557236647,0.6815238874122538,0.2822013725531903,media,0,2,0.7388687399019681,-0.2964723542726796,-0.233197724454808,1.2498776163747178
3360.0,0.0570887730420804,0.0213313752885737,17.516578947368423,-0.0429112269579195,4+A,bajo,14.0,Palermo,1,125.0,0.7582413578456036,1.3927044382661948,0.0020354411558041,0.3173293561387364,0.7185047022536231,alta,0,2,1.2381602096434376,-0.5591252923649328,0.150593918544253,1.168443054748244
2460.674157303371,0.0715326279590077,0.0345715756290904,13.979634588191788,-0.0284673720409922,4+A,bajo,14.0,Palermo,0,89.0,0.3235200278188925,0.962918912058038,0.0020354411558041,0.3173293561387364,0.7185047022536231,media,0,2,0.2275891540137172,-1.1388482876389197,-0.063413981445633,0.7610777830329181
2225.0,0.0784976293283567,0.0409561602176603,12.739238223577235,-0.0215023706716432,3A,alto,3.0,San Cristobal,0,40.0,0.8058516567872369,1.4339675353453256,0.0010344625327268,0.9331491918927998,0.3306390495886265,media,0,1,-1.4335513623237262,0.0477393864067746,-0.0730184557058866,-0.1681088747553215
2916.6666666666665,0.0567990976440955,0.0210658395070875,17.6059135,-0.0432009023559044,2A,alto,6.0,Caballito,0,36.0,0.8938188721964063,0.61617988353693,0.0014709557236647,0.6815238874122538,0.2822013725531903,alta,0,1,-0.1370285353293855,-0.5771714407670171,-0.6397048297828484,-0.0207229954228432
1689.655172413793,0.0849893012205408,0.0469068594521624,11.76618686868687,-0.0150106987794592,4+A,alto,2.0,Recoleta,0,145.0,0.4300526552405146,3.0943510263642056,0.0014373274573867,1.0447534381885877,0.3343869191202226,media,0,1,-1.685700574288354,-0.0014642246790015,1.234455902127412,1.5057629209880434
2542.8571428571427,0.0478644081270468,0.0128757074497929,20.892350686666667,-0.0521355918729532,monoamb,alto,5.0,Almagro,3,35.0,0.9908503880462451,0.6655182489735256,0.0013072260551381,0.7262366972989581,0.8153691824811038,alta,0,2,0.2033937060781009,-0.1687231954867796,0.0704560208962222,-0.7038720406692557
4274.193548387097,0.0417955624173533,0.0073125988825738,23.925985012820515,-0.0582044375826466,3A,alto,6.0,Caballito,2,62.0,0.2050534712596774,1.2556657583970268,0.0014709557236647,0.6815238874122538,0.2822013725531903,media,0,2,1.4522772579857293,-0.699078714615572,0.284275026487937,-0.1869671689100357
2722.222222222222,0.0818419936701659,0.0440218275309854,12.218666178027528,-0.018158006329834,monoamb,bajo,14.0,Palermo,1,36.0,0.2253922786495952,1.0940277087037755,0.0020354411558041,0.3173293561387364,0.7185047022536231,alta,0,2,0.5502324916697462,-1.1758651431298217,-0.1432514318779723,-0.4225412374360174
3121.875,0.0511703582379239,0.0159061617180969,19.542563985,-0.0488296417620761,2A,alto,2.0,Recoleta,0,32.0,0.7874700309746892,2.5424518670271463,0.0014373274573867,1.0447534381885877,0.3343869191202226,alta,0,1,-0.4239273663235806,0.2381519474277073,0.6911676919922746,-0.3391005080946457
3481.927710843373,0.0471688008117056,0.0122380674107301,21.200454172916665,-0.0528311991882943,4+A,alto,6.0,Caballito,1,83.0,0.8651521847904264,1.0375882463784485,0.0014709557236647,0.6815238874122538,0.2822013725531903,media,0,2,0.6035679061339849,-0.3770251032174515,-0.1882990850625003,0.5300346349990236
1725.0,0.0851986464661433,0.0470987592606313,11.737275666666664,-0.0148013535338566,2A,medio,11.0,Villa Del Parque,0,40.0,0.9125178173480109,2.5917053661144207,0.0010693665978338,0.579459732816385,2.659087709873237,alta,0,3,-1.596512951026736,2.0050201262856087,2.374868257035728,-0.9290575030094976
3442.3076923076924,0.0618761119586515,0.0257197692954306,16.161325725641028,-0.0381238880413484,monoamb,bajo,14.0,Palermo,1,26.0,0.1530399956274824,1.5982775514203962,0.0020354411558041,0.3173293561387364,0.7185047022536231,alta,0,2,1.2051485350734998,-0.8422708671170459,0.1780854948308689,-0.6420769266738906
2346.368715083799,0.0375279752291345,0.00340064396004,26.646788000000004,-0.0624720247708654,4+A,medio,11.0,Villa Devoto,0,179.0,1.6040351060726985,5.175802745159345,0.0010693665978338,0.579459732816385,2.659087709873237,media,0,3,-0.8019425556460692,3.984882265083408,3.670500547660712,1.4413462749482395
3500.0,0.0510794285113351,0.0158228094687238,19.57735294117647,-0.0489205714886648,3A,bajo,14.0,Palermo,4,60.0,0.6067743496665345,0.7248969547155525,0.0020354411558041,0.3173293561387364,0.7185047022536231,alta,0,2,2.117251276677792,-1.0778601068250857,-0.1126671770286494,-0.4404803520553962
3382.7319587628867,0.0527420192409458,0.017346850970867,18.96021453846154,-0.0472579807590541,3A,alto,6.0,Caballito,2,62.08,1.106025665685156,0.789367046405355,0.0014709557236647,0.6815238874122538,0.2822013725531903,media,0,2,0.7303637240575321,-0.3918291242161126,-0.4801087665032684,0.0318261650517355
1772.082878953108,0.0632436106460217,0.0269733097588532,15.811873955094992,-0.0367563893539782,3A,alto,5.0,Almagro,1,73.36,0.2350969790438873,1.414007731394909,0.0013072260551381,0.7262366972989581,0.8153691824811038,alta,0,1,-0.9700081154818592,-0.3566868259613234,0.6928240198812308,0.1733481438234188
3043.478260869565,0.0432078849935441,0.0086072279107487,23.14392384976526,-0.0567921150064558,2A,bajo,7.0,Parque Chacabuco,6,46.0,0.3225158931081398,1.0291794347114662,0.0007389240721516,0.4306612690454279,0.2791624172439522,alta,0,2,1.235329584802049,0.0268781355616255,-0.3342089485154106,-1.0997172505864106
2000.0,0.0791130288614188,0.0415202764563005,12.640143025641027,-0.0208869711385812,2A,bajo,13.0,Belgrano,1,35.0,1.7512567245114825,2.655638872162476,0.001811257462251,0.3242107629327673,0.3362126271488234,media,0,0,-0.1861984291008133,0.7656081796429087,-0.9023800117112046,-0.1808086356923075
3330.9523809523807,0.0456750991179418,0.0108688408581133,21.893767486257858,-0.0543249008820581,2A,alto,2.0,Recoleta,2,42.0,0.1796979938197901,3.259540872250912,0.0014373274573867,1.0447534381885877,0.3343869191202226,alta,0,1,0.2461693114982227,0.1200263966073132,1.4094134025185543,-0.6793887403466152
1994.2857142857144,0.0854427686623214,0.0473225379404612,11.703740593333332,-0.0145572313376786,2A,bajo,14.0,Palermo,0,35.0,1.6991131078610069,0.9781544683927652,0.0020354411558041,0.3173293561387364,0.7185047022536231,alta,0,1,-0.2601633065237579,-0.1958674956626417,-1.080656222549489,0.0218487703760808
3250.0,0.055706807304786,0.0200645733627205,17.95112749019608,-0.0442931926952139,2A,bajo,13.0,Colegiales,3,40.0,0.4879578318104391,1.1614304668756947,0.001811257462251,0.3242107629327673,0.3362126271488234,alta,0,2,1.4654161118539502,-0.8463102697113152,-0.4856606076616406,-0.5515447682875302
2000.0,0.0615323557811035,0.0254046594660115,16.251612461538464,-0.0384676442188965,2A,medio,10.0,Villa Luro,1,45.0,3.671106606248191,1.0951377586833928,0.0007950753514594,0.4818638493693606,0.3093771634352494,alta,0,0,-0.9378585817462648,2.4598375995420647,-2.304806905030264,0.2805756263348513
2575.757575757576,0.0601402210349246,0.0241285359486809,16.627807194444447,-0.0398597789650753,monoamb,medio,12.0,Villa Urquiza,2,33.0,1.0811701333321937,2.0929276202364027,0.0016590377581003,0.4997101681025006,0.2333980703538691,alta,0,2,0.3575394206340056,0.0767011945283728,-0.488976313478503,-0.4412604865421859
2333.333333333333,0.0572764009856425,0.0215033675701723,17.459197554166668,-0.0427235990143574,3A,alto,5.0,Boedo,1,51.0,0.6877338347195578,1.3084152913336689,0.0013072260551381,0.7262366972989581,0.8153691824811038,media,0,1,-0.5278978684675161,-0.020231064800022,0.4028129788736579,-0.1764185152516091
1648.936170212766,0.0934436767693184,0.0546567037052086,10.701633696078432,-0.0065563232306815,3A,alto,1.0,Monserrat,1,47.0,0.2864718331045236,1.4285852058058923,0.0018408245339653,1.3599759089981835,0.497858621461092,media,0,1,-1.5501585833673637,-1.5723348989631634,1.0263400254079873,-0.2870540788836511
2112.5,0.0725952963971872,0.0355456883640882,13.774997136574076,-0.0274047036028128,3A,alto,1.0,Retiro,2,80.0,0.1581174802556527,2.651325351939924,0.0018408245339653,1.3599759089981835,0.497858621461092,alta,0,1,-0.8321371670160711,-0.9819199687409838,1.8029030932189836,0.0057809161428627
2139.285714285714,0.0711174010568809,0.0341909509688075,14.061256248666668,-0.0288825989431191,monoamb,alto,5.0,Almagro,0,28.0,0.516473718490327,1.1471717966384427,0.0013072260551381,0.7262366972989581,0.8153691824811038,alta,0,1,-1.027925878004336,-0.2339549376231687,0.2516784015459753,-0.4304087421532188
2938.59649122807,0.0610378362742519,0.0249513499180642,16.383280618055558,-0.038962163725748,2A,bajo,13.0,Nuñez,0,57.0,1.6921699055358546,2.6142008978728346,0.001811257462251,0.3242107629327673,0.3362126271488234,media,0,0,0.4036238027175797,0.8545293922692998,-0.688408981868361,0.3406587038080571
3870.967741935484,0.0461492668358276,0.0113034945995086,21.668816615384618,-0.0538507331641723,3A,alto,6.0,Caballito,0,62.0,0.6107703027432385,0.7204885053565141,0.0014709557236647,0.6815238874122538,0.2822013725531903,media,0,2,0.6504764707816963,-0.6433999210686192,-0.2365502556950208,0.308376307210112
1785.7142857142858,0.1065657096785501,0.0666852338720043,9.383881578947369,0.0065657096785501,4+A,bajo,14.0,Palermo,0,126.0,0.5251776912356612,1.3681630256628623,0.0020354411558041,0.3173293561387364,0.7185047022536231,alta,0,1,-0.5340224591915999,-0.9721569510409686,-0.0872598980382539,1.3087054495812
2424.242424242424,0.0946471763592386,0.0557599116626354,10.565555555555555,-0.0053528236407613,4+A,bajo,13.0,Belgrano,0,132.0,1.1693973346107285,1.5215923264678275,0.001811257462251,0.3242107629327673,0.3362126271488234,alta,0,1,-0.1476691058308094,-0.2859916030775758,-0.7049594558882484,1.5499675186598425
3881.578947368421,0.0415884918343208,0.0071227841814607,24.045113344907406,-0.0584115081656792,3A,alto,1.0,Retiro,2,76.0,0.5501261423074824,2.597033382151042,0.0018408245339653,1.3599759089981835,0.497858621461092,alta,0,2,0.6903014495769708,-0.5081442284728049,1.828713608070728,-0.0772148263702208
1967.2131147540983,0.0685139115331902,0.0318044189054243,14.595575958549222,-0.0314860884668097,3A,alto,5.0,Almagro,1,61.0,1.242251554899119,0.8842877431841417,0.0013072260551381,0.7262366972989581,0.8153691824811038,alta,0,1,-0.8647465414479125,0.0861120694451761,-0.0835038242538145,0.0977394758695727
2605.6338028169016,0.0818570173917739,0.0440355992757927,12.21642361111111,-0.018142982608226,4+A,bajo,13.0,Colegiales,0,142.0,0.4428683898867637,1.2687017204410689,0.001811257462251,0.3242107629327673,0.3362126271488234,alta,0,2,0.1050451557276097,-0.8856463651296497,-0.3058079660907294,1.6779237127166442
3166.6666666666665,0.0420388058221101,0.007535572003601,23.78754535111111,-0.0579611941778898,2A,medio,12.0,Villa Pueyrredon,0,48.0,2.178984230208437,3.5100734216207194,0.0016590377581003,0.4997101681025006,0.2333980703538691,alta,0,0,0.3809942777773276,1.7811936229947218,-0.4563644176255099,0.2183656689628462
3190.4761904761904,0.0762972953428149,0.0389391873975803,13.106624494444445,-0.023702704657185,monoamb,medio,12.0,Villa Urquiza,2,21.0,0.6723430960793824,2.119779763785292,0.0016590377581003,0.4997101681025006,0.2333980703538691,alta,0,2,0.6724056611833135,-0.2174643232320924,-0.3175258236487094,-0.844950518287375
1900.0,0.0739882982469139,0.0368226067263377,13.51565076767677,-0.026011701753086,3A,alto,6.0,Caballito,0,50.0,1.7242091486601792,0.9070515240768604,0.0014709557236647,0.6815238874122538,0.2822013725531903,media,0,1,-1.0193750961498338,0.037189099523864,-1.0806387510050568,0.3485057928678919
3463.5714285714284,0.0409974926282397,0.0065810349092197,24.391735589000003,-0.0590025073717602,2A,alto,5.0,Almagro,1,42.0,0.2483303301295642,1.4093021183762018,0.0013072260551381,0.7262366972989581,0.8153691824811038,alta,0,2,0.4142332058557548,-0.1495028720649803,0.7988453431782696,-0.4585222602179169
1475.0,0.1083033641518771,0.0682780838058873,9.233323524444446,0.0083033641518771,2A,bajo,15.0,Villa Crespo,0,40.0,0.5723998191705201,0.9620318992923638,0.0016924644253836,0.3560200247570848,0.3145034612612011,alta,0,1,-1.0882967568390816,-0.9524886590613872,-1.04421594648027,-0.0098764996416896
1447.3684210526317,0.1606133901853746,0.11622894100326,6.226130952380952,0.0606133901853746,3A,bajo,14.0,Palermo,1,76.0,0.5479332833638211,1.5275862741592086,0.0020354411558041,0.3173293561387364,0.7185047022536231,alta,0,1,-0.9899384894249534,-1.1057889965447394,-0.4333816544405451,0.0694911782358368
1753.0864197530864,0.0659989514878575,0.0294990388638693,15.15175586060606,-0.0340010485121425,4+A,bajo,7.0,Flores,0,81.0,2.4835739439582425,1.347883907588064,0.0007389240721516,0.4306612690454279,0.2791624172439522,media,0,0,-1.3669897674791358,1.8147729644417756,-1.6318233808246922,0.9122235534579232
2728.5714285714284,0.0481751508813794,0.0131605549745978,20.75758937345679,-0.0518248491186205,monoamb,medio,10.0,Villa Luro,0,35.0,3.8213273713577207,1.927142510696627,0.0007950753514594,0.4818638493693606,0.3093771634352494,media,0,0,-0.5889857132866355,3.1428304424150126,-2.041791740224618,0.2171070270548409
2866.6666666666665,0.0594409161391697,0.0234875064609056,16.823428455555554,-0.0405590838608302,monoamb,medio,12.0,Villa Urquiza,1,30.0,1.6332888381091664,3.0877635060548894,0.0016590377581003,0.4997101681025006,0.2333980703538691,alta,0,0,0.2840390464802136,1.0557906792286254,-0.4433526882212784,-0.3493952646989302
2229.1666666666665,0.0565336812999642,0.0208225411916338,17.68857037089202,-0.0434663187000357,2A,bajo,7.0,Parque Chacabuco,1,48.0,1.0942692601410726,0.8475745004453629,0.0007389240721516,0.4306612690454279,0.2791624172439522,alta,0,0,-0.688531941120778,0.5984288144892044,-1.0799179301084871,0.0089693740475018
2898.550724637681,0.0511191878796859,0.0158592555563788,19.562126111111112,-0.048880812120314,3A,medio,12.0,Villa Urquiza,0,69.0,1.0515503431723192,2.2796539215826424,0.0016590377581003,0.4997101681025006,0.2333980703538691,alta,0,2,0.1823342023549339,0.2707509294555363,-0.2766246215054748,0.5190661909147836
3815.7894736842095,0.0440682654135224,0.0093959099623955,22.69206628888889,-0.0559317345864776,2A,medio,12.0,Villa Urquiza,0,38.0,1.0515503431723192,2.2796539215826424,0.0016590377581003,0.4997101681025006,0.2333980703538691,alta,0,2,0.8861953345683501,0.3686949770942517,-0.284684640353791,-0.084279939524007
5000.0,0.0316452115445675,-0.0019918894174797,31.600357564102566,-0.0683547884554325,monoamb,bajo,14.0,Palermo,2,35.0,1.563031585653076,1.2186850659982609,0.0020354411558041,0.3173293561387364,0.7185047022536231,alta,0,2,2.825117349489868,0.1243243010820992,-0.3983302159339209,-0.5021203116942826
3645.8333333333335,0.0486849408377961,0.0136278624346464,20.54023241666667,-0.0513150591622038,monoamb,alto,5.0,Almagro,1,24.0,0.3631928187834889,1.0623902797241132,0.0013072260551381,0.7262366972989581,0.8153691824811038,alta,0,2,0.4886871891514908,-0.2559173218781542,0.5332656031355668,-0.774396001239699
2416.6666666666665,0.0705092246616358,0.0336334559398328,14.182541430555556,-0.0294907753383641,monoamb,alto,1.0,San Nicolas,4,36.0,0.3866490559361623,2.267295351932064,0.0018408245339653,1.3599759089981835,0.497858621461092,alta,0,1,-0.1136969439686837,-1.0541268077956498,1.480765337475424,-1.0721250141040686
2980.0,0.0571802996417069,0.0214152746715646,17.488540743333335,-0.042819700358293,3A,medio,12.0,Villa Urquiza,0,50.0,0.6233560591149161,2.0530433674990536,0.0016590377581003,0.4997101681025006,0.2333980703538691,media,0,2,0.195883293298491,-0.1607561173490399,-0.2147812255368157,0.1219394586291957
2812.5,0.044808177030342,0.0100741622778135,22.31735514084508,-0.0551918229696579,2A,bajo,7.0,Flores,0,48.0,1.7248114391438956,1.2213885336292625,0.0007389240721516,0.4306612690454279,0.2791624172439522,alta,0,0,-0.4391103435957145,1.3653187858676168,-1.2195109016441827,0.2285362811169893
1564.7058823529412,0.0922451510610875,0.0535580551393302,10.840678219907408,-0.0077548489389124,3A,alto,1.0,San Nicolas,0,85.0,0.1858076204843884,2.7416542029518016,0.0018408245339653,1.3599759089981835,0.497858621461092,alta,0,1,-1.8766414972948604,-0.9372420921506492,1.6530113966419202,0.4326159682371121
1852.9411764705883,0.0784368491275605,0.0409004450335971,12.74910977586207,-0.0215631508724394,2A,alto,1.0,San Nicolas,0,34.0,0.0675995826468306,2.6220878858630337,0.0018408245339653,1.3599759089981835,0.497858621461092,alta,0,1,-1.5808128804347743,-0.9881177537789464,1.5679748090485632,-0.4128589696405032
2823.529411764706,0.0532491540413395,0.0178117245378946,18.779641066666667,-0.0467508459586604,monoamb,medio,12.0,Villa Urquiza,8,34.0,0.432595583568675,1.5640573134940623,0.0016590377581003,0.4997101681025006,0.2333980703538691,alta,0,2,2.093748397685824,-0.8798160162296403,-0.0932552391261043,-1.5676550967200131
2519.685039370079,0.0846981044181547,0.0466399290499751,11.806639674755855,-0.0153018955818452,4+A,alto,6.0,Caballito,0,127.0,0.6406803430255176,0.8511989769968494,0.0014709557236647,0.6815238874122538,0.2822013725531903,media,0,1,-0.6023970558261273,-0.8119323138191189,-0.2356855346739534,1.3956233684947938
3484.848484848485,0.0407471787446772,0.0063515805159541,24.5415763939394,-0.0592528212553227,monoamb,alto,2.0,Recoleta,2,33.0,0.09653313860161,2.1707504643997857,0.0014373274573867,1.0447534381885877,0.3343869191202226,alta,0,2,0.4334962594329381,-0.4761949311672993,1.0644207664555432,-0.7480620324237495
3653.846153846154,0.0630981175728257,0.0268399411084235,15.848333333333333,-0.0369018824271742,4+A,bajo,14.0,Palermo,0,104.0,0.641669048561357,0.9770318967878472,0.0020354411558041,0.3173293561387364,0.7185047022536231,alta,0,2,1.1634945793005562,-0.8098999364694335,-0.0421490729630577,0.9541499947928443
4227.272727272727,0.0447793092452311,0.0100477001414619,22.331742424242425,-0.0552206907547688,4+A,alto,2.0,Recoleta,4,110.0,0.8087776170870722,2.608280820894402,0.0014373274573867,1.0447534381885877,0.3343869191202226,media,0,2,1.450547364656888,0.1636008351776882,1.2259582746306572,0.1464183465783403
2966.6666666666665,0.0603091542400789,0.024283391386739,16.5812307037037,-0.039690845759921,monoamb,bajo,13.0,Belgrano,2,30.0,0.3707754462182212,1.4197648091892532,0.001811257462251,0.3242107629327673,0.3362126271488234,alta,0,2,0.9637174244767408,-0.780778062593138,-0.4396396125639288,-0.5621279431679899
1244.4444444444443,0.0988912860767734,0.0596503455703757,10.11211442051282,-0.0011087139232265,2A,alto,3.0,San Cristobal,0,45.0,0.6167549684366547,1.1395124825457523,0.0010344625327268,0.9331491918927998,0.3306390495886265,alta,0,1,-2.2890579170528453,-0.3776113103322401,-0.2210343019568345,-0.0576518743665412
1930.6930693069307,0.0906024252327754,0.0520522231300441,11.037232142857142,-0.0093975747672245,4+A,alto,5.0,Almagro,0,101.0,0.8240221798500085,0.7612251102198816,0.0013072260551381,0.7262366972989581,0.8153691824811038,media,0,1,-1.2813828403200105,-0.3400744760374292,0.1183812579382621,0.8226959682594587
1538.4615384615386,0.1064983080826791,0.0666234490757892,9.389820533333332,0.0064983080826791,2A,bajo,15.0,Chacarita,0,39.0,0.5988459311997596,0.3738834846918561,0.0016924644253836,0.3560200247570848,0.3145034612612011,alta,0,1,-1.0066379176715634,-1.2299689352208378,-1.2597728319069954,0.0267759220990023
2403.7974683544303,0.0717840096607842,0.0348020088557189,13.930679056875,-0.0282159903392157,3A,alto,2.0,Recoleta,0,79.0,0.9229508268491846,1.7811038897598883,0.0014373274573867,1.0447534381885877,0.3343869191202226,alta,0,1,-1.0537075946365253,-0.2074327204546021,0.3752388169602317,0.5359009977726293
2517.2413793103447,0.0715326279590077,0.0345715756290904,13.979634588191788,-0.0284673720409922,4+A,bajo,14.0,Palermo,0,87.0,0.0566058685111518,1.6590076968012888,0.0020354411558041,0.3173293561387364,0.7185047022536231,media,0,2,0.2434272276633064,-0.9614986152353626,0.3253509073229521,0.6258087748642935
2483.870967741936,0.0608561760472452,0.0247848280433081,16.432185933333336,-0.0391438239527547,monoamb,medio,11.0,Villa Devoto,2,31.0,2.0641697419540472,4.875229148003444,0.0010693665978338,0.579459732816385,2.659087709873237,alta,0,3,-0.463800653132405,4.076542298663512,2.7652171144406603,-1.469893955550579
1625.0,0.0906024252327754,0.0520522231300441,11.037232142857142,-0.0093975747672245,4+A,alto,5.0,Almagro,2,120.0,0.4787530380821017,0.2829378260348947,0.0013072260551381,0.7262366972989581,0.8153691824811038,media,0,1,-0.9797891961875608,-0.9510823720641756,0.2373791216745064,0.8079164348016604
2165.1153379198704,0.0939573858224758,0.0551276036706028,10.643122850282486,-0.0060426141775241,monoamb,alto,6.0,Caballito,1,24.71,1.2126975098198427,0.5474928297113724,0.0014709557236647,0.6815238874122538,0.2822013725531903,alta,0,1,-0.7333178721673542,-0.602508718952788,-1.0531881783865629,-0.4212875957668418
3023.2558139534885,0.0452208200474145,0.0104524183767966,22.113707777777776,-0.0547791799525854,2A,medio,11.0,Villa Devoto,2,43.0,1.3185405446843372,4.271459180060978,0.0010693665978338,0.579459732816385,2.659087709873237,alta,0,3,0.0852386889123716,3.310600777891441,3.0972088464022094,-1.310530819201805
1452.1739130434785,0.1622957689449671,0.1177711215328865,6.161590080263212,0.0622957689449671,4+A,alto,6.0,Caballito,1,115.0,1.1046214790945283,0.4075176932457349,0.0014709557236647,0.6815238874122538,0.2822013725531903,media,0,1,-1.7324425200423736,-1.096214562171405,-1.0493704963572308,0.8948238416304225
2844.8275862068967,0.043890211815892,0.0092326941645676,22.78412335294118,-0.0561097881841079,3A,medio,10.0,Monte Castro,0,58.0,1.7349601573328002,2.7458582288069966,0.0007950753514594,0.4818638493693606,0.3093771634352494,media,0,0,-0.4726210433973822,2.0882298185188297,-0.5258076096275832,0.2629954159110502
4041.2698412698414,0.0309539465754841,-0.0026255489724728,32.30605821333334,-0.0690460534245158,4+A,medio,11.0,Villa Devoto,2,126.0,1.489079320268069,4.729345916389823,0.0010693665978338,0.579459732816385,2.659087709873237,media,0,3,0.9603305438691035,3.739038927956096,3.6096771176757225,0.0260036966642927
2320.5882352941176,0.075588152758302,0.0382891400284435,13.22958643,-0.0244118472416979,2A,medio,12.0,Villa Urquiza,1,34.0,0.6629337925124801,2.01134406615428,0.0016590377581003,0.4997101681025006,0.2333980703538691,media,0,1,-0.1876845330182951,-0.2949186773879399,-0.4046634063861485,-0.3274647398665505
2245.833333333333,0.0948407938398627,0.0559373943532074,10.543985973888889,-0.0051592061601373,2A,alto,5.0,Boedo,1,24.0,0.5999235583849603,1.7873662776382395,0.0013072260551381,0.7262366972989581,0.8153691824811038,alta,0,1,-0.9177421367132717,0.0393234745637124,0.3676320932150659,-0.8407954457488961
2089.74358974359,0.0836305732183002,0.0456613587834418,11.957349585416663,-0.0163694267816998,4+A,alto,6.0,Caballito,2,78.0,1.221861049886358,0.9272495537410284,0.0014709557236647,0.6815238874122538,0.2822013725531903,media,0,1,-0.4470773004345447,-0.4363504133497071,-0.6643755326267506,0.3231294001327952
854.1666666666666,0.1402660643040164,0.097577225612015,7.12930818271605,0.0402660643040164,4+A,alto,3.0,Balvanera,0,96.0,0.2628601618626519,2.260104722354346,0.0010344625327268,0.9331491918927998,0.3306390495886265,media,0,1,-2.9091070008003026,-0.2484353241479903,0.356306016337432,0.5315233111383605
1704.5454545454545,0.1204595262835978,0.0794212324266313,8.301543521312711,0.0204595262835978,4+A,alto,6.0,Caballito,0,132.0,1.0417946200797457,0.2740002030837506,0.0014709557236647,0.6815238874122538,0.2822013725531903,media,0,1,-1.4527671332532597,-1.0092973054684709,-0.8470127446545218,1.5228708473369754
3114.754098360656,0.0448413928769175,0.0101046101371744,22.300823766666667,-0.0551586071230824,3A,medio,11.0,Villa Devoto,1,61.0,0.4483258115696125,3.691842800800262,0.0010693665978338,0.579459732816385,2.659087709873237,alta,0,3,-0.052927786014224,2.424738172077245,3.397394746450707,-0.8984311130853041
1923.076923076923,0.0965584659949624,0.0575119271620488,10.356419705882354,-0.0034415340050375,2A,bajo,13.0,Belgrano,1,39.0,1.8361359434826283,2.037021468807595,0.001811257462251,0.3242107629327673,0.3362126271488234,alta,0,0,-0.3540466399514623,0.4322677188258249,-1.229787307784068,-0.1163246545610227
2277.777777777778,0.0861827947336156,0.048000895172481,11.603244047619048,-0.0138172052663843,3A,bajo,14.0,Palermo,0,90.0,1.6991131078610069,0.9781544683927652,0.0020354411558041,0.3173293561387364,0.7185047022536231,alta,0,2,-0.0313782177385731,-0.2121333710307863,-0.8618547655467079,0.919350608111402
3017.8571428571427,0.0604960803309893,0.0244547403034068,16.52999656388889,-0.0395039196690106,3A,medio,12.0,Villa Urquiza,1,56.0,0.9648786203606864,2.2760514622385664,0.0016590377581003,0.4997101681025006,0.2333980703538691,alta,0,2,0.4353294791237394,0.1442356557300983,-0.2745733538281766,0.0484037065132195
2357.1428571428573,0.0917790801059283,0.0531308234304343,10.895729166666667,-0.0082209198940716,4+A,bajo,13.0,Belgrano,0,140.0,2.655153245579099,2.239083405862224,0.001811257462251,0.3242107629327673,0.3362126271488234,alta,0,0,-0.2089958895542487,1.1537743363407684,-1.2070650811770398,1.8454862211649208
1406.25,0.0740593967665087,0.0368877803692997,13.50267546943106,-0.0259406032334912,4+A,medio,10.0,Villa Luro,1,128.0,4.019242107906253,0.4545021244709601,0.0007950753514594,0.4818638493693606,0.3093771634352494,media,0,0,-1.4013462008515771,2.2465501514461765,-2.5190432924448256,1.806028017959992
1371.428571428571,0.0788726469660321,0.0412999263855295,12.678666666666668,-0.0211273530339678,4+A,alto,1.0,Monserrat,1,175.0,0.1794009948463066,1.574237478137225,0.0018408245339653,1.3599759089981835,0.497858621461092,alta,0,1,-1.5739359607321273,-1.6070381899249058,1.6317994720141915,1.95608613883293
1836.9259606373007,0.0626210051526153,0.026402588056564,15.96908253968254,-0.0373789948473846,2A,alto,1.0,San Nicolas,0,53.35,0.2669937418625953,2.9782153310085056,0.0018408245339653,1.3599759089981835,0.497858621461092,alta,0,1,-1.4732047541504647,-0.6131088911732019,1.7198519298046973,-0.016618868528363
2213.2796780684107,0.0608561760472452,0.0247848280433081,16.432185933333336,-0.0391438239527547,2A,bajo,7.0,Flores,1,34.79,1.913575929189718,1.0505423544744672,0.0007389240721516,0.4306612690454279,0.2791624172439522,media,0,0,-0.7554029792441469,1.2810798222135864,-1.510827393020053,-0.1392887313845915
3962.66829865361,0.0427637993845507,0.0082001494358381,23.38426459743589,-0.0572362006154493,monoamb,bajo,14.0,Palermo,2,32.68,1.39842735432657,0.5598407794137705,0.0020354411558041,0.3173293561387364,0.7185047022536231,alta,0,2,2.010935068582665,-0.4392778558990299,-0.6840406938395628,-0.4347841742296414
2968.75,0.0565001550249161,0.0207918087728397,17.69906648148148,-0.0434998449750839,monoamb,bajo,13.0,Colegiales,1,32.0,0.8911224405860554,0.6336055361770762,0.001811257462251,0.3242107629327673,0.3362126271488234,alta,0,2,0.7754881248321882,-0.763825444677611,-1.007167581886199,-0.1918051745167933
1764.7058823529412,0.0780987592606313,0.0405905293222454,12.804300727272729,-0.0219012407393686,2A,alto,3.0,Balvanera,0,34.0,0.3305078073149204,2.6946361310643514,0.0010344625327268,0.9331491918927998,0.3306390495886265,alta,0,1,-1.8110055487788728,0.3437968081903494,0.5732603637686853,-0.3845913660617102
1954.0229885057472,0.0801869613798996,0.0425047145982412,12.470855395833334,-0.0198130386201004,3A,alto,2.0,Recoleta,1,87.0,0.797945010303624,2.62346868016074,0.0014373274573867,1.0447534381885877,0.3343869191202226,alta,0,1,-1.226174712588999,0.038589782529366,0.7326677399984344,0.4163370201398912
1397.4358974358977,0.1125560100103177,0.0721763425094579,8.884465608796296,0.0125560100103177,3A,alto,1.0,Constitucion,1,78.0,0.4603270556699414,1.0893710479006085,0.0018408245339653,1.3599759089981835,0.497858621461092,alta,0,1,-1.8546649702918416,-1.7275568567090922,0.8276206003635715,0.2375433462725309
2600.0,0.0581644605682324,0.0223174221875464,17.192629145539907,-0.0418355394317675,2A,bajo,7.0,Flores,1,40.0,2.0310799408224964,1.0266213163134164,0.0007389240721516,0.4306612690454279,0.2791624172439522,alta,0,0,-0.4512526310305375,1.3827486929848871,-1.5207121311182803,-0.066638881945449
3333.333333333333,0.0425993232330716,0.0080493796303156,23.47455133333333,-0.0574006767669283,3A,medio,12.0,Saavedra,0,72.0,1.8412148620739792,2.8973629894200146,0.0016590377581003,0.4997101681025006,0.2333980703538691,alta,0,0,0.536067909316751,1.2139904795539604,-0.3969511974056328,0.6102158765046477
2454.5454545454545,0.067617973385828,0.0309831422703423,14.78896734,-0.0323820266141719,3A,alto,5.0,Almagro,1,77.0,1.0859339822413143,1.238170492248105,0.0013072260551381,0.7262366972989581,0.8153691824811038,media,0,1,-0.5080653623473469,0.1828109630780853,0.2279466044215704,0.2652549221058748
2547.169811320755,0.0536435922194235,0.0181732928678049,18.64155547058824,-0.0463564077805764,2A,bajo,13.0,Nuñez,0,53.0,2.4339957348434043,3.384484265981683,0.001811257462251,0.3242107629327673,0.3362126271488234,alta,0,0,0.1405131399670539,1.7935944539670938,-0.8266354333381121,0.3856917280639454
2250.0,0.0650822993838594,0.0286587744352045,15.365160872727277,-0.0349177006161405,2A,alto,3.0,Balvanera,0,32.0,0.0977633874773194,2.305359981508841,0.0010344625327268,0.9331491918927998,0.3306390495886265,alta,0,1,-1.3414830529465525,0.0517446127700426,0.6427901114319263,-0.4171736053732921
3142.8571428571427,0.046491352310275,0.0116170729510854,21.50937648202138,-0.0535086476897249,2A,alto,1.0,Monserrat,1,42.0,0.3569209721941325,2.0442453635762963,0.0018408245339653,1.3599759089981835,0.497858621461092,alta,1,1,-0.1252691653682465,-0.9359215491579186,1.5000468407236742,-0.3849723052585121
2980.0,0.0428852247312801,0.0083114560036735,23.318054324444446,-0.0571147752687198,2A,medio,12.0,Saavedra,6,50.0,2.347448207437421,3.380155852859636,0.0016590377581003,0.4997101681025006,0.2333980703538691,alta,0,2,1.7202409588049397,1.5626734909679385,-0.4171637447193913,-0.7975920301148056
2108.4849515388537,0.068708585859793,0.0319828703714769,14.554221826666666,-0.031291414140207,3A,medio,11.0,Villa Del Parque,0,58.81,0.8840380320101365,2.315075765612071,0.0010693665978338,0.579459732816385,2.659087709873237,alta,0,3,-1.1684835465745154,1.9130357045507635,2.45597343358881,-0.5631740976577334
3000.0,0.0567990976440955,0.0210658395070875,17.6059135,-0.0432009023559044,monoamb,medio,12.0,Saavedra,0,30.0,2.238975506720836,3.281155803730761,0.0016590377581003,0.4997101681025006,0.2333980703538691,alta,0,0,0.142996670680224,1.6503866273051366,-0.7073048119447521,-0.1047497373108399
2558.823529411765,0.0636541611528657,0.0273496477234602,15.709892046153849,-0.0363458388471343,2A,bajo,13.0,Nuñez,0,34.0,2.712345030552899,3.736729272916478,0.001811257462251,0.3242107629327673,0.3362126271488234,media,0,0,0.044744164333724,2.151328794861259,-0.956497386819132,0.025694463349649
4923.076923076923,0.0372744078289377,0.0031682071765262,26.828058666666667,-0.0627255921710623,3A,bajo,13.0,Nuñez,4,65.0,2.689408636960421,3.576744930246779,0.001811257462251,0.3242107629327673,0.3362126271488234,alta,0,2,2.9726876479928825,2.101809216664146,-0.4651084888308894,-0.3343854122919201
3064.066852367688,0.0387266574846106,0.0044994360275597,25.822006466666668,-0.0612733425153894,3A,medio,11.0,Villa Del Parque,2,71.8,0.4999107375998078,3.214177029610852,0.0010693665978338,0.579459732816385,2.659087709873237,alta,0,3,0.2277577631233778,2.1827697434370803,3.289264663359424,-0.8187630165413685
3679.992,0.0412103044543942,0.006776112416528,24.26577559276854,-0.0587896955456057,4+A,bajo,15.0,Chacarita,4,125.0,0.4856887616583777,0.266156913202988,0.0016924644253836,0.3560200247570848,0.3145034612612011,media,0,2,2.0930001107260408,-1.2179575609566935,-0.367653122967618,0.780055207206374
1334.532913480282,0.0909423754413889,0.0523638441546065,10.995974045614034,-0.009057624558611,3A,alto,1.0,Monserrat,1,66.69,0.2195979476200708,0.94408721391409,0.0018408245339653,1.3599759089981835,0.497858621461092,alta,0,1,-1.7291660823244293,-1.8939439279605743,0.9437769314358704,0.1270453776014723
1727.2727272727273,0.0822092202743488,0.044358451918153,12.16408569090909,-0.0177907797256511,2A,alto,3.0,Balvanera,1,33.0,0.2866838034970727,2.3057477083054416,0.0010344625327268,0.9331491918927998,0.3306390495886265,alta,0,1,-1.609752024002005,0.0498421856096055,0.465879727769205,-0.5718057523803437
2833.333333333333,0.0701635912074121,0.0333166252734611,14.252406166666669,-0.0298364087925878,3A,bajo,13.0,Colegiales,1,60.0,0.4879578318104391,1.1614304668756947,0.001811257462251,0.3242107629327673,0.3362126271488234,alta,0,2,0.5682930360068406,-0.8500867943269522,-0.5675831976146883,0.141185598058713
5312.5,0.0408281937235931,0.006425844246627,24.492878787878787,-0.0591718062764068,2A,alto,1.0,Puerto Madero,4,64.0,1.139226933444639,0.5002948238395476,0.0018408245339653,1.3599759089981835,0.497858621461092,alta,0,2,2.29384388060599,-1.1726783241138792,0.905152857368638,-0.5566594338881734
3324.6875,0.0454697090633515,0.0106805666414056,21.992663260869563,-0.0545302909366484,3A,bajo,13.0,Colegiales,2,96.0,0.1538543794749425,1.437968588052022,0.001811257462251,0.3242107629327673,0.3362126271488234,alta,0,2,1.3756991458974492,-0.8872341072970256,0.0089570410575823,0.5506853465178934
4945.054945054945,0.0272635668691658,-0.0060083970365979,36.67898645833333,-0.0727364331308341,3A,alto,1.0,Puerto Madero,2,91.0,0.8878627071158358,0.2987612039868764,0.0018408245339653,1.3599759089981835,0.497858621461092,alta,0,2,1.6656772822690091,-1.3598093265985152,1.025602540499774,0.3546259315852827
3478.125,0.0421017570138174,0.0075932772626659,23.75197784909091,-0.0578982429861825,monoamb,medio,11.0,Villa Devoto,0,32.0,0.5457528503109,4.087333081856787,0.0010693665978338,0.579459732816385,2.659087709873237,alta,0,3,-0.0452141409080799,2.79161610391754,3.3918644938994142,-1.2582632067425596
3573.170731707317,0.0401276901444634,0.0057837159657581,24.92044761111111,-0.0598723098555366,2A,medio,11.0,Villa Devoto,0,41.0,0.5457528503109,4.087333081856787,0.0010693665978338,0.579459732816385,2.659087709873237,alta,0,3,0.0439352972241525,2.79954575493081,3.4399817022564863,-1.1079695989319187
3415.873015873016,0.0395904491013677,0.005291245009587,25.258617234666666,-0.0604095508986322,3A,medio,11.0,Villa Devoto,0,63.0,0.5457528503109,4.087333081856787,0.0010693665978338,0.579459732816385,2.659087709873237,alta,0,3,-0.0542449623936372,2.77989192404188,3.5084289721245545,-0.7135585059270776
2577.777777777778,0.0529039526289336,0.0174952899098558,18.902179332685456,-0.0470960473710663,2A,alto,1.0,Monserrat,3,45.0,0.3569209721941325,2.0442453635762963,0.0018408245339653,1.3599759089981835,0.497858621461092,alta,0,1,-0.0914285238668256,-1.080157964790484,1.5011638511240295,-0.6629292954362225
2647.058823529412,0.0520658395070875,0.0167270195481636,19.20645109090909,-0.0479341604929124,3A,alto,6.0,Caballito,1,51.0,0.7819612998382418,0.3873903733440721,0.0014709557236647,0.6815238874122538,0.2822013725531903,media,0,2,-0.0317205242358065,-0.8264831600306356,-0.5800384841711961,0.1069455259628916
2414.285714285714,0.0670498223668465,0.0304623371696093,14.914282614035088,-0.0329501776331534,4+A,bajo,14.0,Palermo,1,70.0,0.5458322900499087,1.0329944021410569,0.0020354411558041,0.3173293561387364,0.7185047022536231,media,0,2,0.4607059874063897,-0.961634811130093,-0.1804594916233688,0.3037828152615266
1454.5454545454545,0.0873286126277969,0.0490512282421471,11.451000650406504,-0.0126713873722031,3A,alto,3.0,Balvanera,1,55.0,0.2607559979717291,2.3787172404870605,0.0010344625327268,0.9331491918927998,0.3306390495886265,media,0,1,-1.838539786297976,0.0221349030845092,0.5423233175766301,-0.1981722598696471
2412.213740458016,0.0647078327590962,0.0283155133625048,15.454079627777777,-0.0352921672409038,3A,medio,12.0,Villa Urquiza,0,65.5,1.0684680639550448,2.49628185048833,0.0016590377581003,0.4997101681025006,0.2333980703538691,alta,0,1,-0.2870288626378193,0.3190907331086431,-0.3148203423455172,0.4414184800974908
2894.736842105264,0.0729137761788751,0.0358376281639688,13.714829383500286,-0.0270862238211248,monoamb,bajo,14.0,Palermo,2,38.0,0.5311019931001917,1.6634735357762949,0.0020354411558041,0.3173293561387364,0.7185047022536231,alta,0,2,0.968451345858941,-0.6602859209271065,-0.0149312797218803,-0.5604545917177024
2232.1428571428573,0.088606592324789,0.0502227096310566,11.285841987179488,-0.0113934076752109,3A,alto,6.0,Caballito,2,56.0,1.106025665685156,0.789367046405355,0.0014709557236647,0.6815238874122538,0.2822013725531903,media,0,1,-0.3883550677477264,-0.5887707013597817,-0.739063439226826,-0.0928396274542904
2265.151515151515,0.0484407020041617,0.0134039768371482,20.64379661372549,-0.0515592979958382,3A,medio,10.0,Velez Sarsfield,1,66.0,2.647103607110704,2.417278260424576,0.0007950753514594,0.4818638493693606,0.3093771634352494,media,0,0,-0.6733341162255112,2.4705266022349024,-1.1361041707299706,0.4138413642645674
2580.0,0.0705642929126797,0.0336839351699564,14.171473399973792,-0.0294357070873202,3A,bajo,14.0,Palermo,0,50.0,0.2715474482453566,1.723510682407703,0.0020354411558041,0.3173293561387364,0.7185047022536231,media,0,2,0.2727391830166229,-0.7462058182944389,0.1092704709582044,0.01780003256115
2052.054794520548,0.096687382504969,0.0576301006295549,10.34261114627451,-0.0033126174950309,2A,bajo,13.0,Belgrano,1,36.5,0.67327310430705,1.6594825198772982,0.001811257462251,0.3242107629327673,0.3362126271488234,alta,0,1,-0.2389862529534398,-0.5881856390972054,-0.7427723170421902,-0.2990225777193962
2415.730337078652,0.0429295505449559,0.0083520879995429,23.293977861538465,-0.057070449455044,2A,medio,10.0,Floresta,5,53.4,2.9747992847173568,1.2550154711459114,0.0007950753514594,0.4818638493693606,0.3093771634352494,alta,0,0,0.4980606193680457,1.9632361356968395,-1.6128906520847923,-0.3860786547891408
1944.4444444444443,0.0827643994242535,0.044867366138899,12.082489656862746,-0.0172356005757464,4+A,medio,12.0,Villa Urquiza,0,90.0,0.9855326812588447,2.4234987810436444,0.0016590377581003,0.4997101681025006,0.2333980703538691,media,0,1,-0.7514157383612288,0.113957921220681,-0.3183459630184521,0.8285938092898669
1875.0,0.0806547186546156,0.0429334921000643,12.39853063380282,-0.0193452813453843,2A,bajo,7.0,Flores,1,40.0,2.070314709599521,1.4776330817641057,0.0007389240721516,0.4306612690454279,0.2791624172439522,alta,0,0,-1.1706716196669391,1.5206877413562274,-1.529382328297064,-0.1124567587087462
2168.071332600464,0.0533991516583574,0.0179492223534943,18.726889265917603,-0.0466008483416425,4+A,bajo,15.0,Villa Crespo,1,163.74,0.591011972300486,0.6194764020823271,0.0016924644253836,0.3560200247570848,0.3145034612612011,media,0,2,0.1692720956500781,-0.986768729488722,-0.4246816395376317,2.0974539876097222
3237.410071942446,0.053282854839275,0.0178426169360021,18.767763157894738,-0.0467171451607249,4+A,bajo,14.0,Palermo,1,139.0,1.0228266729955082,1.0372902486671942,0.0020354411558041,0.3173293561387364,0.7185047022536231,alta,0,2,1.1978078779881418,-0.5567656389611306,-0.0622882429451243,1.5027776947386822
2296.037296037296,0.0525154818681811,0.0171391917124994,19.042003699215684,-0.0474845181318188,3A,medio,10.0,Floresta,4,60.06,2.9747992847173568,1.2550154711459114,0.0007950753514594,0.4818638493693606,0.3093771634352494,media,0,0,0.0934915836214192,1.9598657419524668,-1.667899368654954,-0.1171238791015874
3800.0,0.075907509862046,0.0385818840402088,13.173927083333332,-0.0240924901379539,4+A,bajo,13.0,Belgrano,3,105.0,2.665888484559913,2.348019369529655,0.001811257462251,0.3242107629327673,0.3362126271488234,alta,0,2,1.677102845046087,1.2544645296938624,-1.0244214828265974,0.592361600221854
3933.3333333333335,0.0375451662393174,0.0034164023860409,26.63458708974359,-0.0624548337606826,4+A,medio,12.0,Villa Urquiza,2,75.0,0.7473475099490738,2.065845021911659,0.0016590377581003,0.4997101681025006,0.2333980703538691,media,0,2,1.5449652724261798,-0.0354710558484566,0.0326147308871103,0.1685914211877067
2500.0,0.0629729126054102,0.0267251698882927,15.87984354901961,-0.0370270873945897,4+A,medio,12.0,Villa Urquiza,0,92.0,0.7635650987793914,2.0984311389445103,0.0016590377581003,0.4997101681025006,0.2333980703538691,media,0,1,-0.1781998393527789,-0.1100129686574048,-0.184576976597026,0.8812800614642011
3548.3870967741937,0.0464719889815327,0.0115993232330716,21.518338722222225,-0.0535280110184672,3A,medio,12.0,Villa Urquiza,0,62.0,0.9188267518001122,2.374940198731807,0.0016590377581003,0.4997101681025006,0.2333980703538691,alta,0,2,0.6836737866275284,0.2854226046629197,-0.1248497416520744,0.3182920474966191
2759.701492537313,0.0391664951304606,0.0049026205362556,25.532026714901964,-0.0608335048695393,3A,medio,10.0,Monte Castro,1,67.0,1.3037254447453068,2.940489520037944,0.0007950753514594,0.4818638493693606,0.3093771634352494,media,0,0,-0.2501931127881224,1.8460859268982133,-0.150715510049252,0.1883723582704925
2673.076923076923,0.0459708371697846,0.0111399340723025,21.752921233665777,-0.0540291628302153,2A,alto,2.0,Recoleta,1,52.0,0.2224012577485324,3.289513932635149,0.0014373274573867,1.0447534381885877,0.3343869191202226,alta,0,1,-0.4753639114074555,0.1628510608176152,1.3466534242923156,-0.2467946484200066
2281.25,0.0641907610361353,0.0278415309497907,15.578565884848484,-0.0358092389638646,monoamb,alto,2.0,Recoleta,0,32.0,0.3538307603122478,3.2172850249084743,0.0014373274573867,1.0447534381885877,0.3343869191202226,alta,0,1,-1.157409810468883,0.1826056779696029,1.042877288948462,-0.4125289677813692
2233.009708737864,0.0384075498269374,0.0042069206746926,26.036547619047617,-0.0615924501730626,4+A,alto,5.0,Almagro,2,206.0,0.91535147363976,1.248862441045815,0.0013072260551381,0.7262366972989581,0.8153691824811038,media,0,1,-0.1241352952410537,0.0459759004496281,0.9164357448458972,2.401900460634488
1845.018450184502,0.0839815229451984,0.0459830626997652,11.907381111111112,-0.0160184770548015,monoamb,alto,5.0,Boedo,7,37.94,0.4029567572994934,1.7796324576130262,0.0013072260551381,0.7262366972989581,0.8153691824811038,media,0,2,0.3628307441558374,-0.3532723155253653,0.7172792235990779,-1.6372473990100114
3076.923076923077,0.0745488156578754,0.0373364143530524,13.414029333333334,-0.0254511843421246,2A,bajo,14.0,Palermo,0,26.0,1.1455135419259967,0.8148452403761418,0.0020354411558041,0.3173293561387364,0.7185047022536231,alta,0,2,0.6161412135205775,-0.5674774385277879,-0.7433352025601595,-0.2712185165805668
1833.3333333333333,0.0898458453642965,0.0513586915839385,11.130175201149424,-0.0101541546357034,2A,alto,1.0,San Nicolas,0,30.0,0.3058211922674014,2.3549462407465573,0.0018408245339653,1.3599759089981835,0.497858621461092,alta,0,1,-1.6785343515470608,-0.9980980371610456,1.2841133325688583,-0.4736677059462066
2192.3076923076924,0.079849068295927,0.0421949792712664,12.523627655790794,-0.0201509317040729,3A,bajo,14.0,Palermo,0,52.0,0.46926151079153,1.0581933911002512,0.0020354411558041,0.3173293561387364,0.7185047022536231,media,0,1,-0.0565840969184667,-1.010821527034892,-0.2956641911864506,0.1395229871904419
2322.801024765158,0.074233079497442,0.0370469895393218,13.471083333333333,-0.0257669205025579,3A,bajo,15.0,Chacarita,1,58.55,0.4856887616583777,0.266156913202988,0.0016924644253836,0.3560200247570848,0.3145034612612011,alta,0,2,0.0765725349865644,-1.2554770355978606,-0.9436685348145456,0.2177224063400268
2250.937890787828,0.0631101084934395,0.0268509327856528,15.84532215,-0.0368898915065605,3A,medio,12.0,Villa Urquiza,2,71.97,0.5102381478994154,1.96116201276568,0.0016590377581003,0.4997101681025006,0.2333980703538691,alta,0,2,0.1290780032272336,-0.4524940559642813,-0.1293597888904543,0.1800268770987037
2482.758620689656,0.0437826377673236,0.0091340846200466,22.840104000000004,-0.0562173622326763,4+A,medio,11.0,Villa Devoto,0,145.0,1.159355779515376,4.454462284530071,0.0010693665978338,0.579459732816385,2.659087709873237,media,0,3,-0.739173696302545,3.2939408056322583,3.514006357196718,0.8217441115809554
2396.551724137931,0.0674233892897537,0.0308047735156075,14.831648342424243,-0.0325766107102463,monoamb,bajo,15.0,Villa Crespo,1,29.0,0.4611175080194905,0.8070957277152206,0.0016924644253836,0.3560200247570848,0.3145034612612011,alta,0,2,0.1475943986408896,-0.9445872163111088,-0.8106990609313046,-0.312011973212616
3209.6774193548385,0.0556574072391891,0.0200192899692566,17.967060443589745,-0.0443425927608109,monoamb,bajo,14.0,Palermo,1,31.0,1.1527477956846688,0.988348646739565,0.0020354411558041,0.3173293561387364,0.7185047022536231,alta,0,2,1.102740684225011,-0.4398419182092526,-0.550225023050477,-0.3167715894092226
1621.6216216216217,0.0922985336716552,0.0536069891990173,10.834408307692309,-0.0077014663283447,2A,alto,3.0,Balvanera,1,37.0,0.3062973101138813,2.1758016626714576,0.0010344625327268,0.9331491918927998,0.3306390495886265,alta,0,1,-1.758641912739751,-0.0495606397578292,0.3747212301090516,-0.521887259386615
1487.179487179487,0.0881365308270448,0.049791819924791,11.346033144444444,-0.0118634691729551,2A,medio,9.0,Mataderos,0,39.0,5.383347589838063,2.366984740010435,0.0005686137567445,0.5253496665574764,0.3428690900660959,media,0,0,-2.0492894639925883,4.521882514832497,-2.891704998432733,0.3762345167055739
1428.571428571429,0.181407088021874,0.1352898306867178,5.512463768115942,0.081407088021874,4+A,bajo,7.0,Flores,0,112.0,2.1050168851504694,0.8938228951693972,0.0007389240721516,0.4306612690454279,0.2791624172439522,media,0,0,-2.47111172814437,0.8470826715548351,-1.9638266116358405,0.9606510076284892
3526.315789473684,0.0452046215447109,0.0104375697493184,22.121631944444445,-0.054795378455289,4+A,bajo,13.0,Belgrano,1,190.0,1.3477435423742417,1.5326642374805008,0.001811257462251,0.3242107629327673,0.3362126271488234,alta,0,2,1.3140855982648902,0.0197325483956808,-0.2691456542569245,2.4606975515660827
2247.5,0.0710778474411651,0.0341546934877347,14.069081099111113,-0.0289221525588348,2A,bajo,15.0,Villa Crespo,0,40.0,0.5090738413623689,1.2764552406988476,0.0016924644253836,0.3560200247570848,0.3145034612612011,alta,0,1,-0.2475638298818862,-0.6507933146167011,-0.6868507744768538,0.0267967456046508
1903.614457831325,0.0754924715522789,0.0382014322562556,13.246353966666666,-0.0245075284477211,2A,alto,5.0,Boedo,1,41.5,0.5527592743636751,1.6331784824025235,0.0013072260551381,0.7262366972989581,0.8153691824811038,alta,0,1,-0.9985315753452726,-0.0342693013061594,0.4490911937549724,-0.4123523535151609
2475.0,0.0645444291410176,0.0281657267125995,15.49320388,-0.0354555708589823,2A,medio,12.0,Villa Pueyrredon,2,40.0,2.1794963633430644,4.304003182751276,0.0016590377581003,0.4997101681025006,0.2333980703538691,alta,0,0,0.1609534978534197,1.991774387501524,-0.2855622146804147,-0.3687008101720065
2839.285714285714,0.063494961079573,0.0272037143229419,15.74928125,-0.0365050389204269,3A,bajo,15.0,Villa Crespo,1,56.0,0.5432168192362893,0.6758314965693692,0.0016924644253836,0.3560200247570848,0.3145034612612011,alta,0,2,0.5179277031883696,-0.9285470816574072,-0.7519623923628999,0.1337950846848192
2650.602409638554,0.0712074796501032,0.0342735230125946,14.043468536083074,-0.0287925203498968,4+A,bajo,14.0,Palermo,0,83.0,0.672048689870636,1.7364514788104404,0.0020354411558041,0.3173293561387364,0.7185047022536231,media,0,2,0.3325203072301758,-0.4694121181598138,0.0223485615839741,0.619888418125907
3631.578947368421,0.0802595944970915,0.0425712949556672,12.459569553846151,-0.0197404055029084,monoamb,bajo,14.0,Palermo,0,19.0,1.1807192508327975,1.5174808027237725,0.0020354411558041,0.3173293561387364,0.7185047022536231,alta,0,2,0.9428537561354176,-0.158947701784728,-0.5129901610794746,-0.5346958824847992
3937.5,0.0473325813700796,0.0123881995892396,21.1270962,-0.0526674186299203,2A,bajo,14.0,Palermo,0,32.0,1.6991131078610069,0.9781544683927652,0.0020354411558041,0.3173293561387364,0.7185047022536231,alta,0,2,1.4459664978051645,0.0617833744191382,-0.7800463147989061,-0.0909248276996929
2805.9701492537315,0.0634458005598939,0.0271586505132361,15.761484466666666,-0.036554199440106,3A,bajo,13.0,Belgrano,0,67.0,0.8124251893766735,1.6058069398787929,0.001811257462251,0.3242107629327673,0.3362126271488234,alta,0,2,0.3392788424791126,-0.3240436483101759,-0.5636007460377677,0.4823373785068857
1692.3076923076924,0.0677716505980685,0.0311240130482295,14.755432266666666,-0.0322283494019314,3A,alto,3.0,San Cristobal,0,65.0,0.4686074061250488,0.911856941654822,0.0010344625327268,0.9331491918927998,0.3306390495886265,media,0,1,-1.6997988439900151,-0.4727861525468455,0.0089750364939699,0.3644807000225489
1530.6122448979593,0.1022383757593719,0.0627185111127576,9.781063055555556,0.0022383757593719,3A,bajo,15.0,Villa Crespo,1,49.0,0.5253320487161581,0.974360525773572,0.0016924644253836,0.3560200247570848,0.3145034612612011,media,0,1,-0.7496051807141971,-1.001772980097808,-0.922441503393164,-0.0281051829568676
2864.0529531568227,0.0605857041537019,0.0245368954742267,16.50554390625,-0.039414295846298,4+A,bajo,13.0,Nuñez,1,78.56,2.2625314817712554,3.284613122463734,0.001811257462251,0.3242107629327673,0.3362126271488234,media,0,0,0.5805716224194118,1.5554690876983048,-0.6487325776421365,0.5540060111066102
2941.176470588235,0.0425993232330716,0.0080493796303156,23.47455133333333,-0.0574006767669283,2A,medio,12.0,Saavedra,1,51.0,2.213183634547087,3.197029165872549,0.0016590377581003,0.4997101681025006,0.2333980703538691,alta,0,0,0.4723780653828571,1.5822206377344596,-0.5653607029734145,0.1407339253949449
2435.897435897436,0.0597771640163612,0.0237957336816644,16.728796296296295,-0.0402228359836387,monoamb,bajo,15.0,Parque Chas,0,39.0,0.9320289858218768,1.6014511428031666,0.0016924644253836,0.3560200247570848,0.3145034612612011,media,0,2,-0.0386339575051907,-0.1251642478036681,-0.739802786431594,0.0664585311715635
1545.4545454545455,0.0751752762936558,0.0379106699358512,13.302245755555557,-0.0248247237063441,2A,medio,9.0,Liniers,0,44.0,4.404253203937537,3.440503240943611,0.0005686137567445,0.5253496665574764,0.3428690900660959,media,0,0,-1.9351888323705155,4.430783542514036,-1.911143330310098,0.2885328034117084
3000.0,0.0587576872180298,0.022861213283194,17.019049716666668,-0.0412423127819701,monoamb,medio,12.0,Villa Urquiza,2,29.0,0.6548426660525066,2.110586323299591,0.0016590377581003,0.4997101681025006,0.2333980703538691,alta,0,2,0.6766746098917101,-0.1863402603040042,-0.2289483904703246,-0.6117897127319439
1682.6923076923076,0.0681589171729146,0.0314790074085051,14.671594583333334,-0.0318410828270853,2A,alto,5.0,Almagro,0,52.0,0.6704923627283719,0.8969459311171971,0.0013072260551381,0.7262366972989581,0.8153691824811038,alta,0,1,-1.3148291591814782,-0.2843572834484629,0.1405199628003975,0.0855026337601667
1638.4615384615386,0.0933318505888894,0.0545541963731486,10.71445593,-0.0066681494111106,2A,alto,5.0,Almagro,0,39.0,1.328510381219839,1.214087691492949,0.0013072260551381,0.7262366972989581,0.8153691824811038,alta,0,1,-1.5687246136653452,0.2643585171277438,-0.2475795446701427,-0.178164280858091
3360.655737704918,0.0389874547604451,0.0047385001970747,25.649276315789475,-0.0610125452395548,4+A,bajo,14.0,Palermo,0,183.0,1.282265683314296,1.1876969276603535,0.0020354411558041,0.3173293561387364,0.7185047022536231,alta,0,2,1.168649493684315,-0.2146098440021818,0.0471782317821841,2.5037137067534827
4017.094017094017,0.0644406307126731,0.0280705781532836,15.518159722222222,-0.0355593692873269,4+A,bajo,13.0,Nuñez,3,117.0,2.696052544632228,3.6087025115810434,0.001811257462251,0.3242107629327673,0.3362126271488234,alta,0,0,1.8828843436403977,1.9832357156017515,-0.4833300169197106,0.71832237480753
4104.477611940299,0.0433738563827638,0.0087593683508668,23.055362916666667,-0.0566261436172361,3A,bajo,13.0,Nuñez,3,67.0,2.696052544632228,3.6087025115810434,0.001811257462251,0.3242107629327673,0.3362126271488234,alta,0,0,2.085095677613195,2.093426098094503,-0.5730045024721868,-0.049119734417248
3315.0,0.0599688813738565,0.0239714745927018,16.675315214999998,-0.0400311186261434,3A,bajo,13.0,Belgrano,1,60.0,1.7447056204086884,2.641597968946943,0.001811257462251,0.3242107629327673,0.3362126271488234,alta,0,2,0.9310957531283368,0.8885833533985072,-0.6293192707807123,0.1732106652799453
2047.619047619048,0.0544875064609056,0.0189468809224968,18.35283104242424,-0.0455124935390943,4+A,bajo,7.0,Flores,1,84.0,2.523536287790652,1.2512149834878374,0.0007389240721516,0.4306612690454279,0.2791624172439522,media,0,0,-0.8121344548542132,1.8083701941192376,-1.5758027033672155,0.8087281269389821
2348.4848484848485,0.0610626944253152,0.0249741365565389,16.37661111111111,-0.0389373055746847,4+A,alto,1.0,Monserrat,2,132.0,0.4478432775140702,1.239222845710657,0.0018408245339653,1.3599759089981835,0.497858621461092,alta,0,1,-0.4920833540353879,-1.4851083994013587,1.3961310098731663,1.069637035865019
1437.5,0.0740857795357768,0.036911964574462,13.497867016666667,-0.0259142204642232,4+A,alto,1.0,Constitucion,0,80.0,0.5195628478773932,0.6214455407546444,0.0018408245339653,1.3599759089981835,0.497858621461092,media,0,1,-1.7516050401098655,-1.744810818600828,0.7603350555574375,0.6657452835737395
1647.0588235294117,0.0730578393447179,0.0359696860659914,13.687785034013604,-0.0269421606552821,2A,alto,1.0,San Telmo,0,51.0,0.8124837200145751,0.1746035413484275,0.0018408245339653,1.3599759089981835,0.497858621461092,alta,0,1,-1.5924874999798055,-1.7364034304316256,0.3610658437851148,0.2302765757857575
3260.8695652173915,0.0567990976440955,0.0210658395070875,17.605913500000003,-0.0432009023559044,monoamb,alto,1.0,Constitucion,1,23.0,0.7087357184424764,0.8062866135812997,0.0018408245339653,1.3599759089981835,0.497858621461092,alta,0,1,-0.0867498077393666,-1.3514011154279986,0.770192518258227,-0.6146251586491589
1571.428571428571,0.0851986464661433,0.0470987592606313,11.737275666666669,-0.0148013535338566,2A,alto,3.0,Balvanera,0,35.0,0.5139198145402537,1.924350640098368,0.0010344625327268,0.9331491918927998,0.3306390495886265,alta,0,1,-1.978690606196188,0.0342936727433901,0.1595515386896968,-0.2862011987244834
1758.928571428571,0.0756840768100258,0.0383770704091903,13.212818893333331,-0.0243159231899742,3A,alto,3.0,Balvanera,1,56.0,0.3503643283177309,2.3118759155306043,0.0010344625327268,0.9331491918927998,0.3306390495886265,media,0,1,-1.5242005079517484,0.1116422213499545,0.5454401308083695,-0.1484196673413456
3227.2727272727275,0.0779987608492861,0.0404988641118456,12.820716497435898,-0.0220012391507138,monoamb,bajo,14.0,Palermo,0,22.0,0.7172366462205676,0.8252642323741897,0.0020354411558041,0.3173293561387364,0.7185047022536231,alta,0,2,0.6990965866114423,-0.8698017151206764,-0.5266156322572255,-0.4303322594413962
4260.0,0.0339994598573811,0.0001661715359327,29.41223196470588,-0.0660005401426188,2A,bajo,13.0,Nuñez,4,50.0,2.696052544632228,3.6087025115810434,0.001811257462251,0.3242107629327673,0.3362126271488234,alta,0,2,2.5085109397654968,2.1039035675624547,-0.5531526240248735,-0.4987966213834174
2030.478955007257,0.0548097082341165,0.0192422325479401,18.244942952962965,-0.0451902917658835,3A,bajo,7.0,Flores,1,68.9,2.52203160372723,1.0159504295172683,0.0007389240721516,0.4306612690454279,0.2791624172439522,alta,0,0,-0.8261643641116906,1.6905173762324373,-1.7162242460171042,0.5725652860932625
2900.0,0.053861213283194,0.0183727788429278,18.566236054545456,-0.0461387867168059,monoamb,bajo,15.0,Chacarita,3,30.0,0.4130911275972433,0.6972908289658837,0.0016924644253836,0.3560200247570848,0.3145034612612011,alta,0,2,1.11626087417281,-1.0422859104219582,-0.6630374420221441,-0.6594012185227128
1977.7777777777776,0.0789762734096272,0.0413949172921582,12.662030719191918,-0.0210237265903727,3A,alto,6.0,Caballito,0,45.0,1.0152667090928005,0.8427863782791436,0.0014709557236647,0.6815238874122538,0.2822013725531903,media,0,1,-0.9964801144283176,-0.5143485903341339,-0.7564634971588635,0.1427719639127032
745.645390070922,0.2400628426907082,0.1890576057998159,4.165575933333333,0.1400628426907082,monoamb,bajo,13.0,Belgrano,2,35.25,0.8864764884561315,1.9131601081483527,0.001811257462251,0.3242107629327673,0.3362126271488234,alta,0,1,-2.076957561704276,-0.9487318984287378,-1.414657985387991,-0.9688046452487116
2398.3050847457625,0.046964624907132,0.012050906164871,21.29262188247863,-0.0530353750928679,3A,medio,4.0,Barracas,0,59.0,1.2462677124611643,1.184118443766104,0.0003390684780865,0.6643909367912209,0.3621231466264265,media,0,0,-1.2967714229467693,1.3334798754020327,-0.6059474207434189,0.2694175292121652
3586.206896551724,0.0491530652689288,0.0140569764965181,20.344611155555555,-0.0508469347310711,monoamb,medio,12.0,Villa Urquiza,0,29.0,1.5441101079502544,2.789177405737424,0.0016590377581003,0.4997101681025006,0.2333980703538691,alta,0,0,0.6517682859504254,0.9599121954561252,-0.4370788881819324,-0.2091144489406766
2500.0,0.0436217069906653,0.0089865647414432,22.924366536458333,-0.0563782930093346,2A,medio,4.0,Barracas,2,50.0,1.3705474020923714,1.17422124878718,0.0003390684780865,0.6643909367912209,0.3621231466264265,alta,0,0,-0.710022339278391,1.3552900177729352,-0.6242686175286376,-0.230476218938247
1414.141414141414,0.0608561760472452,0.0247848280433081,16.432185933333333,-0.0391438239527547,4+A,alto,1.0,San Nicolas,0,99.0,0.1133929002609964,3.0360316315918983,0.0018408245339653,1.3599759089981835,0.497858621461092,media,0,1,-1.742619969692081,-0.736931846059022,1.9591554558633284,0.7903939489525822
1500.0,0.07361447050163,0.0364799312931608,13.584285714285716,-0.0263855294983699,4+A,alto,5.0,Almagro,0,160.0,1.358346366618112,1.3769008488267676,0.0013072260551381,0.7262366972989581,0.8153691824811038,media,0,1,-1.4568056785184809,0.367620836629161,0.2975436811061127,1.969199942236204
1500.0,0.1115696560866162,0.0712721847460649,8.963010509090909,0.0115696560866162,2A,alto,3.0,Balvanera,0,28.0,0.4787195816532865,1.9517723225899064,0.0010344625327268,0.9331491918927998,0.3306390495886265,alta,0,1,-2.2418414104013,-0.0735998864696366,0.0526328363798755,-0.5187951712181181
1907.2164948453608,0.0640417501490913,0.027704937636667,15.614813737475428,-0.0359582498509087,3A,bajo,15.0,Chacarita,1,97.0,0.4856887616583777,0.266156913202988,0.0016924644253836,0.3560200247570848,0.3145034612612011,media,0,1,-0.1243953173844232,-1.2643341353801385,-0.7990479131714722,0.9639254056028352
2523.809523809524,0.0858754130729781,0.0477191286502299,11.644776592226528,-0.0141245869270218,3A,bajo,14.0,Palermo,1,42.0,0.5232635215226535,0.8119238870077341,0.0020354411558041,0.3173293561387364,0.7185047022536231,media,0,2,0.3861247528240284,-1.1402158339457076,-0.4138374739419541,-0.2510761857963909
1285.7142857142858,0.0899319046031512,0.0514375792195553,11.119524315789477,-0.0100680953968487,3A,alto,1.0,San Nicolas,1,70.0,0.6276120242120168,1.6600464575816878,0.0018408245339653,1.3599759089981835,0.497858621461092,alta,0,1,-1.7853228336069331,-1.228990051068749,0.9937518744599604,0.1878343507771469
3102.5641025641025,0.0528090783881053,0.0174083218557632,18.936138075555554,-0.0471909216118946,2A,medio,12.0,Villa Urquiza,4,39.0,0.8806099401052672,2.002394944185799,0.0016590377581003,0.4997101681025006,0.2333980703538691,alta,0,2,1.2974231822949591,-0.1442466024410629,-0.2576956284322946,-0.7558111540787019
2975.0,0.0515487608870783,0.0162530308131551,19.39910839351852,-0.0484512391129216,monoamb,alto,1.0,San Nicolas,2,40.0,0.1222402920081014,2.836246318350076,0.0018408245339653,1.3599759089981835,0.497858621461092,alta,0,1,-0.0695929277624436,-0.7599840927518479,1.89851169782003,-0.7033520178264264
1187.5,0.1129124209197934,0.0725030525098106,8.85642156862745,0.0129124209197934,4+A,medio,12.0,Villa Pueyrredon,0,160.0,2.809186112698147,4.24943665780427,0.0016590377581003,0.4997101681025006,0.2333980703538691,media,0,0,-1.5838145045754783,2.177988290457131,-0.5687979386310554,2.0657974076637204
2368.4210526315787,0.0870313640167927,0.0487787503487267,11.490110620431606,-0.0129686359832072,4+A,bajo,14.0,Palermo,0,76.0,0.5693389753434343,1.6477587433229384,0.0020354411558041,0.3173293561387364,0.7185047022536231,media,0,1,0.0042983494649536,-0.6602325444377164,-0.0657051818963292,0.458771594315059
2360.0,0.0938629155982934,0.0550410059651023,10.653834835897436,-0.0061370844017065,monoamb,bajo,14.0,Palermo,0,25.0,0.7172366462205676,0.8252642323741897,0.0020354411558041,0.3173293561387364,0.7185047022536231,alta,0,2,-0.0525026916492224,-0.9815195208309876,-0.6502607188617833,-0.3467977258550532
3100.0,0.0505343403968474,0.0153231453637768,19.78852384629888,-0.0494656596031525,4+A,bajo,14.0,Palermo,1,100.0,1.298138305702489,0.6587604024510718,0.0020354411558041,0.3173293561387364,0.7185047022536231,media,0,2,1.1111757591688898,-0.5341652340026573,-0.4856594717983151,0.93758898943588
5625.0,0.0392610509342026,0.0049892966896858,25.47053571428572,-0.0607389490657973,3A,bajo,14.0,Palermo,1,120.0,1.1527477956846688,0.988348646739565,0.0020354411558041,0.3173293561387364,0.7185047022536231,media,0,2,3.029378228552323,-0.2845734549735086,0.0351671050948915,0.9826412503841184
2013.6986301369864,0.0695499154825659,0.0327540891923521,14.378162691666668,-0.030450084517434,3A,alto,2.0,Recoleta,0,73.0,0.4444969675796278,2.478211956776305,0.0014373274573867,1.0447534381885877,0.3343869191202226,media,0,1,-1.3445411864279146,-0.1971885345811347,0.8348098184579213,0.3663429002014941
2809.5238095238096,0.0851986464661433,0.0470987592606313,11.737275666666664,-0.0148013535338566,monoamb,alto,6.0,Caballito,1,21.0,1.5269388597660856,1.0890377139736984,0.0014709557236647,0.6815238874122538,0.2822013725531903,alta,0,1,-0.2224825092585181,-0.0219932033421995,-0.9528447799423656,-0.5251688366144281
3135.6,0.0651606435914467,0.0287305899588262,15.346686970588236,-0.0348393564085532,4+A,medio,12.0,Villa Urquiza,0,105.0,1.156700054626647,2.5528574367063404,0.0016590377581003,0.4997101681025006,0.2333980703538691,media,0,2,0.251834100106301,0.4314853015692273,-0.1412958012762725,1.032408670246688
3750.0,0.0615323557811035,0.0254046594660115,16.251612461538464,-0.0384676442188965,monoamb,bajo,14.0,Palermo,1,24.0,0.4753601689470086,1.0798544157560923,0.0020354411558041,0.3173293561387364,0.7185047022536231,alta,0,2,1.4467766371573685,-0.861859926708517,-0.1597141556956621,-0.6235398027661524
3038.4615384615386,0.0576126188970613,0.0218115673223061,17.357308505394258,-0.0423873811029387,3A,bajo,14.0,Palermo,2,52.0,0.3308239186926691,1.036061708940868,0.0020354411558041,0.3173293561387364,0.7185047022536231,media,0,2,1.2254853735556956,-1.0745132470687278,-0.0093494729379478,-0.2467928635101013
2460.31746031746,0.0530430282837601,0.0176227759267801,18.85261894645941,-0.0469569717162398,3A,alto,5.0,Almagro,2,63.0,1.0360994868322015,1.7705997933456126,0.0013072260551381,0.7262366972989581,0.8153691824811038,alta,0,1,-0.1705334580995766,0.4443229807040921,0.4837327079961664,-0.1448586912104752
2073.584905660377,0.0775237911429875,0.0400634752144052,12.899265957666668,-0.0224762088570124,3A,bajo,13.0,Colegiales,0,53.0,0.7657120320680333,0.8480485612230072,0.001811257462251,0.3242107629327673,0.3362126271488234,alta,0,1,-0.2804735780417798,-0.8411254682816209,-0.9762279317864838,0.3268243919864215
2875.0,0.0555643346518325,0.0199339734308465,17.997156022222224,-0.0444356653481674,2A,medio,12.0,Villa Urquiza,1,40.0,0.3681029198603096,1.5404691257923238,0.0016590377581003,0.4997101681025006,0.2333980703538691,alta,0,2,0.3947560857452937,-0.6486435130539163,-0.2688633661125273,-0.203194349901996
2396.551724137931,0.059148700604193,0.0232196422205102,16.906542151986184,-0.0408512993958069,3A,alto,5.0,Almagro,0,58.0,0.2357383443408866,1.2639144088430372,0.0013072260551381,0.7262366972989581,0.8153691824811038,alta,0,1,-0.7337426697758438,-0.331135297210742,0.6200785972866991,0.0534540598793556
2076.7930451581747,0.069347735495698,0.0325687575377232,14.420081533333333,-0.0306522645043019,2A,alto,6.0,Caballito,4,41.41,1.221861049886358,0.9272495537410284,0.0014709557236647,0.6815238874122538,0.2822013725531903,alta,0,2,0.1284695660065743,-0.4497184925790476,-0.6784614230147316,-0.6016608151471545
2462.686567164179,0.0611860534039522,0.0250872156202895,16.34359375,-0.0388139465960477,3A,bajo,15.0,Villa Crespo,1,67.0,0.3292147436421618,0.5655692288844778,0.0016924644253836,0.3560200247570848,0.3145034612612011,alta,0,2,0.2747955796778711,-1.1594256471815148,-0.659448004761291,0.355400225126961
2600.0,0.0600759686620241,0.0240696379401887,16.645590945454547,-0.0399240313379758,monoamb,bajo,15.0,Villa Crespo,0,30.0,0.3224973809586275,0.9825437696266212,0.0016924644253836,0.3560200247570848,0.3145034612612011,alta,0,2,0.1016677400486871,-0.8708767978926181,-0.65567457633735,-0.1366836379629805
2723.404255319149,0.0459273953606553,0.0111001124139341,21.77349688888889,-0.0540726046393446,2A,medio,11.0,Villa Del Parque,1,47.0,0.6909113169717401,3.2041145897746706,0.0010693665978338,0.579459732816385,2.659087709873237,alta,0,3,-0.336115876392996,2.3237366713258587,3.006438881185315,-1.0211758541315394
5411.219512195122,0.0345617875324659,0.0006816385714271,28.933688660074075,-0.065438212467534,2A,bajo,14.0,Palermo,0,41.0,0.313938425489017,1.4787661277970192,0.0020354411558041,0.3173293561387364,0.7185047022536231,alta,0,2,2.611796179445934,-0.5373833513416453,0.3431833548788405,-0.2839346467650821
2571.428571428572,0.0615323557811035,0.0254046594660115,16.251612461538464,-0.0384676442188965,2A,bajo,13.0,Belgrano,1,35.0,0.2200186267678831,1.217339867664161,0.001811257462251,0.3242107629327673,0.3362126271488234,media,0,2,0.433042083796226,-0.982690275930894,-0.4821747450633085,-0.2557219571324695
1673.6401673640169,0.0905235618702772,0.0519799317144208,11.046847686274509,-0.0094764381297227,3A,bajo,7.0,Flores,1,52.58,2.5440990879855687,1.4137801027154546,0.0007389240721516,0.4306612690454279,0.2791624172439522,media,0,0,-1.3889323813127474,1.7710082058681933,-1.815489685694889,0.1508727145491883
3547.619047619048,0.0514622696775362,0.0161737472044082,19.43171193703704,-0.0485377303224637,2A,bajo,14.0,Palermo,1,42.0,0.1516853688337678,1.0200741690406032,0.0020354411558041,0.3173293561387364,0.7185047022536231,alta,0,2,1.3935382047691516,-1.1098155589110557,0.0797489876136183,-0.2886629734407384
3187.735849056604,0.0378212399228218,0.0036694699292533,26.44016965177778,-0.0621787600771781,2A,medio,12.0,Villa Urquiza,2,53.0,1.2097718403275817,2.524866086703212,0.0016590377581003,0.4997101681025006,0.2333980703538691,alta,0,2,0.9694846849908868,0.5017526599653682,-0.1922266089632626,-0.0952469997643874
3615.315789473684,0.0551147465369487,0.0195218509922029,18.143964416666662,-0.0448852534630512,3A,medio,12.0,Villa Urquiza,3,76.0,0.7473475099490738,2.065845021911659,0.0016590377581003,0.4997101681025006,0.2333980703538691,media,0,2,1.4231991140045537,-0.1620795208905198,-0.0284084279426353,-0.0373797168073799
3910.714285714286,0.0490183993366852,0.0139335327252947,20.400502944444444,-0.0509816006633148,monoamb,bajo,13.0,Belgrano,2,28.0,2.4721155634253384,2.4147061547619386,0.001811257462251,0.3242107629327673,0.3362126271488234,alta,0,2,1.6806126250084814,1.3412443092927635,-1.0903762503853296,-0.4589949399343491
2807.0175438596493,0.0692239002537414,0.0324552418992629,14.445877743589744,-0.0307760997462585,3A,alto,6.0,Caballito,1,57.0,0.9172032927049056,0.6449105962855921,0.0014709557236647,0.6815238874122538,0.2822013725531903,media,0,2,-0.0580790564100574,-0.651809275527509,-0.5932512285434393,0.1116524037845504
1321.909424724602,0.1097011460887212,0.0695593839146611,9.115675046742412,0.0097011460887212,3A,bajo,15.0,Agronomia,1,81.7,0.86093851828696,2.78025180941327,0.0016924644253836,0.3560200247570848,0.3145034612612011,media,0,1,-1.013223250674377,0.1240514837594297,-0.3850204059572653,0.4118322140122042
2816.3636363636365,0.0385016478542932,0.0042931771997688,25.97291429666667,-0.0614983521457067,2A,alto,6.0,Caballito,3,55.0,0.5598038753333513,0.8183684847457646,0.0014709557236647,0.6815238874122538,0.2822013725531903,alta,0,2,0.6773133634814751,-0.787779841859316,-0.1629116179848691,-0.2193406224283293
3157.333333333333,0.0494713424370553,0.0143487305673007,20.21372274812121,-0.0505286575629446,monoamb,bajo,15.0,Chacarita,2,30.0,1.0111868211350976,0.2657917953739195,0.0016924644253836,0.3560200247570848,0.3145034612612011,alta,0,2,1.1025153386464053,-0.7658590416177589,-1.1291249048270855,-0.3699525869753767
1418.1818181818182,0.0895678078233814,0.0511038238380996,11.16472563414634,-0.0104321921766185,3A,alto,3.0,Balvanera,0,55.0,0.406522920669241,2.669024681941836,0.0010344625327268,0.9331491918927998,0.3306390495886265,media,0,1,-2.140758412795304,0.3103553715253841,0.5252085778588541,-0.0249464100507144
1303.030303030303,0.0891613742087546,0.0507312596913584,11.21561897037037,-0.0108386257912453,4+A,alto,3.0,Balvanera,0,99.0,0.2621293358673702,2.6202972136171594,0.0010344625327268,0.9331491918927998,0.3306390495886265,media,0,1,-2.1947425866760644,0.1517877535541277,0.7356133460139322,0.7222414960048491
2039.4736842105265,0.087946989900535,0.0496180740754904,11.370485802083332,-0.0120530100994649,4+A,bajo,13.0,Belgrano,0,76.0,0.4434615749499246,1.360427282959253,0.001811257462251,0.3242107629327673,0.3362126271488234,media,0,1,-0.3915343112729986,-0.8568677271049095,-0.5821934683040169,0.58933823523919
2870.967741935484,0.0602622471201144,0.0242403931934382,16.59413725490196,-0.0397377528798855,3A,bajo,14.0,Palermo,0,62.0,0.0293192774600234,1.3823451385912686,0.0020354411558041,0.3173293561387364,0.7185047022536231,alta,0,2,0.5857532274887551,-1.0492476933772792,0.2247333203565049,0.2285958812951323
2115.3846153846152,0.0774533149692212,0.0399988720551194,12.911003233333334,-0.0225466850307788,3A,bajo,13.0,Belgrano,0,52.0,0.5281943425069833,1.4494246322090465,0.001811257462251,0.3242107629327673,0.3362126271488234,alta,0,1,-0.2709211079124363,-0.6934260403847646,-0.6343461584621345,0.2225278843386728
2000.0,0.0534427873287626,0.0179892217180324,18.711598888888894,-0.0465572126712373,monoamb,bajo,7.0,Flores,0,55.0,1.7132846689175192,1.540762117826188,0.0007389240721516,0.4306612690454279,0.2791624172439522,media,0,0,-1.1041412622138371,1.4398167124311974,-1.1752872095811555,0.3765995820839575
2294.1176470588234,0.074275743073048,0.0370860978169606,13.46334561764706,-0.0257242569269519,4+A,medio,12.0,Saavedra,0,85.0,2.2097045735913463,3.228477206428166,0.0016590377581003,0.4997101681025006,0.2333980703538691,media,0,0,-0.4745300184507517,1.4650949209338624,-0.6397106790290087,0.8363768799918129
2500.0,0.0601402210349246,0.0241285359486809,16.627807194444447,-0.0398597789650753,monoamb,medio,12.0,Villa Urquiza,0,34.0,1.085813096941152,2.51458979954015,0.0016590377581003,0.4997101681025006,0.2333980703538691,alta,0,1,-0.2050420859876415,0.3805407917706648,-0.4057766970565222,-0.0831021018713625
2222.222222222222,0.0967978336207482,0.0577313474856859,10.330809715411371,-0.0032021663792517,4+A,alto,6.0,Caballito,0,126.0,0.7047055431804777,0.6245035415098753,0.0014709557236647,0.6815238874122538,0.2822013725531903,media,0,1,-0.9054636372666758,-0.9462031976510188,-0.4269715573180103,1.3885173566394826
1666.6666666666667,0.0567990976440955,0.0210658395070875,17.6059135,-0.0432009023559044,4+A,alto,1.0,Monserrat,0,90.0,0.1051092735786541,1.2313103474636586,0.0018408245339653,1.3599759089981835,0.497858621461092,media,0,1,-1.4641776182960693,-1.6510250577843868,1.322995715167017,0.7768543218586839
1844.6153846153843,0.0710580871277258,0.034136579867082,14.072993524333333,-0.0289419128722741,3A,medio,11.0,Villa Del Parque,0,65.0,0.4073513139327037,3.327550717779132,0.0010693665978338,0.579459732816385,2.659087709873237,alta,0,3,-1.409269617459329,2.073345150168072,3.0635641673240874,-0.5869226645340387
3051.020408163265,0.0590885381952883,0.0231644933456809,16.92375595238095,-0.0409114618047116,3A,bajo,14.0,Palermo,0,98.0,1.4104875204326464,0.924162230227233,0.0020354411558041,0.3173293561387364,0.7185047022536231,alta,0,2,0.7504206454888322,-0.3056548197159056,-0.5270824008701896,1.0483874562661386
3275.862068965517,0.0565001550249161,0.0207918087728397,17.69906648148148,-0.0434998449750839,monoamb,bajo,13.0,Belgrano,2,29.0,1.259035545312449,2.1672004265713904,0.001811257462251,0.3242107629327673,0.3362126271488234,alta,0,2,1.1816100068748154,0.2782179455814693,-0.6096813975136132,-0.5424072365027651
2726.027397260274,0.040672720674792,0.006283327285226,24.586503764912283,-0.0593272793252079,3A,alto,1.0,Retiro,0,73.0,0.4175020347975585,2.5012228595865538,0.0018408245339653,1.3599759089981835,0.497858621461092,alta,0,1,-0.6292747606898269,-0.6319728410793687,1.7002014867644764,0.3689820781969218
1769.2307692307693,0.0648250570938047,0.0284229690026543,15.426133733333332,-0.0351749429061953,3A,alto,3.0,Balvanera,0,65.0,0.3747462299945754,2.1148636468526574,0.0010344625327268,0.9331491918927998,0.3306390495886265,media,0,1,-1.665624340263733,0.1041702478195524,0.5070936660289002,0.2541249860010598
1420.0,0.0767987799131432,0.039398881587048,13.021040192708332,-0.0232012200868567,2A,medio,4.0,Barracas,0,50.0,1.1704000542826432,1.6784665723762109,0.0003390684780865,0.6643909367912209,0.3621231466264265,alta,0,0,-2.2628870291449914,1.3746514404211378,-0.620126678304209,0.0493143052290461
1785.7142857142858,0.0851992848880008,0.0470993444806674,11.737187716006714,-0.0148007151119991,2A,alto,2.0,Recoleta,0,42.0,0.3581694800064467,2.308294251436865,0.0014373274573867,1.0447534381885877,0.3343869191202226,alta,0,1,-1.641859909481078,-0.401537351246865,0.6276160131565534,-0.1988808352274115
3891.304347826087,0.0404574578191183,0.0060860030008584,24.717321698039218,-0.0595425421808816,2A,bajo,13.0,Nuñez,1,46.0,1.8027046650839629,2.7964357250618024,0.001811257462251,0.3242107629327673,0.3362126271488234,alta,0,2,1.48823364987909,1.1247627575199632,-0.5305667458116533,-0.052327924776828
3483.870967741936,0.0394438178083996,0.005156832991033,25.352515440000005,-0.0605561821916003,monoamb,alto,5.0,Almagro,1,31.0,0.1983693570771285,1.8812069699651115,0.0013072260551381,0.7262366972989581,0.8153691824811038,alta,0,2,0.4178939323216951,0.074391385399716,0.9623570984314622,-0.6874860300578034
2719.298245614036,0.0692043870153572,0.0324373547640775,14.449950980392156,-0.0307956129846427,3A,bajo,14.0,Palermo,0,57.0,0.5416559448204078,0.99450215275058,0.0020354411558041,0.3173293561387364,0.7185047022536231,alta,0,2,0.4134211481108975,-0.9245418856247672,-0.2533696072823804,0.2241294738168642
3131.5789473684213,0.0465370758008345,0.011658986150765,21.48824314358974,-0.0534629241991654,2A,alto,3.0,Balvanera,3,38.0,0.1077710321859942,2.307635747474814,0.0010344625327268,0.9331491918927998,0.3306390495886265,alta,0,2,0.1844300141750751,0.0496278337317081,0.8997192706197119,-0.8875821373698306
2466.6666666666665,0.0633233183194308,0.0270463751261449,15.791970896969696,-0.0366766816805691,monoamb,medio,4.0,Parque Patricios,3,30.0,0.947708820779932,0.6142739919988105,0.0003390684780865,0.6643909367912209,0.3621231466264265,media,0,0,-0.6285780732461302,0.654478479135214,-0.7203162337565624,-0.8453915000148509
2448.3550114766645,0.0692239002537414,0.0324552418992629,14.445877743589744,-0.0307760997462585,4+A,medio,12.0,Villa Urquiza,1,65.35,1.2220231414460854,2.6765676530133504,0.0016590377581003,0.4997101681025006,0.2333980703538691,media,0,0,-0.0583263188474763,0.4662151035686132,-0.3165975783618149,0.2367320992959351
1358.974358974359,0.1044889060433833,0.0647814972064347,9.570394005128206,0.0044889060433833,monoamb,medio,10.0,Villa Luro,0,39.0,3.014860655859036,1.966871316700169,0.0007950753514594,0.4818638493693606,0.3093771634352494,media,0,0,-2.0164260436232406,2.2961402084865066,-1.918683992707412,0.0882798258694124
1917.8082191780825,0.0851986464661433,0.0470987592606313,11.737275666666669,-0.0148013535338566,3A,bajo,13.0,Colegiales,0,73.0,0.4879578318104391,1.1614304668756947,0.001811257462251,0.3242107629327673,0.3362126271488234,alta,0,1,-0.4525973425003099,-0.9245794257943172,-0.68707003254268,0.5874489068326493
1956.5217391304348,0.0757321301921273,0.0384211193427834,13.204435125000002,-0.0242678698078726,4+A,alto,6.0,Caballito,0,92.0,1.0073523505784552,0.6756604327833569,0.0014709557236647,0.6815238874122538,0.2822013725531903,media,0,1,-0.9551969680345191,-0.6228129494341744,-0.6314331967019405,0.9706172263173906
2841.269841269841,0.0571164110387552,0.021356710118859,17.508102869444446,-0.0428835889612447,3A,alto,2.0,Recoleta,1,63.0,1.433951078964411,1.7399073991389646,0.0014373274573867,1.0447534381885877,0.3343869191202226,media,0,1,-0.386507625010095,0.1827505807206044,0.1554120003463591,0.165414420766556
2174.645987862441,0.0858591010899118,0.0477041759990858,11.646988930769233,-0.0141408989100881,3A,alto,6.0,Caballito,1,59.32,0.3626088256768547,0.5941330241467363,0.0014709557236647,0.6815238874122538,0.2822013725531903,media,0,1,-0.639294982539017,-1.1751496575386224,-0.4250520377872382,0.0823919356201228
3163.265306122449,0.0467218383846592,0.0118283518526043,21.403267392156863,-0.0532781616153407,2A,bajo,13.0,Belgrano,4,49.0,1.3495921258312926,2.267645566535436,0.001811257462251,0.3242107629327673,0.3362126271488234,alta,1,2,1.6749515781107536,0.3282395081735699,-0.4582399834318946,-0.510443755603
2592.5925925925926,0.0608561760472452,0.0247848280433081,16.432185933333333,-0.0391438239527547,3A,medio,12.0,Villa Urquiza,0,54.0,0.286466482422888,1.5375289798269085,0.0016590377581003,0.4997101681025006,0.2333980703538691,media,0,1,-0.0894064138071264,-0.7100174712083818,-0.2513272686704172,0.2175103461289364
3857.142857142857,0.0410215705207356,0.0066031063106743,24.377418692307693,-0.0589784294792643,monoamb,bajo,14.0,Palermo,2,35.0,0.137028262797168,1.3309583900297717,0.0020354411558041,0.3173293561387364,0.7185047022536231,alta,0,2,1.930613690903032,-0.939778080971985,0.271547170261726,-0.6101613567346418
3684.2105263157896,0.0456421320354339,0.010838621032481,21.90958124444445,-0.054357867964566,2A,bajo,15.0,Villa Crespo,2,38.0,0.8582285905698008,0.866985603009033,0.0016924644253836,0.3560200247570848,0.3145034612612011,alta,0,2,1.4972709541768583,-0.5199553314853428,-0.7450382808428032,-0.3505630049916693
2222.222222222222,0.0867599116626354,0.0485299190240824,11.526060606060604,-0.0132400883373646,4+A,alto,2.0,Recoleta,1,108.0,0.7803395621307272,2.678232109662801,0.0014373274573867,1.0447534381885877,0.3343869191202226,media,0,1,-1.0741475496293422,0.0349236017975203,0.8335065540583516,0.7058075631104594
2066.6666666666665,0.0641280134691401,0.0277840123467117,15.5938091,-0.0358719865308598,2A,alto,5.0,Almagro,0,45.0,0.253386649705031,1.784441593604435,0.0013072260551381,0.7262366972989581,0.8153691824811038,alta,0,1,-1.0386558066988614,-0.0772646691399006,0.7028668189631058,-0.1918817591789411
3083.333333333333,0.0493428454437123,0.0142309416567363,20.26636265111112,-0.0506571545562876,2A,bajo,15.0,Villa Crespo,0,42.0,0.2699641741798004,1.2446611186242802,0.0016924644253836,0.3560200247570848,0.3145034612612011,alta,0,2,0.5331347813161897,-0.7098627422968491,-0.4082504658946568,0.027998898854223
4438.848920863309,0.0255457854071904,-0.0075830300434087,39.14540046666667,-0.0744542145928095,4+A,medio,11.0,Villa Devoto,1,139.0,0.7003696197160357,4.198055951982753,0.0010693665978338,0.579459732816385,2.659087709873237,media,0,3,1.078362172030643,2.976256947921684,3.910793674845938,0.3460882694247487
2105.2631578947367,0.0788726469660321,0.0412999263855295,12.678666666666668,-0.0211273530339678,4+A,alto,1.0,Retiro,0,114.0,0.2144505181008404,2.6742150959442283,0.0018408245339653,1.3599759089981835,0.497858621461092,alta,0,1,-1.362203190770877,-0.8867244362617642,1.815773168941668,0.9295298041986824
2400.7202160648194,0.07361447050163,0.0364799312931608,13.584285714285716,-0.0263855294983699,3A,bajo,14.0,Palermo,1,99.97,0.7172366462205676,0.8252642323741897,0.0020354411558041,0.3173293561387364,0.7185047022536231,alta,0,2,0.4216451166390184,-0.9890942336941356,-0.2652630120886978,0.8262746961935115
2941.176470588236,0.0399368655310046,0.0056087934034209,25.039521422222226,-0.0600631344689953,2A,bajo,15.0,Villa Crespo,2,54.4,0.5145924682019163,1.0651310088048742,0.0016924644253836,0.3560200247570848,0.3145034612612011,alta,0,2,1.0074187347776902,-0.6948663568785506,-0.4704535279165259,-0.0228961577667115
3187.5,0.0569120276147055,0.0211693586468134,17.570978260869566,-0.0430879723852944,3A,bajo,13.0,Nuñez,2,80.0,1.985405877120308,2.8280459855087354,0.001811257462251,0.3242107629327673,0.3362126271488234,alta,0,2,1.110293721281714,1.1080426067642035,-0.5863199125750598,0.3741610134355799
2159.45945945946,0.0710742250507423,0.0341513729631805,14.069798148148148,-0.0289257749492576,monoamb,bajo,15.0,Villa Crespo,3,37.0,0.3504499799492148,1.2480441813148564,0.0016924644253836,0.3560200247570848,0.3145034612612011,media,0,2,0.4277577066408016,-0.9105653980777336,-0.5368278342781565,-0.5836199591741621
2409.090909090909,0.0503044959168738,0.0151124545904677,19.87893888555128,-0.0496955040831261,4+A,medio,10.0,Villa Luro,0,110.0,4.075903618181383,1.4414905316562052,0.0007950753514594,0.4818638493693606,0.3093771634352494,media,0,0,-0.7813784626394333,3.0025797682364543,-2.1157089004593104,1.5942057933662088
1639.344262295082,0.087946989900535,0.0496180740754904,11.370485802083332,-0.0120530100994649,2A,medio,4.0,Parque Patricios,1,37.82,0.5860002722200274,0.6593477559649452,0.0003390684780865,0.6643909367912209,0.3621231466264265,alta,0,1,-1.9083228010196465,0.3604472855588926,-0.711112380654457,-0.4081121150617292
2906.9767441860463,0.0626625820920908,0.0264407002510832,15.958486972821676,-0.0373374179079091,4+A,bajo,14.0,Palermo,0,86.0,1.390136645889535,0.3602575044141936,0.0020354411558041,0.3173293561387364,0.7185047022536231,media,0,2,0.6331005643944626,-0.6299696622303426,-0.7870888058134099,0.8907860905755033
1858.974358974359,0.0837297042856925,0.0457522289285515,11.943192783625731,-0.0162702957143074,4+A,bajo,15.0,Chacarita,0,78.0,0.4856887616583777,0.266156913202988,0.0016924644253836,0.3560200247570848,0.3145034612612011,media,0,1,-0.5700029851103116,-1.286214587892223,-0.9806500870828092,0.7446614872401518
1463.210702341137,0.0709988720551194,0.0340822993838594,14.0847308,-0.0290011279448805,3A,alto,3.0,Balvanera,1,71.76,0.217529275937841,2.798803229701788,0.0010344625327268,0.9331491918927998,0.3306390495886265,media,0,1,-1.7107885406636263,0.261821745835488,0.8413255963731447,0.1153962211357756
2237.5,0.0809149156382366,0.0431720060017169,12.358660849019609,-0.0190850843617633,4+A,medio,12.0,Villa Urquiza,0,80.0,0.6687499313327882,1.9739877533815489,0.0016590377581003,0.4997101681025006,0.2333980703538691,media,0,1,-0.5101318351253755,-0.3176804959978856,-0.3144076875083201,0.6277818802475326
2318.181818181818,0.0576343784918028,0.0218315136174859,17.350755333333332,-0.0423656215081971,2A,medio,11.0,Villa Del Parque,0,44.0,1.1897260128965728,2.968858157022823,0.0010693665978338,0.579459732816385,2.659087709873237,alta,0,3,-0.9646539678690906,2.5347164718031823,2.534217373586402,-0.8050505842557999
2313.953488372093,0.0685014242943865,0.0317929722698543,14.598236610416668,-0.0314985757056134,4+A,alto,6.0,Caballito,0,86.0,0.3556721678309046,0.584793312311221,0.0014709557236647,0.6815238874122538,0.2822013725531903,media,0,1,-0.6336957127009171,-1.0852170006761388,-0.2794719943154556,0.7783320832402479
1833.995084136888,0.0821244685008701,0.0442807627924642,12.17663892691622,-0.0178755314991299,3A,bajo,7.0,Flores,1,52.89,2.06871483824621,1.171177399297707,0.0007389240721516,0.4306612690454279,0.2791624172439522,media,0,0,-1.1935133800462632,1.344395632406734,-1.6007953902223575,0.1304971444062426
2855.555555555556,0.0530419588894277,0.0176217956486421,18.85299903958333,-0.0469580411105722,4+A,bajo,13.0,Nuñez,2,90.0,2.165094482565271,3.0378944955903098,0.001811257462251,0.3242107629327673,0.3362126271488234,media,0,0,0.8958934918483348,1.3350069696008398,-0.5833064960907693,0.6062840600214423
3666.6444444444446,0.0438904778187878,0.0092329380005555,22.7839852673451,-0.0561095221812121,2A,bajo,13.0,Belgrano,0,45.0,2.004779686185946,2.88702372413414,0.001811257462251,0.3242107629327673,0.3362126271488234,alta,0,0,1.0467042217974574,1.333796136550641,-0.6730203103789151,0.1452441523460969
2999.98,0.0397596334150896,0.0054463306304988,25.151137324633336,-0.0602403665849103,2A,alto,5.0,Almagro,2,50.0,0.7840859148919824,0.6673565184025907,0.0013072260551381,0.7262366972989581,0.8153691824811038,alta,0,2,0.3618347870130513,-0.2242945184790669,0.2742466745189889,-0.3117788881324252
1586.774664719161,0.1069439076980878,0.0670319153899138,9.350696281111112,0.0069439076980878,3A,alto,5.0,Almagro,1,75.31,1.120591987972636,1.1596081671295215,0.0013072260551381,0.7262366972989581,0.8153691824811038,media,0,1,-1.443917852927825,-0.0285922366909433,-0.0520897280708704,0.1781340585233674
2842.1052631578946,0.0560872156202895,0.0204132809852654,17.829375,-0.0439127843797104,4+A,bajo,13.0,Belgrano,0,190.0,1.3477435423742417,1.5326642374805008,0.001811257462251,0.3242107629327673,0.3362126271488234,alta,0,2,0.48658922465724,-0.0184818630304967,-0.3999525238241118,2.6771599652806564
1911.764705882353,0.0720911623944289,0.0350835655282265,13.871325787878789,-0.027908837605571,2A,bajo,7.0,Flores,0,34.0,0.3457400611228267,0.5514565587531041,0.0007389240721516,0.4306612690454279,0.2791624172439522,media,0,1,-1.2768167403025477,-0.1173646695727644,-0.9556097396707636,-0.1514527536351125
2090.909090909091,0.0956941319003783,0.0567196209086801,10.449961561290324,-0.0043058680996216,4+A,bajo,13.0,Nuñez,0,66.0,2.69820885564026,3.6458562834676935,0.001811257462251,0.3242107629327673,0.3362126271488234,media,0,0,-0.5253900166129273,1.930531065774408,-1.0315333349615468,0.4900237971367351
2656.25,0.0501168508624372,0.0149404466239008,19.953368633333337,-0.0498831491375627,monoamb,alto,5.0,Almagro,1,32.0,0.2452132328654725,1.4621025004481774,0.0013072260551381,0.7262366972989581,0.8153691824811038,alta,0,1,-0.2498266466860159,-0.2003335839220032,0.6805146054900781,-0.578239928115175
3083.333333333333,0.0598693191383709,0.0238802092101734,16.70304614102564,-0.040130680861629,3A,alto,6.0,Caballito,0,60.0,0.5327555815154653,0.3039528524983018,0.0014709557236647,0.6815238874122538,0.2822013725531903,media,0,1,-0.0128163055981688,-1.0132026323414725,-0.4703870259218908,0.3316776985433775
3840.579710144928,0.0380969766477438,0.0039222285937651,26.24880208333333,-0.0619030233522561,3A,bajo,15.0,Agronomia,0,69.0,1.164187947323985,4.034313477032251,0.0016924644253836,0.3560200247570848,0.3145034612612011,alta,0,2,1.0717231059691028,1.4591966961506375,0.315886723852716,0.3314668567329435
1475.0,0.1155235884286689,0.0748966227262798,8.656240804166666,0.0155235884286688,3A,alto,5.0,Boedo,0,40.0,0.5999235583849603,1.7873662776382395,0.0013072260551381,0.7262366972989581,0.8153691824811038,media,0,1,-1.876471662555404,-0.0488739980026443,0.2485669547121086,-0.3852113756211372
2204.5454545454545,0.0746586077280637,0.0374370570840584,13.394302819607844,-0.0253413922719362,2A,bajo,13.0,Nuñez,1,44.0,1.6110891692671516,2.5303819625854,0.001811257462251,0.3242107629327673,0.3362126271488234,alta,0,0,0.0076878077212963,0.6234626927662882,-0.8053351512203358,-0.0408260917492193
2605.2631578947367,0.0484389589447955,0.0134023790327292,20.64453947368421,-0.0515610410552044,4+A,bajo,14.0,Palermo,0,190.0,0.7521608221131487,1.5693637503872435,0.0020354411558041,0.3173293561387364,0.7185047022536231,alta,0,2,0.5405418798020378,-0.4780681757669227,0.3920095101701883,2.566498720475854
2090.909090909091,0.0651954859914835,0.0287625288255266,15.33848524621212,-0.0348045140085164,3A,medio,10.0,Villa Luro,1,55.0,3.753000426034205,1.8780429883481573,0.0007950753514594,0.4818638493693606,0.3093771634352494,media,0,0,-0.9256915350717376,2.914027108511581,-2.039625060487731,0.3686648137218936
3275.862068965517,0.0448413928769175,0.0101046101371744,22.300823766666667,-0.0551586071230824,3A,medio,11.0,Villa Gral. Mitre,2,58.0,2.000577813748178,1.2123813786260416,0.0010693665978338,0.579459732816385,2.659087709873237,alta,0,3,0.3892897345368116,2.2079695162313246,1.7161439110498888,-0.733813758853162
1770.8333333333333,0.090210331552387,0.0516928039230214,11.085204796296296,-0.0097896684476129,3A,bajo,15.0,Chacarita,0,48.0,0.4856887616583777,0.266156913202988,0.0016924644253836,0.3560200247570848,0.3145034612612011,media,0,1,-0.7006124443694136,-1.298594959379234,-1.1217478402094472,0.2172744117199741
2051.7241379310344,0.0859146014784638,0.0477550513552585,11.63946503611111,-0.0140853985215361,3A,medio,12.0,Villa Urquiza,0,58.0,0.6687499313327882,1.9739877533815489,0.0016590377581003,0.4997101681025006,0.2333980703538691,alta,0,1,-0.6956684404485367,-0.3349159432331205,-0.4288692050871485,0.2541723949501772
2349.5,0.0997217611329619,0.0604116143718817,10.027901519575758,-0.000278238867038,monoamb,bajo,15.0,Chacarita,1,20.0,0.4856887616583777,0.266156913202988,0.0016924644253836,0.3560200247570848,0.3145034612612011,alta,0,2,-0.1244570326746942,-1.3259077600973324,-1.1813323499609,-0.5512717099848814
2204.585537918871,0.0738388269373242,0.0366855913592138,13.543010384615386,-0.0261611730626757,2A,bajo,13.0,Nuñez,1,34.02,3.2186854006652146,4.206596515885519,0.001811257462251,0.3242107629327673,0.3362126271488234,media,0,0,-0.0678051257829115,2.6578969073377428,-1.0971975331534372,-0.1320073264134624
1947.368421052632,0.0736853158626104,0.0365448728740595,13.571224989583332,-0.0263146841373895,4+A,alto,6.0,Caballito,0,95.0,0.9160272662423302,0.445791023424084,0.0014709557236647,0.6815238874122538,0.2822013725531903,media,0,1,-0.934738568343044,-0.8029772884401557,-0.6466781503131173,1.0386893215678796
2576.687116564417,0.0608561760472452,0.0247848280433081,16.432185933333333,-0.0391438239527547,2A,medio,12.0,Saavedra,1,40.75,2.213183634547087,3.197029165872549,0.0016590377581003,0.4997101681025006,0.2333980703538691,alta,0,0,0.0594769126641157,1.4991783128974596,-0.7046964513068078,-0.070199889908512
1620.6896551724135,0.0793072506998674,0.0416983131415451,12.609187573333331,-0.0206927493001325,3A,alto,3.0,Balvanera,0,58.0,0.242185027556726,2.319195898303672,0.0010344625327268,0.9331491918927998,0.3306390495886265,media,0,1,-1.8972721650034,0.0580481647087958,0.5560671008499358,0.0544225738970054
2180.0,0.0625311166723987,0.0263201902830322,15.992038095833331,-0.0374688833276012,3A,alto,2.0,Recoleta,1,100.0,1.2353931336637027,2.225423602473732,0.0014373274573867,1.0447534381885877,0.3343869191202226,alta,0,1,-0.9055147096006164,0.2144978766743586,0.4922774650340004,0.7800503224605096
3029.5081967213114,0.0461031636721554,0.0112612333661425,21.690485432000003,-0.0538968363278445,3A,medio,11.0,Villa Devoto,1,61.0,0.4483258115696125,3.691842800800262,0.0010693665978338,0.579459732816385,2.659087709873237,alta,0,3,-0.1246250963947217,2.415011420271277,3.385355895566958,-0.8939297287884933
2368.4210526315787,0.0883541518908152,0.049991305899914,11.31808725,-0.0116458481091847,3A,bajo,13.0,Nuñez,0,57.0,1.7618581472688006,2.705204777845063,0.001811257462251,0.3242107629327673,0.3362126271488234,alta,0,0,-0.2280676296112642,0.8176896534026826,-0.8483200218300487,0.2900990978245514
3000.0,0.0532491540413395,0.0178117245378946,18.779641066666667,-0.0467508459586604,2A,medio,12.0,Villa Urquiza,1,40.0,0.7635650987793914,2.0984311389445103,0.0016590377581003,0.4997101681025006,0.2333980703538691,alta,0,2,0.479169470833477,-0.0582150095945638,-0.2610654434541768,-0.2016769023560439
1701.063829787234,0.0852519289217193,0.0471476015115761,11.729939869375,-0.0147480710782806,4+A,alto,6.0,Caballito,0,94.0,0.9255769176836782,0.1609287929137802,0.0014709557236647,0.6815238874122538,0.2822013725531903,media,0,1,-1.193886275528684,-1.0015961308414696,-0.823333686814285,1.0254872629394345
2517.2413793103447,0.0641907610361353,0.0278415309497907,15.578565884848484,-0.0358092389638646,2A,alto,3.0,Balvanera,0,29.0,0.2953148869261382,2.001109188397699,0.0010344625327268,0.9331491918927998,0.3306390495886265,alta,0,1,-1.1324749999102364,0.0549775255046001,0.443372195431944,-0.4433427303080838
2454.5454545454545,0.0435459748604732,0.0089171436221004,22.964235,-0.0564540251395267,2A,medio,11.0,Villa Santa Rita,0,55.0,2.1693035620178343,1.4222880987835942,0.0010693665978338,0.579459732816385,2.659087709873237,alta,0,3,-0.6990654170738806,2.4808575994011237,1.5651458079678768,-0.3104689870545221
1763.157894736842,0.0762972953428149,0.0389391873975803,13.106624494444445,-0.023702704657185,2A,medio,9.0,Liniers,0,38.0,4.425255767006127,3.5555597780229147,0.0005686137567445,0.5253496665574764,0.3428690900660959,media,0,0,-1.7938715530644007,4.518182029445237,-1.8893133847292083,0.1493030561391607
2914.8936170212764,0.0559699137368824,0.0203057542588089,17.86674184814815,-0.0440300862631175,2A,bajo,14.0,Palermo,0,47.0,1.0739216398222136,1.5707269379304138,0.0020354411558041,0.3173293561387364,0.7185047022536231,alta,0,2,0.6275804766475378,-0.1769189304792478,-0.299084241925473,0.112040096867508
2345.454545454545,0.0455713690400301,0.0107737549533609,21.94360233333333,-0.0544286309599698,2A,medio,11.0,Villa Devoto,2,55.0,1.4638750978954391,4.392704591712684,0.0010693665978338,0.579459732816385,2.659087709873237,alta,0,3,-0.4083066697851725,3.429408671849041,3.048817519831758,-1.019401479458166
2116.6666666666665,0.067085548398538,0.0304950860319932,14.906340096666666,-0.0329144516014619,2A,alto,5.0,Boedo,1,42.0,0.5034981650955197,1.7095350258433804,0.0013072260551381,0.7262366972989581,0.8153691824811038,alta,0,1,-0.7803343842609931,0.0136856578776015,0.5553654848165004,-0.4052630633330096
1857.142857142857,0.0720911623944289,0.0350835655282265,13.871325787878789,-0.027908837605571,2A,alto,3.0,Balvanera,0,35.0,0.3105241933109074,2.596401900039273,0.0010344625327268,0.9331491918927998,0.3306390495886265,alta,0,1,-1.692448155668287,0.3051621678921145,0.5838389925812514,-0.346644181079111
1826.923076923077,0.0645985105784874,0.0282153013636134,15.480233074182054,-0.0354014894215126,2A,alto,1.0,Constitucion,1,52.0,0.0856871268043652,1.529745485772298,0.0018408245339653,1.3599759089981835,0.497858621461092,alta,0,1,-1.1943144793234863,-1.549486694799047,1.3165916152268502,-0.1327338351228914
2468.75,0.0593155133625048,0.0233725539156294,16.858995957575758,-0.0406844866374951,monoamb,bajo,15.0,Villa Crespo,3,32.0,0.728217202165472,1.4927761274112592,0.0016924644253836,0.3560200247570848,0.3145034612612011,alta,0,2,0.7292132428338445,-0.4480706489074167,-0.5969619287958078,-0.6233806680237061
1500.0,0.0865510059338598,0.0483384221060382,11.553880734375,-0.0134489940661401,2A,medio,4.0,Barracas,0,42.0,1.4845973577544334,1.883048860387473,0.0003390684780865,0.6643909367912209,0.3621231466264265,alta,0,0,-2.295980106350517,1.6797924172522058,-0.77557473917958,-0.1134895928199185
2425.0,0.0658752421129974,0.0293856386035809,15.180209862222224,-0.0341247578870026,2A,medio,12.0,Villa Pueyrredon,0,40.0,1.385127494471152,3.70126514867862,0.0016590377581003,0.4997101681025006,0.2333980703538691,alta,0,0,-0.3485840151853109,1.1859553539309051,-0.1486844649940241,-0.0573469892376292
1657.142857142857,0.0881365308270448,0.049791819924791,11.346033144444444,-0.0118634691729551,2A,medio,11.0,Villa Del Parque,1,35.0,0.9365191216713512,2.254335924110672,0.0010693665978338,0.579459732816385,2.659087709873237,media,0,3,-1.4127377845095477,1.7912006838323458,2.237396316432615,-1.170738848843594
2500.0,0.0481557566982549,0.0131427769734003,20.76594925641026,-0.051844243301745,2A,medio,10.0,Villa Luro,0,46.0,3.741997492314451,1.5772142660565955,0.0007950753514594,0.4818638493693606,0.3093771634352494,alta,0,0,-0.734826471392454,2.883500631118548,-2.1036668598766566,0.4496939468639111
2666.6666666666665,0.0499210819137558,0.0147609917542762,20.03161713777778,-0.0500789180862441,2A,bajo,15.0,Villa Ortuzar,1,48.0,0.1453509474217275,0.8171304816169974,0.0016924644253836,0.3560200247570848,0.3145034612612011,alta,0,2,0.493020320692047,-1.0954355491819512,-0.4784346195674867,0.0119801578077925
1571.428571428571,0.0677716505980685,0.0311240130482295,14.755432266666666,-0.0322283494019314,3A,alto,3.0,Balvanera,0,70.0,0.4043543870195689,2.6694589895150065,0.0010344625327268,0.9331491918927998,0.3306390495886265,media,0,1,-1.850706957078598,0.3897666715086026,0.6795333336531998,0.3065614234953875
2303.5714285714284,0.0924636473275974,0.0537583433836309,10.81506115,-0.0075363526724026,3A,bajo,13.0,Belgrano,0,56.0,1.3477435423742417,1.5326642374805008,0.001811257462251,0.3242107629327673,0.3362126271488234,alta,0,1,-0.2600930380922692,-0.1096806931865588,-1.0715639618751955,0.3060840761444525
2044.2930153321968,0.0922985336716552,0.0536069891990173,10.834408307692309,-0.0077014663283447,3A,alto,6.0,Caballito,1,58.7,0.5743213792703801,0.1518641774070087,0.0014709557236647,0.6815238874122538,0.2822013725531903,media,0,1,-0.7696755767115419,-1.285902513702058,-0.7346538422498021,0.1248822322050763
2811.3207547169814,0.0486032546954508,0.0135529834708299,20.574753815686275,-0.0513967453045491,3A,alto,1.0,Retiro,2,53.0,0.4814853554854957,2.3136424520567545,0.0018408245339653,1.3599759089981835,0.497858621461092,media,0,1,-0.141473523469921,-0.7823462721296276,1.5649280931801717,-0.3580836846422848
2426.829268292683,0.0556574072391891,0.0200192899692566,17.967060443589745,-0.0443425927608109,2A,alto,3.0,Balvanera,2,41.0,0.3466309620051004,2.229782151218489,0.0010344625327268,0.9331491918927998,0.3306390495886265,alta,0,1,-0.6415738780025882,0.1451466437968668,0.629657697443256,-0.5713737283464281
2712.7659574468084,0.0501168508624372,0.0149404466239008,19.953368633333334,-0.0498831491375627,2A,medio,12.0,Saavedra,1,47.0,3.0481907299735647,4.062875012445921,0.0016590377581003,0.4997101681025006,0.2333980703538691,alta,0,0,0.2060501323258136,2.5929805229989804,-0.7647229807883462,0.1060385674265079
4454.545454545455,0.0321668359106867,-0.0015137337485371,31.08791933333334,-0.0678331640893132,4+A,medio,11.0,Villa Devoto,0,110.0,0.9930281975322244,4.472877924481378,0.0010693665978338,0.579459732816385,2.659087709873237,media,0,3,0.7635364384259901,3.364603484828452,3.692123200718492,0.0226737186423248
3514.285714285714,0.0436383311168051,0.009001803523738,22.91563344444444,-0.0563616688831948,monoamb,bajo,13.0,Belgrano,0,35.0,0.6359815007327544,1.5412323513223154,0.001811257462251,0.3242107629327673,0.3362126271488234,alta,0,2,0.9951553441476106,-0.351249098299494,-0.4709266074269775,-0.0760920478121295
2475.0,0.0537870242841814,0.0183047722604996,18.591844656,-0.0462129757158186,monoamb,medio,12.0,Villa Urquiza,2,40.0,0.5928918564284221,1.4448887491506062,0.0016590377581003,0.4997101681025006,0.2333980703538691,media,0,2,0.3665925287021576,-0.5978542000149812,-0.4178686264615606,-0.2938103625769094
2000.0,0.0551285359486809,0.0195344912862908,18.13942603030303,-0.044871464051319,4+A,bajo,7.0,Flores,0,85.0,2.159485781679592,1.4264167944393908,0.0007389240721516,0.4306612690454279,0.2791624172439522,media,0,0,-1.10087362976334,1.676397399147226,-1.3528803822149127,0.948373322247659
2782.071097372488,0.0615323557811035,0.0254046594660115,16.251612461538464,-0.0384676442188965,4+A,medio,12.0,Saavedra,2,64.7,3.06896802144357,4.127924704116848,0.0016590377581003,0.4997101681025006,0.2333980703538691,media,0,0,0.4195505507579455,2.551699357356471,-0.6970101372333247,0.1623541274748436
2497.619047619048,0.0576654327845202,0.0218599800524768,17.34141151314554,-0.0423345672154797,2A,bajo,7.0,Flores,2,42.0,1.5446071232589396,1.4666509467296498,0.0007389240721516,0.4306612690454279,0.2791624172439522,alta,0,0,-0.2870056981771804,1.2167059166379943,-1.0718021857441975,-0.3046885538179415
3121.875,0.0511703582379239,0.0159061617180969,19.542563985,-0.0488296417620761,2A,alto,2.0,Recoleta,0,32.0,0.7874700309746892,2.5424518670271463,0.0014373274573867,1.0447534381885877,0.3343869191202226,alta,0,1,-0.4239273663235806,0.2381519474277073,0.6911676919922746,-0.3391005080946457
3225.0,0.0429295505449559,0.0083520879995429,23.293977861538465,-0.057070449455044,2A,alto,3.0,Balvanera,1,40.0,0.4077212021718529,2.26679406590019,0.0010344625327268,0.9331491918927998,0.3306390495886265,alta,0,1,-0.2116300063951573,0.3457869228799122,0.6918144546986293,-0.4377960610647633
2539.68253968254,0.0825361887640763,0.0446581730337366,12.115897462365592,-0.0174638112359236,4+A,bajo,13.0,Belgrano,0,63.0,0.341931916967516,0.7209261925966065,0.001811257462251,0.3242107629327673,0.3362126271488234,media,0,2,0.0316805575731386,-1.206709925471451,-0.7406829131452636,0.3737937393093558
2451.923076923077,0.0816563874471862,0.043851688493254,12.246439393939394,-0.0183436125528137,4+A,alto,2.0,Recoleta,1,104.0,0.7175801937486661,2.778305078428497,0.0014373274573867,1.0447534381885877,0.3343869191202226,media,0,1,-0.8729664474095236,0.0770035605479864,0.927541216768264,0.6162935094095214
2777.777777777778,0.0511191878796859,0.0158592555563788,19.562126111111112,-0.048880812120314,2A,medio,12.0,Villa Urquiza,0,45.0,0.2883859207118845,1.503702734571846,0.0016590377581003,0.4997101681025006,0.2333980703538691,alta,0,2,0.1177452599646515,-0.6745560859323614,-0.2430504763840093,0.0885308256130499
2560.0,0.0687801573033969,0.0320484775281138,14.53907695483871,-0.031219842696603,4+A,bajo,13.0,Belgrano,2,75.0,0.3864064625333138,1.308080755873977,0.001811257462251,0.3242107629327673,0.3362126271488234,media,0,2,0.6303347479934343,-0.9083226845553702,-0.3927918557671918,0.2243681713256449
2466.6666666666665,0.0575666530176644,0.021769431932859,17.371167986666666,-0.0424333469823356,monoamb,alto,3.0,Balvanera,0,30.0,0.2224702267714438,3.254274038151656,0.0010344625327268,0.9331491918927998,0.3306390495886265,alta,0,1,-1.1634119736971231,0.6784724345511326,0.9558220689690976,-0.5071131022485319
2446.0526315789475,0.0814607219875103,0.0436723284885511,12.27585486111111,-0.0185392780124896,4+A,alto,2.0,Recoleta,1,76.0,1.2721042190763825,2.0981310501117165,0.0014373274573867,1.0447534381885877,0.3343869191202226,media,0,1,-0.8693619938235198,0.1340951166624907,0.2877167743156503,0.2743483554358505
2880.0,0.0591657267125995,0.0232352494865495,16.901676960000003,-0.0408342732874004,monoamb,alto,1.0,San Telmo,2,25.0,1.1720289492451663,0.7685116264470759,0.0018408245339653,1.3599759089981835,0.497858621461092,alta,0,1,-0.1366624543467753,-1.1149558498913186,0.5069082753787408,-0.664402176641999
2780.0,0.0520998917239005,0.0167582340802422,19.19389785490196,-0.0479001082760994,2A,bajo,13.0,Nuñez,0,50.0,1.8327317216072552,2.774025176006165,0.001811257462251,0.3242107629327673,0.3362126271488234,alta,0,0,0.347879252544868,1.065747761767997,-0.7092963759294156,0.2848114392218174
1232.394366197183,0.0851986464661433,0.0470987592606313,11.737275666666664,-0.0148013535338566,3A,alto,3.0,Balvanera,1,71.0,0.2412192228407571,2.403046441138439,0.0010344625327268,0.9331491918927998,0.3306390495886265,media,0,1,-1.9751670349631412,0.0065066484582986,0.6092078072056387,0.1042270595294442
5347.826086956522,0.0219346108788173,-0.010893273361084,45.59004969473684,-0.0780653891211826,3A,alto,1.0,Puerto Madero,3,69.0,1.2362389921313428,0.6345147348157192,0.0018408245339653,1.3599759089981835,0.497858621461092,alta,0,2,2.218364792736103,-0.9219310678584748,0.9658682093751004,-0.2081188751302767
2042.5531914893616,0.0798737310620093,0.0422175868068419,12.519760711111113,-0.0201262689379906,3A,bajo,15.0,Paternal,0,47.0,1.4646697362211387,2.1027786108362982,0.0016924644253836,0.3560200247570848,0.3145034612612011,media,0,0,-0.5006000164334992,0.4161830129248676,-0.9281788733406364,0.1901277090979437
1775.5102040816328,0.0675713403007343,0.0309403952756731,14.799173666666666,-0.0324286596992656,2A,medio,11.0,Villa Del Parque,0,49.0,1.38612433400626,1.8349528876591168,0.0010693665978338,0.579459732816385,2.659087709873237,alta,0,3,-1.392128028069386,2.0109448455888748,1.957925477189589,-0.577654318133013
2440.904419321685,0.071746228603068,0.034767376219479,13.938014854166669,-0.0282537713969319,3A,alto,2.0,Recoleta,1,77.84,0.9677521366300617,2.1940142982881845,0.0014373274573867,1.0447534381885877,0.3343869191202226,alta,0,1,-0.7970026000453718,0.0007795350705671,0.5291306797552535,0.2995515562599354
1710.5263157894738,0.0983061305378576,0.0591139529930362,10.17230557777778,-0.0016938694621423,2A,bajo,15.0,Paternal,0,38.0,1.2891772223040463,1.4626401132080074,0.0016924644253836,0.3560200247570848,0.3145034612612011,alta,0,1,-0.8650292380419092,-0.1263178253448224,-1.1961326929803149,0.0262801802452861
3655.555555555556,0.0476159438389747,0.0126479485190602,21.001368856233324,-0.0523840561610252,4+A,bajo,14.0,Palermo,1,90.0,0.7501784699493982,1.4237299509742711,0.0020354411558041,0.3173293561387364,0.7185047022536231,media,0,2,1.5071316925382665,-0.4768469246327464,0.1017132733575234,0.5770070884135725
1750.0,0.0912842640708678,0.0526772420649621,10.954790622222225,-0.0087157359291321,2A,bajo,15.0,Chacarita,0,40.0,0.5765138458172627,0.1628122518138529,0.0016924644253836,0.3560200247570848,0.3145034612612011,alta,0,1,-0.7252157443102879,-1.2883800741363387,-1.2419914247976085,0.1001195693478187
2405.4982817869413,0.0579472508321869,0.022118313262838,17.257074074074072,-0.0420527491678131,monoamb,bajo,15.0,Parque Chas,1,40.74,1.2576877817948628,1.9082389232045736,0.0016924644253836,0.3560200247570848,0.3145034612612011,media,0,2,0.1864190519607095,0.2294022689184126,-0.7618150734912954,-0.0581642791604836
2636.3636363636365,0.0636541611528657,0.0273496477234602,15.709892046153849,-0.0363458388471343,2A,bajo,15.0,Chacarita,2,33.0,0.699726784662145,0.7346357026063605,0.0016924644253836,0.3560200247570848,0.3145034612612011,alta,0,2,0.600001166592258,-0.828454776549221,-0.8836369280461457,-0.4012054415268
2112.898139388205,0.0495932419728297,0.0144604718084272,20.16403768376068,-0.0504067580271703,3A,medio,4.0,Barracas,1,63.42,0.8756146391383356,0.3173278010803747,0.0003390684780865,0.6643909367912209,0.3621231466264265,media,0,0,-1.240012829980885,0.5435776134225121,-0.7047452092085784,0.2062021171600422
2325.242718446602,0.0667004017219284,0.0301420349117677,14.992413451555556,-0.0332995982780715,2A,medio,12.0,Villa Pueyrredon,1,41.2,2.193914559530415,3.650057177411204,0.0016590377581003,0.4997101681025006,0.2333980703538691,alta,0,0,-0.1853900302425648,1.6854281668222868,-0.5747719197848792,-0.0993769195882574
2576.112412177986,0.0774533149692211,0.0399988720551194,12.911003233333336,-0.0225466850307788,monoamb,alto,1.0,San Nicolas,1,21.35,0.0964608308152367,2.694341735498096,0.0018408245339653,1.3599759089981835,0.497858621461092,alta,0,1,-0.8124069010318644,-0.918429663060664,1.627631052342451,-0.8941231067870954
2884.2891075670173,0.0651519061211684,0.028722580611071,15.348745102564104,-0.0348480938788315,monoamb,bajo,14.0,Palermo,1,29.47,0.7304488787001667,0.8341492952636004,0.0020354411558041,0.3173293561387364,0.7185047022536231,alta,0,2,0.8008744592262428,-0.8759185361766615,-0.4498705107301207,-0.3897673350238376
1437.9084967320262,0.0860428875993078,0.0478726469660321,11.622111111111112,-0.0139571124006921,4+A,alto,1.0,Retiro,0,153.0,0.4635285702770047,2.598900962734797,0.0018408245339653,1.3599759089981835,0.497858621461092,alta,0,1,-1.8808367993042268,-0.8357849342663272,1.7129601976007198,1.678739427922529
2078.9473684210525,0.0808853970455704,0.0431449472917729,12.363171060860402,-0.0191146029544295,2A,alto,2.0,Recoleta,1,38.0,1.4291726607454869,2.7217671016991725,0.0014373274573867,1.0447534381885877,0.3343869191202226,alta,0,1,-1.1759427704128136,0.5735807970610919,0.2616972356568096,-0.3568843264805365
2346.153846153846,0.0965435678709902,0.0574982705484077,10.358017857142856,-0.0034564321290097,3A,bajo,14.0,Palermo,1,78.0,0.0361441930610728,0.8812870090204878,0.0020354411558041,0.3173293561387364,0.7185047022536231,alta,0,2,0.1940717867368022,-1.52211037916411,-0.0560914832265598,0.2632072767493154
1923.076923076923,0.0783827547488518,0.0408508585197808,12.757908333333337,-0.0216172452511481,monoamb,bajo,7.0,Parque Chacabuco,7,39.0,0.951861178889026,0.735612254814744,0.0007389240721516,0.4306612690454279,0.2791624172439522,media,0,2,0.3954185898341668,0.0889055209888202,-1.000986816303999,-1.3147350238110371
3312.5,0.0401880407859166,0.0058390373870902,24.88302441333333,-0.0598119592140833,monoamb,alto,1.0,Monserrat,0,32.0,0.1794009948463066,1.574237478137225,0.0018408245339653,1.3599759089981835,0.497858621461092,alta,0,1,-0.184984574576643,-1.2270967821853644,1.398547917190374,-0.3477759594246237
4054.054054054054,0.0408953503037487,0.006487404445103,24.45265763888889,-0.0591046496962512,monoamb,alto,1.0,Monserrat,0,37.0,0.1794009948463066,1.574237478137225,0.0018408245339653,1.3599759089981835,0.497858621461092,alta,0,1,0.3496783361550385,-1.1880806160923847,1.4750605850427023,-0.3529979409870615
2342.8571428571427,0.0623404730240073,0.02614543360534,16.04094341111111,-0.0376595269759927,2A,alto,6.0,Caballito,0,35.0,0.8782926084466883,0.1879095430442317,0.0014709557236647,0.6815238874122538,0.2822013725531903,alta,0,1,-0.5806842881704022,-0.8661898815398651,-0.8574506778091644,0.0395397753846225
2222.222222222222,0.0721121343689437,0.0351027898381983,13.867291666666668,-0.0278878656310563,4+A,bajo,13.0,Belgrano,0,189.0,1.3189378908239595,2.239203928644371,0.001811257462251,0.3242107629327673,0.3362126271488234,alta,0,1,-0.1155244626791818,0.2348703249586574,-0.2502943702032748,2.599505701322723
2660.714285714286,0.0931650058122259,0.0544012553278737,10.73364393939394,-0.006834994187774,2A,alto,1.0,Monserrat,2,56.0,0.4478432775140702,1.239222845710657,0.0018408245339653,1.3599759089981835,0.497858621461092,alta,0,1,-0.5578225012340058,-1.54190791296035,1.020863728056111,-0.3977026924838149
1720.9302325581396,0.0863506265756765,0.0481547410277035,11.580691879793289,-0.0136493734243234,2A,alto,2.0,Recoleta,1,43.0,0.6563574740582167,2.1690891256324534,0.0014373274573867,1.0447534381885877,0.3343869191202226,alta,0,1,-1.448426985372852,-0.312270377185158,0.4435500159013229,-0.3110856606740825
2916.6666666666665,0.0730274112566942,0.0359417936519697,13.693488277777778,-0.0269725887433057,2A,bajo,14.0,Palermo,1,36.0,0.4772758813674408,1.13138503878286,0.0020354411558041,0.3173293561387364,0.7185047022536231,alta,0,2,0.7568581537577425,-0.9322269508131792,-0.2134172500827631,-0.3761819407344977
2000.0,0.0565093063295848,0.0208001974687861,17.696200235897436,-0.0434906936704151,2A,alto,3.0,Balvanera,0,49.0,0.8295336975413278,1.521768939356352,0.0010344625327268,0.9331491918927998,0.3306390495886265,alta,0,1,-1.4228813895084522,0.1726945824587799,0.046600866352674,0.1028469336421325
2981.308411214953,0.0909878811394979,0.0524055577112064,10.990474637681158,-0.009012118860502,4+A,bajo,7.0,Parque Chacabuco,1,107.0,1.1416100925110215,0.8271843341176401,0.0007389240721516,0.4306612690454279,0.2791624172439522,media,0,0,-0.3820606417957661,0.5076300657904965,-0.9739595505691876,0.7803835257537991
3800.0,0.041851966685123,0.0073643027946961,23.89373975,-0.0581480333148769,3A,bajo,13.0,Nuñez,3,75.0,3.375909131947477,4.366445793351897,0.001811257462251,0.3242107629327673,0.3362126271488234,alta,0,0,1.846270099506784,2.9586331950390714,-0.6554193332567352,0.1565930715282527
2040.0,0.0863123542630863,0.0481196580744958,11.585826948387098,-0.0136876457369136,4+A,bajo,13.0,Belgrano,1,75.0,0.67327310430705,1.6594825198772982,0.001811257462251,0.3242107629327673,0.3362126271488234,media,0,1,-0.1459585375952744,-0.5722452711361332,-0.563895259499611,0.4014634672141401
2000.0,0.0922985336716552,0.0536069891990173,10.834408307692309,-0.0077014663283447,2A,bajo,15.0,Villa Crespo,0,30.0,0.7692833927360152,1.5662625911312422,0.0016924644253836,0.3560200247570848,0.3145034612612011,alta,0,1,-0.6118910687594065,-0.400256526872379,-0.8626807681649687,-0.196020718571185
2076.923076923077,0.0552213449317595,0.0196195661874462,18.1089396,-0.0447786550682404,3A,alto,3.0,Balvanera,1,65.0,0.4256603506072922,1.5789112775216454,0.0010344625327268,0.9331491918927998,0.3306390495886265,media,0,1,-1.1012660078943397,-0.1285079242602671,0.3829755854806653,0.1283727810761341
1726.190476190476,0.1000866692534477,0.060746113482327,9.991340579710146,8.666925344773257e-05,4+A,bajo,7.0,Parque Chacabuco,0,168.0,1.1416100925110215,0.8271843341176401,0.0007389240721516,0.4306612690454279,0.2791624172439522,media,0,0,-1.5771689963905031,0.4079333492065685,-0.9249538427196335,2.107542806074844
2253.968253968254,0.0710964705045923,0.0341717646292097,14.065395833333332,-0.0289035294954076,3A,bajo,15.0,Parque Chas,0,63.0,0.5658937172513893,1.1344781340625358,0.0016924644253836,0.3560200247570848,0.3145034612612011,alta,0,1,-0.2259612343219466,-0.6967921441566023,-0.6845452308546097,0.4361695166590771
1580.2469135802469,0.0898579474447605,0.0513697851576971,11.12867618765432,-0.0101420525552394,4+A,alto,3.0,San Cristobal,1,81.0,0.6163685822919841,1.4221110739660503,0.0010344625327268,0.9331491918927998,0.3306390495886265,media,0,1,-1.7202871581410664,-0.2395954715464322,0.1046724748333096,0.3461563796719901
1723.404255319149,0.0683692842012261,0.0316718438511239,14.626451215384614,-0.0316307157987738,2A,alto,3.0,San Cristobal,1,47.0,0.1832573273447491,1.4798757495404742,0.0010344625327268,0.9331491918927998,0.3306390495886265,alta,0,1,-1.46447463023922,-0.4130125303024383,0.3308387048497481,-0.2174132785758025
1527.7777777777778,0.1006893094599875,0.0612985336716552,9.931540948717949,0.0006893094599875,2A,alto,3.0,San Cristobal,1,36.0,0.0855276721347102,1.1175098138752726,0.0010344625327268,0.9331491918927998,0.3306390495886265,alta,0,1,-1.8511987899565017,-0.7963537495958221,0.0697504718154839,-0.504816523654918
2441.176470588235,0.0615893829875734,0.0254569344052756,16.236564672222222,-0.0384106170124265,2A,bajo,14.0,Palermo,1,51.0,0.3283299695359051,1.2448806422355818,0.0020354411558041,0.3173293561387364,0.7185047022536231,alta,0,2,0.5067870795116833,-0.9743140767520037,-0.0332767749130093,-0.0453500681917412
3472.222222222222,0.0425993232330716,0.0080493796303156,23.47455133333333,-0.0574006767669283,monoamb,medio,12.0,Saavedra,1,36.0,2.7845071773997696,3.8495146776513054,0.0016590377581003,0.4997101681025006,0.2333980703538691,media,0,0,0.8200164089900494,2.371980047833072,-0.6473534834519962,-0.1545670049385318
3100.0,0.0494701818190509,0.0143476666674633,20.21419698148148,-0.050529818180949,monoamb,bajo,13.0,Nuñez,0,35.0,1.7618581472688006,2.705204777845063,0.001811257462251,0.3242107629327673,0.3362126271488234,alta,0,0,0.5957457298216019,1.0162018360472644,-0.7132856251650359,0.0002696319487812
1369.2307692307693,0.1244474611303217,0.0830768393694615,8.035519494871794,0.0244474611303217,4+A,medio,12.0,Saavedra,1,65.0,2.494917613700792,3.5131471163163543,0.0016590377581003,0.4997101681025006,0.2333980703538691,media,0,0,-1.3162733663472652,1.547103247580481,-1.0061541314857907,0.2171107964144108
2363.6363636363635,0.0600759686620241,0.0240696379401887,16.645590945454547,-0.0399240313379758,monoamb,bajo,15.0,Parque Chas,1,33.0,0.6859433300522788,1.2623700355022067,0.0016924644253836,0.3560200247570848,0.3145034612612011,alta,0,2,0.1644269051640966,-0.5231050431918111,-0.7272184343416572,-0.2163575773393533
2833.333333333333,0.0536966259240399,0.0182219070970365,18.62314405777778,-0.04630337407596,2A,medio,12.0,Saavedra,0,42.0,2.887134811045911,3.951208076554504,0.0016590377581003,0.4997101681025006,0.2333980703538691,alta,0,0,0.0221684806294654,2.45891530197283,-0.7720738315827939,0.1627495698148284
2957.7464788732395,0.0391508065903944,0.0048882393745282,25.54225792746114,-0.0608491934096055,3A,alto,5.0,Almagro,1,71.0,0.3631928187834889,1.0623902797241132,0.0013072260551381,0.7262366972989581,0.8153691824811038,alta,0,1,0.0895404916396949,-0.2882375158496295,0.6835915059266422,0.1461225644406941
3075.2558139534885,0.045100466231813,0.0103420940458286,22.17271978653333,-0.0548995337681869,2A,alto,5.0,Almagro,1,43.0,0.3708492726375034,1.2334744241122986,0.0013072260551381,0.7262366972989581,0.8153691824811038,alta,0,1,0.106703319755734,-0.1925880423795208,0.6258646731033095,-0.382536851479117
2363.6363636363635,0.0600759686620241,0.0240696379401887,16.645590945454547,-0.0399240313379758,monoamb,bajo,15.0,Parque Chas,1,33.0,0.6859433300522788,1.2623700355022067,0.0016924644253836,0.3560200247570848,0.3145034612612011,alta,0,2,0.1644269051640966,-0.5231050431918111,-0.7272184343416572,-0.2163575773393533
1843.75,0.0837546016107849,0.0457750514765528,11.939642488505749,-0.016245398389215,2A,alto,1.0,Retiro,0,32.0,0.5204701654207161,2.219018913588928,0.0018408245339653,1.3599759089981835,0.497858621461092,alta,0,1,-1.618766062462936,-0.8937577408299906,1.1531130505930225,-0.374004234784454
3220.5882352941176,0.0369583169601991,0.0028784572135158,27.057509168421056,-0.0630416830398008,3A,alto,1.0,Puerto Madero,2,68.0,1.326013832641449,0.2647631545092318,0.0018408245339653,1.3599759089981835,0.497858621461092,alta,0,2,0.3250008951032168,-1.190152921245153,0.5157209219315437,0.1859704893926158
2972.972972972973,0.0464719889815327,0.0115993232330716,21.518338722222225,-0.0535280110184672,2A,medio,9.0,Liniers,0,37.0,4.793719231255372,2.3634955697793294,0.0005686137567445,0.5253496665574764,0.3428690900660959,media,0,0,-0.6413259590948547,4.3410488271695415,-2.297684536091344,0.2706295496438421
1740.7407407407406,0.0906368579427056,0.0520837864474801,11.033039126666669,-0.0093631420572943,monoamb,alto,1.0,Monserrat,0,27.0,0.2509356082649547,1.7710602032837393,0.0018408245339653,1.3599759089981835,0.497858621461092,alta,0,1,-1.7309188924372063,-1.3492720351188694,1.0831183447471189,-0.4752870532380728
2796.610169491525,0.0490537661471734,0.0139659523015756,20.38579457894737,-0.0509462338528265,2A,alto,6.0,Caballito,2,59.0,0.9912110545886296,1.0458236661113982,0.0014709557236647,0.6815238874122538,0.2822013725531903,media,0,2,0.3240358542708803,-0.359783947795372,-0.372093862276909,0.0273208744683874
1463.4146341463415,0.0709988720551194,0.0340822993838594,14.0847308,-0.0290011279448805,4+A,alto,1.0,San Nicolas,0,82.0,0.1920169514823235,2.733885739707355,0.0018408245339653,1.3599759089981835,0.497858621461092,media,0,1,-1.784701942472128,-0.8633861828630798,1.7118206057563752,0.4877472537499663
3275.0,0.0455259942948857,0.0107321614369785,21.96547303333333,-0.0544740057051142,2A,alto,5.0,Almagro,1,40.0,0.3631928187834889,1.0623902797241132,0.0013072260551381,0.7262366972989581,0.8153691824811038,alta,0,2,0.2531091678388081,-0.2754129701405655,0.5728088121886309,-0.4453728589636704
2806.451612903226,0.053861213283194,0.0183727788429278,18.566236054545456,-0.0461387867168059,monoamb,medio,11.0,Villa Del Parque,0,31.0,0.4096782653433908,3.7196367177373753,0.0010693665978338,0.579459732816385,2.659087709873237,alta,0,3,-0.6098976560640353,2.419378555713562,3.227429533325722,-1.2349701436322913
2400.0,0.0650822993838594,0.0286587744352045,15.365160872727277,-0.0349177006161405,monoamb,bajo,15.0,Parque Chas,1,30.0,0.8542060845757534,1.5061405184126797,0.0016924644253836,0.3560200247570848,0.3145034612612011,alta,0,2,0.1393095416145168,-0.2898617799079737,-0.75754431198625,-0.291360817980033
3347.222222222222,0.053028203194695,0.0176091862618037,18.857889571111112,-0.0469717968053049,2A,medio,12.0,Villa Urquiza,0,36.0,1.6233534603937372,2.821820076637317,0.0016590377581003,0.4997101681025006,0.2333980703538691,alta,0,0,0.4499277388686418,1.0012620664208816,-0.4775666325025896,-0.0711919615091222
2937.5,0.0543821147656233,0.0188502718684881,18.38839854444445,-0.0456178852343766,2A,medio,12.0,Villa Urquiza,1,40.0,1.0267729005476502,2.1734165037153064,0.0016590377581003,0.4997101681025006,0.2333980703538691,alta,0,2,0.4199592292030025,0.1613493823271267,-0.3844327426280066,-0.1702106199272587
4054.702702702704,0.0479512138925457,0.0129552794015002,20.85452940234024,-0.0520487861074543,monoamb,alto,2.0,Recoleta,3,37.0,0.3935154804658791,3.072157411676689,0.0014373274573867,1.0447534381885877,0.3343869191202226,media,0,2,1.0017497430779414,0.1701680080695372,1.2922531007865916,-0.9982343184203444
2750.0,0.0501168508624372,0.0149404466239008,19.953368633333334,-0.0498831491375627,monoamb,bajo,15.0,Villa Crespo,2,34.0,0.2252159200771446,1.2957796893156557,0.0016924644253836,0.3560200247570848,0.3145034612612011,alta,0,2,0.7718382487964816,-0.8187515033855522,-0.3631638439691522,-0.4496961235511589
2671.153846153846,0.0429366828843054,0.00835862597728,23.290108430000004,-0.0570633171156945,2A,alto,5.0,Almagro,1,52.0,0.0357712361899634,1.8308593698237272,0.0013072260551381,0.7262366972989581,0.8153691824811038,alta,0,1,-0.184317225939652,-0.1413233053647013,1.025893723725759,-0.268325094309293
4863.3879781420765,0.0340304454325352,0.0001945749798239,29.38545138888889,-0.0659695545674647,4+A,bajo,13.0,Nuñez,6,183.0,2.522950791685025,3.482017110737644,0.001811257462251,0.3242107629327673,0.3362126271488234,alta,0,2,3.514435332012189,1.7908272515361576,0.0856341338333901,1.3089967585677011
5168.3421052631575,0.0390427459785684,0.0047891838136877,25.612952545625927,-0.0609572540214316,2A,bajo,14.0,Palermo,0,38.0,0.313938425489017,1.4787661277970192,0.0020354411558041,0.3173293561387364,0.7185047022536231,alta,0,2,2.3989821900764148,-0.5666787977557438,0.2945599507120825,-0.3259210103263038
4978.195121951219,0.0375681174583446,0.0034374410034826,26.61831541356296,-0.0624318825416553,2A,bajo,14.0,Palermo,0,41.0,0.313938425489017,1.4787661277970192,0.0020354411558041,0.3173293561387364,0.7185047022536231,alta,0,2,2.274297563591196,-0.574319380004769,0.2954982580884849,-0.2462214003131653
3114.285714285714,0.046898337504299,0.0119901427122741,21.32271746111111,-0.0531016624957009,monoamb,medio,12.0,Villa Urquiza,3,35.0,0.8881383475967316,2.224642429746046,0.0016590377581003,0.4997101681025006,0.2333980703538691,alta,0,2,1.095614110434768,0.0444937623938799,-0.2035271406135362,-0.6334481940125855
3200.0,0.0565772261689233,0.020862457321513,17.674956298039216,-0.0434227738310767,2A,bajo,13.0,Belgrano,0,40.0,2.4721155634253384,2.4147061547619386,0.001811257462251,0.3242107629327673,0.3362126271488234,alta,0,0,0.6202234917086437,1.349590368222126,-1.1981431381601946,0.1624913368820132
3267.6470588235293,0.043711276764808,0.0090686703677406,22.877391694152045,-0.056288723235192,4+A,bajo,15.0,Villa Crespo,1,85.0,0.2496936165372804,0.655218272041419,0.0016924644253836,0.3560200247570848,0.3145034612612011,media,0,2,1.002233551443798,-1.0672178031500437,-0.3843655020187047,0.6245640318852207
2655.7377049180327,0.0578509327856528,0.0220300217201818,17.285805981818182,-0.0421490672143471,monoamb,bajo,15.0,Villa Crespo,1,30.5,0.7885856565364902,1.1796172799254845,0.0016924644253836,0.3560200247570848,0.3145034612612011,alta,0,2,0.3945945931816355,-0.4659071241720596,-0.7876619873949136,-0.2626005100890844
3500.0,0.0385422448299219,0.0043303910940951,25.945556736842107,-0.061457755170078,3A,alto,1.0,Retiro,0,60.0,0.0881095530835076,2.5645202369943987,0.0018408245339653,1.3599759089981835,0.497858621461092,alta,0,1,-0.0580299479931616,-0.7731591332077966,1.9242046438566356,0.0170116695069736
2448.9795918367345,0.0473235881796193,0.0123799558313177,21.13111111111111,-0.0526764118203807,monoamb,bajo,15.0,Chacarita,3,49.0,0.4856887616583777,0.266156913202988,0.0016924644253836,0.3560200247570848,0.3145034612612011,media,0,2,0.866351737164178,-1.2292440142013392,-0.7987903580297971,-0.2091177035423034
1303.030303030303,0.0891613742087546,0.0507312596913584,11.21561897037037,-0.0108386257912453,4+A,alto,3.0,Balvanera,0,99.0,0.2621293358673702,2.6202972136171594,0.0010344625327268,0.9331491918927998,0.3306390495886265,media,0,1,-2.1947425866760644,0.1517877535541277,0.7356133460139322,0.7222414960048491
1971.428571428572,0.0864334094584062,0.0482306253368724,11.5696003,-0.0135665905415937,2A,bajo,14.0,Palermo,0,35.0,0.2113468934957841,1.883328635389456,0.0020354411558041,0.3173293561387364,0.7185047022536231,alta,0,1,-0.3064232011054649,-0.7920095927848244,0.0313501484654919,-0.256318543339624
2500.0,0.0580899862269159,0.0222491540413395,17.21467097777778,-0.0419100137730841,2A,bajo,15.0,Parque Chas,1,44.0,0.8542060845757534,1.5061405184126797,0.0016924644253836,0.3560200247570848,0.3145034612612011,alta,0,2,0.2740706069689119,-0.2660173614559566,-0.6711290660832392,-0.0348446502918341
2000.0,0.0604910389909617,0.0244501190750482,16.53137417840376,-0.0395089610090382,2A,bajo,7.0,Parque Chacabuco,0,50.0,1.1489338756221334,0.9252549734744312,0.0007389240721516,0.4306612690454279,0.2791624172439522,alta,0,0,-1.134148888968955,0.691418976350875,-1.1399175580418122,0.2369907021235768
2429.2803970223326,0.0565670277865098,0.0208531088043007,17.67814288871795,-0.0434329722134901,2A,medio,10.0,Floresta,3,40.3,2.9747992847173568,1.2550154711459114,0.0007950753514594,0.4818638493693606,0.3093771634352494,alta,0,0,-0.0982620735259855,2.0065798080422086,-1.7753574436509434,-0.3023766167198606
1870.5882352941176,0.0654791786133097,0.0290225803955339,15.272030303030304,-0.0345208213866902,4+A,alto,2.0,Recoleta,0,170.0,0.7998081538158635,2.76193858332753,0.0014373274573867,1.0447534381885877,0.3343869191202226,media,0,1,-1.378720502849686,0.1577647028096251,1.1005460563306575,2.0719914591538755
3237.5,0.0584692981369813,0.0225968566255662,17.102993055555554,-0.0415307018630186,4+A,bajo,13.0,Belgrano,0,160.0,1.3477435423742417,1.5326642374805008,0.001811257462251,0.3242107629327673,0.3362126271488234,alta,0,2,0.7386654123809856,0.0131001702804223,-0.4848679808324776,2.110895738423703
3369.5652173913045,0.0412251515158757,0.0067897222228861,24.25703637777778,-0.0587748484841242,2A,bajo,15.0,Parque Chas,3,46.0,0.8542060845757534,1.5061405184126797,0.0016924644253836,0.3560200247570848,0.3145034612612011,alta,0,2,1.5300378752856731,-0.2385165197555159,-0.4629261564080378,-0.3966283404007332
2915.625,0.0480919319359395,0.0130842709412779,20.79350859375,-0.0519080680640604,3A,bajo,15.0,Parque Chas,1,72.0,0.6625692284534705,1.2650453655660172,0.0016924644253836,0.3560200247570848,0.3145034612612011,alta,0,2,0.6793241881576357,-0.4831070416654918,-0.4801208924732755,0.4300605487239863
2957.446808510638,0.0551645912370712,0.0195675419673152,18.127570196296297,-0.0448354087629288,2A,bajo,14.0,Palermo,0,47.0,0.3271156813574231,1.1828316920787505,0.0020354411558041,0.3173293561387364,0.7185047022536231,alta,0,2,0.6855918772796123,-0.9083182853538868,-0.0323243421104462,0.0428544345789544
3066.6666666666665,0.0583425513844242,0.0224806721023888,17.140148592592592,-0.0416574486155757,monoamb,bajo,13.0,Belgrano,2,30.0,2.4721155634253384,2.4147061547619386,0.001811257462251,0.3242107629327673,0.3362126271488234,alta,0,0,0.9966379889402552,1.2554419179592506,-1.1898234298898116,-0.3666349425103467
1904.3478260869565,0.0864357774970215,0.0482327960389364,11.569283333333331,-0.0135642225029784,4+A,alto,1.0,Monserrat,0,115.0,0.2891669306632607,0.9750530988901897,0.0018408245339653,1.3599759089981835,0.497858621461092,alta,0,1,-1.503039784177,-1.761562030351134,1.1256222454092668,1.0905904308451309
1920.0,0.0576865835447845,0.0218793682493858,17.33505329230769,-0.0423134164552154,monoamb,medio,10.0,Monte Castro,3,50.0,2.0975173250978987,2.928185707205545,0.0007950753514594,0.4818638493693606,0.3093771634352494,media,0,0,-0.5271121252175722,2.213497806085175,-0.7205059815821491,-0.342003392768729
2736.111111111112,0.0544501522202049,0.0189126395351878,18.36542156862745,-0.045549847779795,3A,bajo,14.0,Palermo,0,72.0,0.8510707680973397,0.425104685473148,0.0020354411558041,0.3173293561387364,0.7185047022536231,alta,0,2,0.5682811276951165,-0.9540272671290844,-0.5082115034925039,0.6309436296247146
2983.870967741936,0.0644746513797841,0.0281017637648021,15.509971416666668,-0.0355253486202158,3A,bajo,13.0,Colegiales,0,62.0,0.4428683898867637,1.2687017204410689,0.001811257462251,0.3242107629327673,0.3362126271488234,alta,0,2,0.4733295784172347,-0.7549041968551576,-0.4941918966091334,0.3508067573619417
2824.4274809160306,0.0818570173917739,0.0440355992757927,12.21642361111111,-0.018142982608226,4+A,bajo,13.0,Belgrano,0,131.0,1.359872651670268,1.3407639829686215,0.001811257462251,0.3242107629327673,0.3362126271488234,alta,0,2,0.24752633379697,-0.1728618328137532,-0.791194640199173,1.5826989337321449
2307.692307692308,0.0603490412468515,0.0243199544762805,16.570271529411766,-0.0396509587531484,3A,alto,1.0,San Nicolas,0,52.0,0.2014715585503448,2.789439988893598,0.0018408245339653,1.3599759089981835,0.497858621461092,media,0,1,-1.1071425803657566,-0.7213777567561621,1.730389164312824,-0.0777688562770187
2173.913043478261,0.0832895151961299,0.0453487222631191,12.006313131313131,-0.01671048480387,4+A,alto,2.0,Recoleta,0,115.0,0.2813293631036109,3.1326189933879545,0.0014373274573867,1.0447534381885877,0.3343869191202226,media,0,1,-1.3373931653408035,-0.0359844219843603,1.266117282782058,0.92364184964752
3098.5915492957747,0.03679032461038,0.0027244642261817,27.18105943859649,-0.0632096753896199,3A,alto,1.0,Retiro,0,71.0,0.3090789733519783,2.8279005517142823,0.0018408245339653,1.3599759089981835,0.497858621461092,alta,0,1,-0.3412433173063872,-0.5011671590414684,1.913794626000516,0.2660626111171563
2636.3636363636365,0.0685506350877015,0.0318380821637263,14.5877569,-0.0314493649122984,3A,bajo,13.0,Belgrano,0,66.0,0.5665893984772926,1.365718876106106,0.001811257462251,0.3242107629327673,0.3362126271488234,alta,0,2,0.1868543044334591,-0.6536643770827061,-0.5559958865870063,0.4501938731363761
5424.242424242424,0.0333179064392739,-0.0004585857639989,30.013890633333336,-0.066682093560726,2A,bajo,14.0,Palermo,3,33.0,0.7505180114901278,1.0357888307376253,0.0020354411558041,0.3173293561387364,0.7185047022536231,alta,0,2,3.3782198280672,-0.5746942466883338,0.0224978082601666,-0.8706570203379727
2680.4123711340208,0.0524299362868574,0.0170607749296193,19.07307295833333,-0.0475700637131425,4+A,bajo,13.0,Colegiales,0,97.0,0.5551940334794394,1.3530949811140771,0.001811257462251,0.3242107629327673,0.3362126271488234,media,0,2,0.3622427410759386,-0.623893377152979,-0.3752116209527187,1.0413306188666012
1826.0869565217392,0.0811415680629936,0.0433797707244108,12.32413945,-0.0188584319370063,3A,alto,2.0,Recoleta,1,92.0,0.2379692265255603,2.8608069025582843,0.0014373274573867,1.0447534381885877,0.3343869191202226,alta,0,1,-1.328106329572126,-0.25185401807477,1.1201323678667,0.4167431881995133
2457.254018634176,0.0652735230125945,0.028834062761545,15.320147493908808,-0.0347264769874054,4+A,bajo,14.0,Palermo,1,97.67,0.6920099964909269,1.276446487885491,0.0020354411558041,0.3173293561387364,0.7185047022536231,media,0,2,0.5100092781263826,-0.7361198062534609,-0.0611382855717248,0.775489463089546
2680.4123711340208,0.055817565545192,0.0201661017497593,17.915507246376812,-0.044182434454808,3A,bajo,13.0,Colegiales,0,97.0,0.5551940334794394,1.3530949811140771,0.001811257462251,0.3242107629327673,0.3362126271488234,alta,0,2,0.335661253954765,-0.6363097201399129,-0.3886191604793592,1.0265505882490034
2000.0,0.0780987592606313,0.0405905293222454,12.804300727272729,-0.0219012407393686,2A,alto,3.0,Balvanera,0,30.0,0.1705876311896664,2.5102759813745843,0.0010344625327268,0.9331491918927998,0.3306390495886265,alta,0,1,-1.634256957098779,0.1493631768910866,0.5977656664465013,-0.4860854125877087
2832.2580645161293,0.047431386785951,0.012478771220455,21.083085858585857,-0.0525686132140489,4+A,alto,2.0,Recoleta,1,155.0,0.889963074904435,2.837842325743108,0.0014373274573867,1.0447534381885877,0.3343869191202226,media,0,1,-0.3054122521407804,0.3513256285381241,1.2075580357525275,1.605210681552495
3225.0,0.0495340967826414,0.014406255384088,20.188114146666667,-0.0504659032173585,2A,medio,12.0,Villa Urquiza,1,40.0,1.519634731225436,2.971532118881401,0.0016590377581003,0.4997101681025006,0.2333980703538691,alta,0,0,0.6321606910803693,0.9659604411572208,-0.3193421798166661,-0.1838900465617328
3660.714285714286,0.0523252682311237,0.0169648292118634,19.11122549019608,-0.0476747317688762,3A,bajo,14.0,Palermo,1,56.0,0.3671645122076056,1.063143295157409,0.0020354411558041,0.3173293561387364,0.7185047022536231,alta,0,2,1.472743485398346,-0.9373403374444106,0.0365120477695299,-0.0426088007740524
2843.6018957345973,0.0347039646650541,0.0008119676096329,28.81515151515152,-0.0652960353349458,4+A,alto,2.0,Recoleta,0,211.0,0.6406469960916112,1.8741091090137407,0.0014373274573867,1.0447534381885877,0.3343869191202226,media,0,1,-0.3753141514760001,-0.2717793558447038,1.2182223237508478,2.8418488509644537
2948.7179487179487,0.0555643346518325,0.0199339734308465,17.997156022222224,-0.0444356653481674,2A,medio,12.0,Villa Urquiza,0,39.0,0.8575606016410869,1.761549820292382,0.0016590377581003,0.4997101681025006,0.2333980703538691,alta,0,2,0.189153662658172,-0.1354111923470584,-0.4798552239127772,0.0019699780343368
1875.0,0.0851986464661433,0.0470987592606313,11.737275666666669,-0.0148013535338566,monoamb,medio,12.0,Villa Pueyrredon,0,32.0,1.3663754601161533,2.4729755439088223,0.0016590377581003,0.4997101681025006,0.2333980703538691,alta,0,0,-0.8565479277902436,0.4313355127537951,-0.7284752407377977,-0.1117796594372395
1385.7142857142858,0.0790502905355969,0.0414627663242971,12.650174885185187,-0.0209497094644031,3A,bajo,7.0,Flores,2,70.0,2.752769717241266,0.8187535088198638,0.0007389240721516,0.4306612690454279,0.2791624172439522,alta,0,0,-1.231541594846254,1.581836530210352,-2.0239619564501363,0.4252246831198186
1953.4883720930231,0.0676051259708847,0.030971365473311,14.791777777777776,-0.0323948740291152,monoamb,bajo,15.0,Villa Crespo,1,43.0,0.1976267838003586,1.2782051554915297,0.0016924644253836,0.3560200247570848,0.3145034612612011,media,0,1,-0.1832484395769481,-0.9218115371361594,-0.4884987585620512,-0.0982613392285272
2972.972972972973,0.0580899862269159,0.0222491540413395,17.21467097777778,-0.0419100137730841,2A,medio,12.0,Villa Urquiza,1,37.0,0.7280675662594018,1.9311632951650228,0.0016590377581003,0.4997101681025006,0.2333980703538691,alta,0,2,0.4266245557335768,-0.1887156406062708,-0.3341096381236567,-0.2612245182172673
1437.5,0.1012505653655616,0.0618130182517648,9.876488060975609,0.0012505653655616,3A,alto,3.0,Balvanera,0,48.0,0.2798843101960855,2.122726957784059,0.0010344625327268,0.9331491918927998,0.3306390495886265,media,0,1,-2.2004225659814374,-0.1035020159193733,0.3276753486660622,-0.1679744802842717
2623.083131557708,0.0707804139872575,0.033882046154986,14.128202191358024,-0.0292195860127424,monoamb,medio,10.0,Monte Castro,1,24.78,2.1683324908701502,3.332791215501312,0.0007950753514594,0.4818638493693606,0.3093771634352494,media,0,0,-0.6416038426535922,2.5689295885442225,-0.7607228769915588,-0.5673217063122341
1999.798000202,0.0613172076839667,0.0252074403769695,16.308635663157894,-0.0386827923160332,4+A,bajo,15.0,Villa Crespo,1,99.01,0.4093689595110359,0.6824688134602811,0.0016924644253836,0.3560200247570848,0.3145034612612011,media,0,1,-0.0499491296302651,-1.0869489182429086,-0.5838193525012296,0.9536683571755974
1480.0,0.0817446472850834,0.0439325933446598,12.23321689201878,-0.0182553527149165,2A,bajo,7.0,Flores,1,50.0,2.319561674737013,1.343232312764522,0.0007389240721516,0.4306612690454279,0.2791624172439522,alta,0,0,-1.4572607714750414,1.5955487534678474,-1.7113907705857458,0.1438451241960368
1072.463768115942,0.0978633101300295,0.0587080342858603,10.21833410980392,-0.0021366898699705,3A,medio,10.0,Villa Luro,0,69.0,3.464277440994078,2.2124228828869,0.0007950753514594,0.4818638493693606,0.3093771634352494,media,0,0,-2.1692746765556707,2.736417585780243,-1.9601400494132968,0.6999971813912015
1633.3333333333333,0.0869373943532074,0.0486926114904401,11.502530153333336,-0.0130626056467925,monoamb,alto,1.0,San Nicolas,0,30.0,0.8276870568326541,1.759375691619455,0.0018408245339653,1.3599759089981835,0.497858621461092,alta,0,1,-1.7824958008885177,-0.9373668877314744,0.7876105914602678,-0.3170297225207426
1090.0,0.0937966750085981,0.0549802854245483,10.661358730555555,-0.0062033249914018,2A,medio,9.0,Liniers,0,50.0,4.106216857837321,3.6900443994049232,0.0005686137567445,0.5253496665574764,0.3428690900660959,media,0,0,-2.4152703679137093,4.249170276984869,-1.752543189483032,0.3014891766643635
3125.0,0.06393942580713,0.0276111403232025,15.639802631578949,-0.0360605741928699,4+A,bajo,14.0,Palermo,0,120.0,1.1069610983269622,0.3740324188624692,0.0020354411558041,0.3173293561387364,0.7185047022536231,alta,0,2,0.8009313761603567,-0.8358223606676005,-0.4954338574126203,1.397757867298853
1962.962962962963,0.0884136897290166,0.0500458822515985,11.310465642424242,-0.0115863102709833,monoamb,bajo,15.0,Chacarita,0,27.0,0.4856887616583777,0.266156913202988,0.0016924644253836,0.3560200247570848,0.3145034612612011,alta,0,1,-0.5583398631791925,-1.2688571578142402,-1.1744739672048776,-0.1540608012073775
1985.7142857142856,0.0771703596214415,0.0397394963196547,12.958343137254902,-0.0228296403785584,3A,bajo,14.0,Palermo,0,70.0,0.6234912185553207,1.617197168838342,0.0020354411558041,0.3173293561387364,0.7185047022536231,alta,0,1,-0.1982236685227016,-0.6209028639485166,-0.1197725888139018,0.4546899081495806
3215.3846153846152,0.0489178831384554,0.0138413928769175,20.44242178611111,-0.0510821168615445,3A,alto,2.0,Recoleta,2,65.0,0.3581694800064467,2.308294251436865,0.0014373274573867,1.0447534381885877,0.3343869191202226,media,0,1,0.1835988181925668,-0.2810011406358979,1.034669895327019,-0.1850768585456442
2139.5348837209303,0.0601946958728186,0.0241784712167504,16.612759405128205,-0.0398053041271813,2A,medio,10.0,Monte Castro,1,43.0,1.3649586691881104,2.8934407010767456,0.0007950753514594,0.4818638493693606,0.3093771634352494,alta,0,0,-0.8761843211503971,1.7644255223319287,-0.4212326140693057,-0.2259343589031168
3947.368421052632,0.0534701025311751,0.0180142606535771,18.70204006840948,-0.0465298974688249,monoamb,bajo,14.0,Palermo,2,38.0,0.6335737825277085,1.7834022137286156,0.0020354411558041,0.3173293561387364,0.7185047022536231,alta,0,2,1.878712598420621,-0.3900473287316016,0.1371748373627449,-0.5955252003964205
1875.0,0.0946651627401592,0.0557763991784793,10.563548100000002,-0.0053348372598407,monoamb,alto,1.0,San Nicolas,1,24.0,0.5440075764255481,2.092074440362794,0.0018408245339653,1.3599759089981835,0.497858621461092,alta,0,1,-1.4352432882887778,-1.0195659793959635,1.0569206294641582,-0.7308756267442796
1700.0,0.0851986464661433,0.0470987592606313,11.737275666666669,-0.0148013535338566,3A,alto,1.0,Monserrat,0,50.0,0.3615102661446277,2.038220503869281,0.0018408245339653,1.3599759089981835,0.497858621461092,media,0,1,-1.716635686272027,-1.125830661253804,1.2206585983234053,-0.0638736891310806
2297.297297297297,0.0601402210349246,0.0241285359486809,16.627807194444447,-0.0398597789650753,monoamb,medio,4.0,Barracas,2,37.0,0.7574335658248109,0.7259151366702691,0.0003390684780865,0.6643909367912209,0.3621231466264265,media,0,0,-0.9714320059153008,0.6169885676359342,-0.5861804128102647,-0.5441390759412505
2171.7391304347825,0.0703592425771453,0.0334959723623832,14.212773807272727,-0.0296407574228546,3A,alto,6.0,Caballito,0,46.0,0.1108449457998391,1.1534167626943594,0.0014709557236647,0.6815238874122538,0.2822013725531903,media,0,1,-0.7919927484715036,-0.9563014928697712,-0.1088477647464286,0.0267080885016088
2300.0,0.076437709044849,0.0390678999577783,13.082548031538463,-0.0235622909551509,3A,alto,6.0,Caballito,0,63.0,0.1517568501578424,1.3431041126757373,0.0014709557236647,0.6815238874122538,0.2822013725531903,media,0,1,-0.7452306718914193,-0.8519429806793452,-0.0150540465032084,0.2633153381428427
1294.498381877023,0.1150181727292934,0.0744333250018523,8.694278271604938,0.0150181727292934,monoamb,medio,10.0,Floresta,5,30.9,2.9747992847173568,1.2550154711459114,0.0007950753514594,0.4818638493693606,0.3093771634352494,media,0,0,-0.8922957016035609,1.644395107691301,-2.071988504058989,-0.9510776528810644
1652.7777777777778,0.0644359511088479,0.0280662885164438,15.519286714814816,-0.0355640488911521,3A,bajo,7.0,Parque Chacabuco,0,72.0,1.379221850571872,1.134583504437779,0.0007389240721516,0.4306612690454279,0.2791624172439522,alta,0,0,-1.4149993689291849,0.9180878988439726,-1.1530306243642434,0.6474441126575297
860.0,0.0990681935652829,0.059812510768176,10.094057073333332,-0.000931806434717,4+A,alto,1.0,Monserrat,0,100.0,0.1166120091606274,1.3818523723926486,0.0018408245339653,1.3599759089981835,0.497858621461092,media,0,1,-2.381117968564384,-1.772878410005223,1.1727594266751342,0.8457837247497569
2098.5915492957747,0.0514622696775362,0.0161737472044082,19.43171193703704,-0.0485377303224637,3A,bajo,7.0,Parque Chacabuco,1,71.0,0.9482345934424689,1.833828294326284,0.0007389240721516,0.4306612690454279,0.2791624172439522,alta,0,0,-0.7673161265042411,1.007396444435647,-0.5572316286619713,0.3341063942800812
2393.939393939394,0.0566193536642091,0.0209010741921917,17.66180528888889,-0.0433806463357908,2A,medio,10.0,Floresta,3,33.0,2.875977496132331,1.2803548046211646,0.0007950753514594,0.4818638493693606,0.3093771634352494,media,0,0,-0.1282926849934585,1.9508796995565685,-1.7429898047821275,-0.4378560570483975
2655.172413793104,0.0663885556879038,0.0298561760472452,15.062837105555555,-0.0336114443120961,monoamb,medio,12.0,Villa Urquiza,2,29.0,0.7275476530974636,2.0954267476110555,0.0016590377581003,0.4997101681025006,0.2333980703538691,alta,0,2,0.3667964839048412,-0.1908645472015397,-0.3318813878000163,-0.5935468209566505
4337.349397590361,0.0168261646860868,-0.0155760157044203,59.43125,-0.0831738353139131,4+A,bajo,13.0,Belgrano,3,415.0,1.4276139715282516,2.165103076195151,0.001811257462251,0.3242107629327673,0.3362126271488234,alta,0,2,2.711306317923257,0.3498240012756096,0.9672222637199192,5.900347240940656
2600.0,0.0709988720551194,0.0340822993838594,14.0847308,-0.0290011279448805,monoamb,bajo,14.0,Palermo,2,30.0,0.4526363458127196,1.0832145856568685,0.0020354411558041,0.3173293561387364,0.7185047022536231,alta,0,2,0.7881743698506569,-1.0258373281466533,-0.2260649073328895,-0.6149275402047827
3390.8045977011493,0.0491951425144065,0.0140955473048726,20.327210144927538,-0.0508048574855934,3A,bajo,13.0,Colegiales,0,87.0,0.4424741798483734,0.944983381076736,0.001811257462251,0.3242107629327673,0.3362126271488234,alta,0,2,0.9136798488072074,-0.8578762657083903,-0.4254470683415517,0.8215273297354306
2235.772357723577,0.110134896127114,0.0699569881165212,9.079774305555556,0.010134896127114,4+A,bajo,13.0,Belgrano,1,123.0,0.2798210757438764,1.2017712673846273,0.001811257462251,0.3242107629327673,0.3362126271488234,alta,0,1,-0.1450236953759337,-1.1951114954907354,-0.4224826211907297,1.0753986643250586
1558.139534883721,0.0826554032880494,0.0447674530140453,12.09842261025641,-0.0173445967119505,2A,medio,10.0,Floresta,0,43.0,3.1632029039643443,1.227897700906827,0.0007950753514594,0.4818638493693606,0.3093771634352494,alta,0,0,-1.6718985548529706,2.105785783644956,-2.1447165108982187,0.3104240732594898
3048.3870967741937,0.0435008962115493,0.0088758215272535,22.988032134715027,-0.0564991037884506,3A,alto,5.0,Almagro,1,62.0,0.6865578044192742,1.0616138293176771,0.0013072260551381,0.7262366972989581,0.8153691824811038,alta,0,1,0.1137096981793914,-0.0628676404160562,0.4685023511673066,0.0072262707961169
2722.2,0.0782442936468144,0.0407239358429132,12.78048472792,-0.0217557063531855,monoamb,alto,5.0,Almagro,1,20.0,0.3708492726375034,1.2334744241122986,0.0013072260551381,0.7262366972989581,0.8153691824811038,alta,0,1,-0.4214638011075397,-0.3224344864172759,0.3825843470958389,-0.8762837391022716
2765.9574468085107,0.0655374203585717,0.0290759686620241,15.258458366666668,-0.0344625796414282,3A,bajo,13.0,Belgrano,0,47.0,2.004779686185946,2.88702372413414,0.001811257462251,0.3242107629327673,0.3362126271488234,alta,0,0,0.2249780084795042,1.19943827782914,-0.825919436810974,0.1904890258488889
3585.31914893617,0.0404479954738084,0.0060773291843244,24.723104032375,-0.0595520045261915,3A,alto,5.0,Almagro,3,47.0,0.6325650540076108,1.1302121298873475,0.0013072260551381,0.7262366972989581,0.8153691824811038,media,0,2,1.009030506470933,-0.0992363228162332,0.5866016626582706,-0.6775192946984724
2243.589743589744,0.0535534349215758,0.0180906486781111,18.672938560606063,-0.0464465650784242,4+A,bajo,7.0,Parque Chacabuco,0,78.0,0.8508162491495439,1.231546948663092,0.0007389240721516,0.4306612690454279,0.2791624172439522,media,0,0,-0.8974377390725184,0.6627149630110092,-0.7227402688139181,0.6482048934716779
3547.297297297297,0.0324566272251974,-0.0012480917102356,30.810348625000003,-0.0675433727748025,3A,medio,11.0,Villa Devoto,2,74.0,1.2012582530745657,4.3840229015312975,0.0010693665978338,0.579459732816385,2.659087709873237,alta,0,3,0.5783898965673508,3.346480817985823,3.405653063012494,-0.8151920191701312
1369.2307692307693,0.0861559346286842,0.0479762734096272,11.606861492592593,-0.0138440653713157,3A,bajo,7.0,Flores,0,65.0,2.1564218439369625,1.2741717678361626,0.0007389240721516,0.4306612690454279,0.2791624172439522,alta,0,0,-1.806386485860537,1.4542669230241725,-1.6527000939842285,0.5598453108655396
2758.620689655173,0.0749290146177305,0.037684930066253,13.3459649122807,-0.0250709853822694,4+A,bajo,14.0,Palermo,0,116.0,0.6489090009425187,1.608105891740009,0.0020354411558041,0.3173293561387364,0.7185047022536231,alta,0,2,0.4041171107623069,-0.5785247828574109,0.1020067076378809,1.159099099459484
2166.6666666666665,0.0773341560231147,0.0398896430211884,12.930896920903956,-0.0226658439768853,monoamb,alto,6.0,Caballito,0,30.0,0.8332044960372598,0.1939060973114829,0.0014709557236647,0.6815238874122538,0.2822013725531903,alta,0,1,-0.8285561956570937,-0.9580327547754308,-0.92316626064469,-0.0966756846418245
1628.2051282051282,0.1073368774376608,0.0673921376511891,9.316462560416667,0.0073368774376608,4+A,alto,6.0,Caballito,1,78.0,1.0516476605991596,0.9925195359273206,0.0014709557236647,0.6815238874122538,0.2822013725531903,media,0,1,-1.2148364354552132,-0.5958811654964034,-0.713331605943721,0.4290999681176157
3229.1666666666665,0.0412251515158757,0.0067897222228861,24.25703637777778,-0.0587748484841242,2A,bajo,15.0,Villa Crespo,1,48.0,0.3422622741865843,0.9593221677754764,0.0016924644253836,0.3560200247570848,0.3145034612612011,alta,0,2,0.9620175997925844,-0.8147383362107395,-0.4518334978609598,-0.0016258482675814
3333.333333333333,0.0532491540413395,0.0178117245378946,18.779641066666667,-0.0467508459586604,2A,medio,12.0,Villa Urquiza,0,36.0,1.6233534603937372,2.821820076637317,0.0016590377581003,0.4997101681025006,0.2333980703538691,alta,0,0,0.4381256528911986,0.9996209641782168,-0.4795889372095681,-0.0705256382164627
2800.0,0.042131198801939,0.007620265568444,23.735379681481483,-0.057868801198061,3A,bajo,7.0,Flores,2,65.0,0.3457400611228267,0.5514565587531041,0.0007389240721516,0.4306612690454279,0.2791624172439522,alta,0,2,0.1107717544944771,-0.0568430005130285,-0.5894770472162493,0.0341820687997648
2557.692307692308,0.0563720367595534,0.0206743670295906,17.739291632575757,-0.0436279632404465,3A,medio,10.0,Monte Castro,3,52.0,1.4426813082466898,2.928022407955832,0.0007950753514594,0.4818638493693606,0.3093771634352494,media,0,0,-0.0480389851341765,1.7868889084458048,-0.3058491548025991,-0.4652241977216161
3090.909090909091,0.0400934806899498,0.0057523572991206,24.94171079166667,-0.0599065193100502,3A,medio,11.0,Villa Devoto,0,55.0,1.2143607614940386,4.91200966210624,0.0010693665978338,0.579459732816385,2.659087709873237,media,0,3,-0.3347082962552341,3.672263196679773,3.3885484126482988,-0.793150381758505
1537.037037037037,0.0846854016079135,0.046628284807254,11.80841067070707,-0.0153145983920864,3A,alto,6.0,Caballito,0,54.0,0.9288167207788236,0.2730049601684388,0.0014709557236647,0.6815238874122538,0.2822013725531903,media,0,1,-1.3337626674307494,-0.9262515273724148,-0.9405369377985764,0.3589090028840733
1666.6666666666667,0.0791130288614188,0.0415202764563005,12.640143025641027,-0.0208869711385812,2A,medio,10.0,Floresta,0,42.0,3.109302809939837,1.3238734851030731,0.0007950753514594,0.4818638493693606,0.3093771634352494,alta,0,0,-1.569140839222607,2.137422363388036,-2.0622525278709296,0.2808059283315917
1846.1538461538464,0.0638989848496074,0.0275740694454735,15.64970088888889,-0.0361010151503925,3A,bajo,7.0,Flores,0,65.0,2.093129022618234,1.3909293948686536,0.0007389240721516,0.4306612690454279,0.2791624172439522,alta,0,0,-1.2899032028483757,1.580132406971805,-1.4496740809734645,0.5825985501968236
2706.9767441860463,0.0548960350941645,0.0193213655029841,18.216251834666668,-0.0451039649058354,2A,bajo,15.0,Villa Crespo,2,43.0,0.7885856565364902,1.1796172799254845,0.0016924644253836,0.3560200247570848,0.3145034612612011,alta,0,2,0.707639639518398,-0.5015702942881682,-0.6954737701586174,-0.227076459714109
3452.830188679245,0.0436744711797336,0.0090349319147558,22.89667105263158,-0.0563255288202663,4+A,bajo,14.0,Palermo,2,159.0,1.1545685703625932,1.1007842593820825,0.0020354411558041,0.3173293561387364,0.7185047022536231,alta,0,2,1.682554064634855,-0.434962076870596,0.049203650799139,1.6877831273396682
2692.3076923076924,0.0486849408377961,0.0136278624346465,20.54023241666667,-0.0513150591622038,2A,bajo,15.0,Villa Crespo,1,65.0,0.1976267838003586,1.2782051554915297,0.0016924644253836,0.3560200247570848,0.3145034612612011,media,0,2,0.5124307756936081,-0.8204540947420013,-0.2732373089530992,0.2711645946683441
2674.4186046511627,0.0493811354917766,0.0142660408674619,20.250648148148148,-0.0506188645082233,monoamb,bajo,15.0,Villa Crespo,1,43.0,0.1976267838003586,1.2782051554915297,0.0016924644253836,0.3560200247570848,0.3145034612612011,media,0,2,0.4823669606885337,-0.8118680801619639,-0.3567917392928885,-0.1033760560019787
2531.6455696202534,0.0319494924248037,-0.0017129652772632,31.29940177777778,-0.0680505075751962,2A,bajo,15.0,Villa Crespo,1,79.0,0.1976267838003586,1.2782051554915297,0.0016924644253836,0.3560200247570848,0.3145034612612011,alta,0,2,0.5346828676035571,-0.7765001830529901,-0.1698027749431864,0.6007867930337153
2752.3809523809523,0.1047996416434476,0.0650663381731603,9.54201736111111,0.0047996416434476,4+A,bajo,13.0,Nuñez,0,105.0,3.3290909348461883,4.335722030268332,0.001811257462251,0.3242107629327673,0.3362126271488234,alta,0,0,-0.1280032351640266,2.7268937103531936,-0.9625249349451154,1.0615673426110086
922.8260869565216,0.069242716209233,0.0324724898584636,14.441952233333334,-0.0307572837907669,2A,bajo,7.0,Flores,1,92.0,1.88460562103333,1.3922177612999402,0.0007389240721516,0.4306612690454279,0.2791624172439522,alta,0,0,-1.739116247530925,1.2991954715790155,-1.306806397770107,0.9143956179430992
4106.382978723404,0.0304596197210564,-0.0030786819223649,32.830350777777774,-0.0695403802789435,2A,medio,11.0,Villa Del Parque,3,47.0,0.1338716880446905,3.292581418985808,0.0010693665978338,0.579459732816385,2.659087709873237,alta,0,3,1.2812798382503097,2.025742448383353,3.573341819307081,-1.5656784182066528
4082.1917808219177,0.0285901498208534,-0.0047923626642176,34.97708148666667,-0.0714098501791465,3A,medio,11.0,Villa Del Parque,3,73.0,0.1338716880446905,3.292581418985808,0.0010693665978338,0.579459732816385,2.659087709873237,alta,0,3,1.2921600368401,2.016718440152987,3.672484099087397,-1.113151495925414
2265.5426765015804,0.0643943258174339,0.0280281319993144,15.529318574358976,-0.0356056741825661,2A,medio,10.0,Monte Castro,1,37.96,0.8527730311479326,3.335221644092748,0.0007950753514594,0.4818638493693606,0.3093771634352494,alta,0,0,-0.8329231048807105,1.6238840361874427,-0.0142635746003125,-0.4508244387886497
2872.340425531915,0.0435459748604732,0.0089171436221004,22.964235,-0.0564540251395267,2A,medio,11.0,Villa Del Parque,1,47.0,0.6909113169717401,3.2041145897746706,0.0010693665978338,0.579459732816385,2.659087709873237,alta,0,3,-0.2094625873246051,2.3413791323235174,3.028172663444624,-1.028268424541158
2269.230769230769,0.098390285028813,0.0591910946097452,10.163605072463769,-0.0016097149711869,4+A,bajo,7.0,Flores,3,130.0,2.5690809852343635,0.5009714380973566,0.0007389240721516,0.4306612690454279,0.2791624172439522,media,0,0,-0.4514485212741853,1.190448470206079,-1.7954872853573012,1.0745448847233814
2800.0,0.0344851664267722,0.0006114025578746,28.99797517647059,-0.0655148335732277,3A,medio,10.0,Versalles,1,75.0,3.1945138843131446,3.2676244689475142,0.0007950753514594,0.4818638493693606,0.3093771634352494,media,0,0,-0.2080280943813273,3.384642143785148,-0.9925301474107092,0.5666284617703534
1666.6666666666667,0.0604635555566178,0.0244249259268996,16.53888843939394,-0.0395364444433821,4+A,bajo,7.0,Flores,0,93.0,2.433232929492706,1.066580490479597,0.0007389240721516,0.4306612690454279,0.2791624172439522,media,0,0,-1.3688053355554342,1.640212286236484,-1.6474618300632833,1.1672781573171565
1414.2857142857142,0.0946651627401592,0.0557763991784793,10.5635481,-0.0053348372598407,2A,alto,3.0,Balvanera,0,35.0,0.2628601618626519,2.260104722354346,0.0010344625327268,0.9331491918927998,0.3306390495886265,alta,0,1,-2.177505283556488,-0.0139242310278592,0.3631407727021405,-0.3711704459178239
1415.0943396226414,0.0931505201363167,0.0543879767916236,10.735313109756095,-0.0068494798636833,3A,alto,3.0,Balvanera,0,53.0,0.0802814914100224,2.584306233800923,0.0010344625327268,0.9331491918927998,0.3306390495886265,media,0,1,-2.1662642177209546,0.0205174943742577,0.6474540421499306,-0.110908722848115
3275.862068965517,0.053809671452301,0.0183255321646092,18.58401980555556,-0.0461903285476989,3A,medio,12.0,Villa Pueyrredon,2,58.0,1.751612609965162,3.828623323584536,0.0016590377581003,0.4997101681025006,0.2333980703538691,alta,0,0,0.8567798085939455,1.514568726943352,-0.0534696716868397,-0.1276197813442422
2360.5150214592272,0.0516355433128141,0.0163325813700796,19.36650485,-0.0483644566871858,3A,medio,11.0,Villa Devoto,1,69.9,1.7281798237355257,4.618074874670338,0.0010693665978338,0.579459732816385,2.659087709873237,alta,0,3,-0.6939067569994551,3.749272196550846,2.9880411119671053,-0.5944428972421597
1607.142857142857,0.0965584659949624,0.0575119271620488,10.356419705882354,-0.0034415340050375,monoamb,bajo,7.0,Flores,0,28.0,1.7950434151624783,1.5712918437937775,0.0007389240721516,0.4306612690454279,0.2791624172439522,alta,0,0,-1.743352489701015,1.3476951259927992,-1.5084820447224525,-0.2154899830635393
5044.059405940594,0.0300791609645706,-0.0034274357824768,33.24560818627451,-0.0699208390354293,3A,bajo,14.0,Palermo,1,70.7,0.0435719088743903,1.525011562364566,0.0020354411558041,0.3173293561387364,0.7185047022536231,alta,0,2,2.6431047496471254,-0.7712567806649214,0.6297256269907149,0.0591873859184795
2285.714285714286,0.0677584835345238,0.0311119432399801,14.75829959344482,-0.0322415164654762,4+A,alto,6.0,Caballito,0,175.0,0.7074106903776523,0.3668147602917542,0.0014709557236647,0.6815238874122538,0.2822013725531903,media,0,1,-0.595945262814629,-0.9958925206788044,-0.2236735456536012,2.361995200859945
3294.958316792378,0.0570984904780629,0.0213402829382243,17.513597848689137,-0.042901509521937,4+A,bajo,15.0,Paternal,2,100.76,1.5670382739963034,1.4489054248080897,0.0016924644253836,0.3560200247570848,0.3145034612612011,media,0,2,1.1305184111643791,0.1910468162098108,-0.7666898944728227,0.7571468408782285
4409.111111111111,0.0360421349306331,0.0020386236864137,27.74530426470588,-0.0639578650693668,3A,bajo,14.0,Palermo,2,67.5,0.7983786613233831,0.5841436420856639,0.0020354411558041,0.3173293561387364,0.7185047022536231,alta,0,2,2.4097706097914293,-0.8237529719431826,-0.1659618540632099,0.0506870677146951
1956.5217391304348,0.0946651627401592,0.0557763991784793,10.563548100000002,-0.0053348372598407,monoamb,alto,3.0,Balvanera,0,23.0,0.210273426601922,2.067143585911525,0.0010344625327268,0.9331491918927998,0.3306390495886265,alta,0,1,-1.7830405077325946,-0.1132676244504813,0.3237921253774946,-0.629386791023105
2725.0,0.0664393114644237,0.0299027021757217,15.05132997254902,-0.0335606885355763,4+A,medio,12.0,Villa Pueyrredon,1,80.0,1.7928577700815596,3.9658353331949305,0.0016590377581003,0.4997101681025006,0.2333980703538691,media,0,0,0.1183458676994122,1.5669330092190934,-0.0738262004737762,0.4331349751676688
3436.3636363636365,0.0567549205681501,0.0210253438541376,17.619617647058824,-0.0432450794318498,4+A,medio,12.0,Villa Urquiza,2,110.0,0.650242864848861,1.0400013707406697,0.0016590377581003,0.4997101681025006,0.2333980703538691,media,0,2,1.0920665196367003,-0.760609083006675,-0.2731173736037269,0.8110246284511855
1840.7894736842104,0.0867820380373511,0.0485502015342385,11.52312186502924,-0.0132179619626488,4+A,bajo,15.0,Chacarita,1,76.0,0.9639937082319676,0.463089147821925,0.0016924644253836,0.3560200247570848,0.3145034612612011,media,0,1,-0.3734914919542351,-0.8949599549747064,-1.155219838738355,0.5635972616015457
1250.0,0.1533575636390579,0.1095777666691364,6.520708703703704,0.0533575636390579,monoamb,medio,9.0,Liniers,0,20.0,4.515789823615937,4.066947370753734,0.0005686137567445,0.5253496665574764,0.3428690900660959,media,0,0,-2.800137358589958,4.54702512551665,-2.1671590915082404,-0.463339329286647
880.8823529411765,0.1351230620080737,0.0928628068407342,7.400661183508772,0.0351230620080737,3A,alto,1.0,Constitucion,0,68.0,0.2982326593241036,0.8022490416965505,0.0018408245339653,1.3599759089981835,0.497858621461092,alta,0,1,-2.645397230990756,-2.059007914517358,0.6122823940911685,0.2159634531854463
1531.25,0.0869373943532074,0.0486926114904401,11.502530153333336,-0.0130626056467925,monoamb,alto,1.0,Constitucion,0,32.0,0.1607508210288944,1.3894919654664393,0.0018408245339653,1.3599759089981835,0.497858621461092,alta,0,1,-1.8359379482023563,-1.6149415462692265,1.010238296189239,-0.3295647202275475
1550.0,0.1374171717195859,0.0949657407429538,7.277110913333334,0.0374171717195859,monoamb,alto,1.0,Constitucion,0,20.0,0.3178079370107359,1.2594515849078936,0.0018408245339653,1.3599759089981835,0.497858621461092,alta,0,1,-2.2211695973305305,-1.7477961397682078,0.6384044927896608,-0.7236863833260472
1279.5698924731182,0.0715955012320532,0.0346292094627154,13.967358043333332,-0.0284044987679467,4+A,alto,1.0,Constitucion,0,93.0,0.5195628478773932,0.6214455407546444,0.0018408245339653,1.3599759089981835,0.497858621461092,media,0,1,-1.8396778514693413,-1.75234987931334,0.8040104382540597,0.9159139785621224
2660.714285714286,0.0931650058122259,0.0544012553278737,10.73364393939394,-0.006834994187774,2A,alto,1.0,Monserrat,2,56.0,0.4478432775140702,1.239222845710657,0.0018408245339653,1.3599759089981835,0.497858621461092,alta,0,1,-0.5578225012340058,-1.54190791296035,1.020863728056111,-0.3977026924838149
1775.5102040816328,0.0675713403007343,0.0309403952756731,14.799173666666666,-0.0324286596992656,2A,medio,11.0,Villa Del Parque,0,49.0,1.38612433400626,1.8349528876591168,0.0010693665978338,0.579459732816385,2.659087709873237,alta,0,3,-1.392128028069386,2.0109448455888748,1.957925477189589,-0.577654318133013
2333.333333333333,0.0565093063295848,0.0208001974687861,17.696200235897436,-0.0434906936704151,2A,medio,10.0,Monte Castro,0,42.0,1.97168118063717,2.8456703236670733,0.0007950753514594,0.4818638493693606,0.3093771634352494,alta,0,0,-0.9566245584703228,2.24172967294532,-0.7664144413583419,0.0196828210067455
2606.060606060606,0.0528363699014842,0.0174333390763605,18.9263570125,-0.0471636300985157,3A,medio,11.0,Villa Devoto,1,49.5,1.3949481254662064,4.520004917654067,0.0010693665978338,0.579459732816385,2.659087709873237,media,0,3,-0.5296497432199652,3.4812785980281715,3.0728803350783065,-1.0114795972339528
2264.1509433962265,0.0567990976440955,0.0210658395070875,17.6059135,-0.0432009023559044,3A,medio,11.0,Villa Devoto,1,53.0,1.425062423138569,4.832208549383922,0.0010693665978338,0.579459732816385,2.659087709873237,media,0,3,-0.8188047352864251,3.629046261823703,3.1370725708349734,-0.9515030172199952
3375.0,0.0383168515853025,0.0041237806198606,26.09817765882353,-0.0616831484146974,3A,medio,10.0,Versalles,1,56.0,3.1945138843131446,3.2676244689475142,0.0007950753514594,0.4818638493693606,0.3093771634352494,media,0,0,0.1686898714204578,3.415556563364413,-1.028679312566977,0.1597586366715199
2780.0,0.0735527883160949,0.0364233892897536,13.595677647222224,-0.026447211683905,monoamb,medio,12.0,Villa Urquiza,2,25.0,0.9871082293990254,2.3367567212794103,0.0016590377581003,0.4997101681025006,0.2333980703538691,alta,0,2,0.3876845745658892,0.1043483704218475,-0.4166562131842457,-0.6928448220072195
2337.7049180327867,0.0466023451918596,0.0117188164258713,21.45814756495726,-0.0533976548081404,3A,medio,4.0,Barracas,0,61.0,1.2462677124611643,1.184118443766104,0.0003390684780865,0.6643909367912209,0.3621231466264265,media,0,0,-1.3368016298367866,1.330070828966445,-0.602310838240887,0.3120754776402383
3143.646408839779,0.0465750604228239,0.0116938053875886,21.47071825396825,-0.053424939577176,3A,bajo,14.0,Palermo,1,181.0,1.4468343850309155,0.7970767902741733,0.0020354411558041,0.3173293561387364,0.7185047022536231,media,0,2,1.210253095564404,-0.3833453407953925,-0.2042850763124901,2.333602291829255
1195.6521739130435,0.1642629903867243,0.1195744078544973,6.087798582295989,0.0642629903867243,4+A,alto,6.0,Caballito,0,138.0,0.9356439208294928,0.1259349485579851,0.0014709557236647,0.6815238874122538,0.2822013725531903,media,0,1,-2.1557358410114684,-1.356941014718842,-1.0370533025839097,1.4916076639242704
2257.1428571428573,0.067943224397051,0.03128128903063,14.718171074074071,-0.0320567756029489,monoamb,bajo,13.0,Nuñez,0,35.0,2.7665247181309827,3.701664318760775,0.001811257462251,0.3242107629327673,0.3362126271488234,alta,0,0,-0.2061992292491213,2.137426851352755,-1.0362574790745156,0.0696233338888874
2380.434782608696,0.063218173747709,0.0269499926020666,15.818236129230767,-0.0367818262522909,monoamb,medio,10.0,Floresta,5,36.8,2.9747992847173568,1.2550154711459114,0.0007950753514594,0.4818638493693606,0.3093771634352494,media,0,0,0.3044991822570836,1.8959735437772445,-1.7559568085974189,-0.7523541445578181
3161.111111111112,0.0465750604228239,0.0116938053875886,21.47071825396825,-0.053424939577176,3A,bajo,14.0,Palermo,1,180.0,1.4468343850309155,0.7970767902741733,0.0020354411558041,0.3173293561387364,0.7185047022536231,media,0,2,1.2223848829673292,-0.381745122288069,-0.2064472144046366,2.314570275528434
2133.928571428572,0.0897630124466977,0.0512827614094729,11.140446078431372,-0.0102369875533022,3A,bajo,14.0,Palermo,0,56.0,0.2742896649108597,1.8315443981338453,0.0020354411558041,0.3173293561387364,0.7185047022536231,alta,0,1,-0.2022081636187172,-0.7881808152394232,0.0552042385137218,0.079538764969426
2305.555555555556,0.0708277904357095,0.033925474566067,14.118751888888887,-0.0291722095642904,2A,medio,11.0,Villa Del Parque,0,36.0,0.4264188803313308,3.094960898628313,0.0010693665978338,0.579459732816385,2.659087709873237,alta,0,3,-1.0800143759023462,2.0099577054793394,2.904696352336241,-1.1103013821153456
1875.9231905465288,0.0778192361423041,0.0403342997971121,12.850293186781611,-0.0221807638576958,2A,alto,1.0,San Nicolas,1,33.85,0.2276497717266812,2.430806434428246,0.0018408245339653,1.3599759089981835,0.497858621461092,alta,0,1,-1.3073723153551666,-1.012499970385099,1.449151660299344,-0.5613615940218157
2160.0,0.0788876356167993,0.041313665982066,12.67625772,-0.0211123643832006,2A,alto,5.0,Almagro,0,30.0,1.3075380727236816,1.2860907012690797,0.0013072260551381,0.7262366972989581,0.8153691824811038,alta,0,1,-1.084619118528054,0.3761361739208668,-0.1428273425926415,-0.3381017211550354
2618.4210526315787,0.0590824784539084,0.0231589385827493,16.925491722222226,-0.0409175215460915,monoamb,alto,5.0,Almagro,5,38.0,0.7383398917979149,1.6809667948992024,0.0013072260551381,0.7262366972989581,0.8153691824811038,media,0,2,0.6276386976664948,0.0578251735591613,0.6032585716407134,-1.197683483069616
3538.4615384615386,0.0466377390755668,0.0117512608192696,21.44186274509804,-0.0533622609244331,3A,bajo,14.0,Palermo,0,65.0,1.2992805818070738,0.707556141884548,0.0020354411558041,0.3173293561387364,0.7185047022536231,alta,0,2,1.1931351499543892,-0.4052770014422643,-0.5745524703190341,0.4884154113540191
2348.4848484848485,0.0610626944253152,0.0249741365565389,16.37661111111111,-0.0389373055746847,4+A,alto,1.0,Constitucion,2,132.0,0.3210674976473561,1.3339716035610585,0.0018408245339653,1.3599759089981835,0.497858621461092,alta,0,1,-0.494617054042191,-1.526274401134091,1.4976793323854152,1.044586256065
2272.7272727272725,0.0567990976440955,0.0210658395070875,17.605913500000003,-0.0432009023559044,monoamb,alto,3.0,Balvanera,2,33.0,0.3939881261717257,1.468833081803545,0.0010344625327268,0.9331491918927998,0.3306390495886265,alta,0,1,-0.7380944387858862,-0.2276191294787189,0.2862917771904775,-0.6235128373647341
1686.7469879518071,0.0867200508673244,0.048493379961714,11.5313585497076,-0.0132799491326755,4+A,bajo,15.0,Chacarita,0,83.0,0.4856887616583777,0.266156913202988,0.0016924644253836,0.3560200247570848,0.3145034612612011,media,0,1,-0.7156747802857654,-1.310257538588487,-0.9886913272225696,0.8367411269092185
1900.0,0.0866933595620405,0.0484689129318705,11.534908844827587,-0.0133066404379594,2A,alto,1.0,Constitucion,1,30.0,0.0641943416461733,1.587412190771796,0.0018408245339653,1.3599759089981835,0.497858621461092,alta,0,1,-1.328345005942844,-1.5991236079014963,1.187949664987348,-0.6190725445133382
1808.5106382978724,0.0721983353524271,0.0351818074063915,13.8507348558471,-0.0278016646475729,2A,alto,1.0,Constitucion,1,47.0,0.0641943416461733,1.587412190771796,0.0018408245339653,1.3599759089981835,0.497858621461092,alta,0,1,-1.271941529413248,-1.56090597963708,1.299050189641451,-0.2563990188364787
3808.219178082192,0.0429057931843887,0.0083303104190229,23.30687596666667,-0.0570942068156112,3A,bajo,13.0,Colegiales,2,73.0,0.6277577573278724,0.7544682560290827,0.001811257462251,0.3242107629327673,0.3362126271488234,alta,0,2,1.7561014628339096,-0.8543511467428939,-0.5211686169860489,0.2359718629277518
3305.555555555556,0.0501168508624372,0.0149404466239008,19.953368633333334,-0.0498831491375627,3A,bajo,13.0,Belgrano,1,72.0,1.5547226407603854,2.039011317625728,0.001811257462251,0.3242107629327673,0.3362126271488234,alta,0,2,1.0322554016457532,0.4666639285851675,-0.6617964457361012,0.4464027300491482
3555.555555555556,0.0367419162885243,0.0026800899311472,27.21687111111111,-0.0632580837114757,2A,medio,11.0,Villa Del Parque,2,45.0,0.3132351948521571,3.399160857936526,0.0010693665978338,0.579459732816385,2.659087709873237,alta,0,3,0.5800015443941159,2.197477680475916,3.4068911936283914,-1.3636378450870494
3215.05376344086,0.0523934632877013,0.0170273413470595,19.08635041949472,-0.0476065367122986,4+A,bajo,14.0,Palermo,0,93.0,0.7172366462205676,0.8252642323741897,0.0020354411558041,0.3173293561387364,0.7185047022536231,media,0,2,0.9286965065508176,-0.8160843064895509,-0.1702956846818988,0.8885354638388494
2500.0,0.0629729126054102,0.0267251698882927,15.87984354901961,-0.0370270873945897,4+A,medio,12.0,Coghlan,2,92.0,1.0449257243289822,1.990313066145916,0.0016590377581003,0.4997101681025006,0.2333980703538691,media,0,2,0.3157708381705799,-0.0505077490370634,-0.311052351685288,0.5609963548928769
2269.230769230769,0.0705843349119745,0.0337023070026433,14.167449494949494,-0.0294156650880254,4+A,alto,2.0,Recoleta,0,130.0,0.6783272340708014,2.8882644004095974,0.0014373274573867,1.0447534381885877,0.3343869191202226,media,0,1,-1.154715970644484,0.1642333034196414,1.0790748996653043,1.2966415010962276
2658.064516129032,0.0568680285878383,0.0211290262055185,17.58457299878788,-0.0431319714121616,monoamb,medio,11.0,Villa Del Parque,1,31.0,0.6909113169717401,3.2041145897746706,0.0010693665978338,0.579459732816385,2.659087709873237,alta,0,3,-0.4777894979834011,2.288605193541136,2.900050477725566,-1.3329507537467655
3362.962962962963,0.0501255164412757,0.0149483900711694,19.949919142908843,-0.0498744835587242,3A,bajo,14.0,Palermo,2,54.0,1.6991131078610069,0.9781544683927652,0.0020354411558041,0.3173293561387364,0.7185047022536231,media,0,2,1.5113997866602913,-0.0802959146709797,-0.6968808594969053,-0.0293220629768919
3367.3469387755104,0.0551684471862768,0.0195710765874204,18.12630318601299,-0.0448315528137231,3A,bajo,14.0,Palermo,0,49.0,1.0228266729955082,1.0372902486671942,0.0020354411558041,0.3173293561387364,0.7185047022536231,media,0,2,0.9835124448572724,-0.4633327106135109,-0.4146962583374019,0.1345502787864384
1583.3333333333333,0.1062705138068644,0.0664146376562923,9.409947916666669,0.0062705138068644,3A,bajo,15.0,Villa Crespo,1,60.0,0.3224973809586275,0.9825437696266212,0.0016924644253836,0.3560200247570848,0.3145034612612011,alta,0,1,-0.7358401977603584,-1.1603097132269806,-0.7831692849939927,0.106942439384412
1569.6087352138306,0.0802595944970915,0.0425712949556672,12.459569553846151,-0.0197404055029084,2A,alto,3.0,Balvanera,1,43.96,0.3396426539517451,2.8967612497081587,0.0010344625327268,0.9331491918927998,0.3306390495886265,alta,0,1,-1.7257374369763692,0.3882138970566623,0.6830540338517155,-0.401440055818094
2619.04761904762,0.0464719889815327,0.0115993232330716,21.518338722222225,-0.0535280110184672,2A,medio,9.0,Mataderos,1,42.0,5.6522178582217215,2.7459740069590435,0.0005686137567445,0.5253496665574764,0.3428690900660959,media,0,0,-0.6707091264153525,5.088427470673802,-2.599338396241864,0.2966411415832634
2857.1428571428573,0.0461492668358276,0.0113034945995086,21.668816615384618,-0.0538507331641723,2A,alto,3.0,Balvanera,0,42.0,0.2160593742901587,2.3870452641803133,0.0010344625327268,0.9331491918927998,0.3306390495886265,alta,0,1,-0.7515705946982919,0.279232032039066,0.7699958526779821,-0.2270028044783653
3467.7419354838707,0.0515154606539471,0.0162225055994515,19.41164821794872,-0.0484845393460528,3A,alto,6.0,Caballito,1,62.0,0.1398664545612341,1.1484753895263538,0.0014709557236647,0.6815238874122538,0.2822013725531903,media,0,2,0.549881019040752,-0.8429933010665557,0.1444562013212234,0.0491979271037563
4023.809523809524,0.045372060248242,0.0105910552275551,22.03999541851852,-0.054627939751758,2A,bajo,14.0,Palermo,0,42.0,0.7829396080238639,0.7623066174098146,0.0020354411558041,0.3173293561387364,0.7185047022536231,alta,0,2,1.5449458749758238,-0.699547633111159,-0.3171276223466053,-0.0276922454041585
4642.857142857143,0.0448967375037413,0.0101553427117629,22.273333333333333,-0.0551032624962586,3A,alto,1.0,Puerto Madero,1,112.0,0.8133671663729254,0.3644593916466827,0.0018408245339653,1.3599759089981835,0.497858621461092,alta,0,2,1.0713774321662064,-1.4305075373627294,1.038618004110848,0.8378489664789261
1900.0,0.0822092202743488,0.044358451918153,12.16408569090909,-0.0177907797256511,2A,alto,3.0,Balvanera,0,30.0,0.2819778165356498,2.332688608914557,0.0010344625327268,0.9331491918927998,0.3306390495886265,alta,0,1,-1.7332093361243648,0.115181742652262,0.4502897006625551,-0.4623063095615224
1783.7837837837835,0.0890713122146043,0.0506487028633873,11.226959333333337,-0.0109286877853956,monoamb,bajo,7.0,Flores,0,37.0,3.1776608605504104,1.5115483332447146,0.0007389240721516,0.4306612690454279,0.2791624172439522,media,0,0,-1.560972797206679,2.338467708831541,-2.191300391751007,0.1402933074038295
2874.2283950617284,0.0571802996417069,0.0214152746715646,17.488540743333335,-0.042819700358293,3A,medio,12.0,Villa Urquiza,1,51.84,0.9221808978058554,2.255464613675304,0.0016590377581003,0.4997101681025006,0.2333980703538691,media,0,2,0.35615947152806,0.1088007392270014,-0.2728820696451056,0.0050797085179866
4531.25,0.0352546123308179,0.0013167279699164,28.365082861111112,-0.064745387669182,3A,medio,12.0,Saavedra,2,64.0,2.951854854889445,3.998666535406726,0.0016590377581003,0.4997101681025006,0.2333980703538691,alta,0,0,1.8992472176888595,2.6017719495064884,-0.4346506082416043,0.0549506552704795
1680.672268907563,0.0536333999369018,0.01816394994216,18.64509803921569,-0.0463666000630981,4+A,medio,12.0,Villa Pueyrredon,2,238.0,1.4042425686349658,3.554185894435488,0.0016590377581003,0.4997101681025006,0.2333980703538691,media,0,0,-0.1897977620990018,0.9279614099844932,0.5517429619856755,3.0935941655312176
3500.0,0.0365137056283471,0.0024708968259848,27.38697655555556,-0.0634862943716528,2A,bajo,15.0,Villa Ortuzar,0,50.0,0.6572184860109658,0.053751077259063,0.0016924644253836,0.3560200247570848,0.3145034612612011,alta,0,2,0.981906484865771,-0.9877117992830288,-0.9266076087882386,0.3235418907197129
3697.6744186046512,0.0455464462240388,0.0107509090387023,21.95560977647059,-0.0544535537759611,2A,bajo,13.0,Belgrano,0,43.0,2.665888484559913,2.348019369529655,0.001811257462251,0.3242107629327673,0.3362126271488234,alta,0,0,1.0700579923480371,1.5218959184364758,-1.229825807837697,0.2348387047005682
530.3030303030303,0.1983083695145951,0.1507826720550456,5.042651515151515,0.0983083695145951,3A,bajo,15.0,Paternal,0,132.0,1.1954536863992713,1.0700732359051113,0.0016924644253836,0.3560200247570848,0.3145034612612011,media,0,1,-2.4399580644640886,-0.8878425371261401,-1.44082152824303,1.345352195837632
1628.9961311341883,0.0937185111127576,0.0549086351866945,10.670250606060604,-0.0062814888872423,3A,medio,10.0,Velez Sarsfield,0,49.11,3.783725823946072,0.2895589593493959,0.0007950753514594,0.4818638493693606,0.3093771634352494,media,0,0,-1.6737649519450195,2.019567052341193,-2.8272875154300534,0.5202770571947796
1562.5,0.081824780066084,0.0440060483939103,12.221236637512147,-0.0181752199339159,2A,alto,1.0,San Nicolas,1,48.0,0.6681024215030139,1.4093664463166105,0.0018408245339653,1.3599759089981835,0.497858621461092,alta,0,1,-1.5235505558380444,-1.2725441289641657,0.8581750641764085,-0.156279251422016
1641.7910447761194,0.0735806492207601,0.0364489284523634,13.590529719298246,-0.0264193507792398,3A,alto,1.0,San Telmo,0,67.0,0.8469123859425972,0.1209761032377091,0.0018408245339653,1.3599759089981835,0.497858621461092,alta,0,1,-1.5902054350395525,-1.7509128901401578,0.3787004562353834,0.5094833273513768
2068.9655172413795,0.0922985336716552,0.0536069891990173,10.834408307692309,-0.0077014663283447,3A,alto,6.0,Caballito,0,58.0,1.1310223021118702,1.3335187580846946,0.0014709557236647,0.6815238874122538,0.2822013725531903,media,0,1,-1.047549410255175,-0.2256781785644255,-0.6411799786264675,0.2688517798844397
2368.4210526315787,0.0709988720551194,0.0340822993838594,14.0847308,-0.0290011279448805,2A,medio,12.0,Villa Pueyrredon,0,38.0,1.7013979660082028,3.938034191356631,0.0016590377581003,0.4997101681025006,0.2333980703538691,alta,0,0,-0.4424288721668575,1.514860729063915,-0.2650703016444224,-0.0844711351103355
1747.8991596638657,0.1122418437593534,0.0718883567794073,8.909333333333333,0.0122418437593534,3A,alto,1.0,Constitucion,6,119.0,0.7272868365792124,0.7216726376015079,0.0018408245339653,1.3599759089981835,0.497858621461092,alta,0,1,-0.3342417072499641,-1.942504566688482,0.8876543773307388,0.0428451629151173
2990.654205607477,0.0325349668734882,-0.001176280365969,30.736161616161617,-0.0674650331265117,4+A,alto,2.0,Recoleta,0,214.0,0.7272971995879451,3.214815661539708,0.0014373274573867,1.0447534381885877,0.3343869191202226,media,0,1,-0.3015164140067164,0.5059397154527653,1.6827230047260835,2.783469803326072
1232.394366197183,0.1658579090485705,0.1210364166278563,6.029257246376812,0.0658579090485705,4+A,bajo,7.0,Flores,0,142.0,2.3384433445671475,1.2059374900042252,0.0007389240721516,0.4306612690454279,0.2791624172439522,media,0,0,-2.489185419791644,1.2057631206655446,-1.823396163078522,1.566026546012593
3719.512195121951,0.0579261407225941,0.0220989623290446,17.263363095238095,-0.0420738592774058,3A,bajo,14.0,Palermo,7,82.0,0.2946660253459917,1.1385331166223531,0.0020354411558041,0.3173293561387364,0.7185047022536231,alta,0,2,2.959547497441162,-1.2369781892066416,0.3657397632504288,-0.7502991918724932
2666.6666666666665,0.0399368655310046,0.0056087934034209,25.039521422222226,-0.0600631344689953,2A,medio,9.0,Liniers,2,48.0,4.428620902576788,2.0674262302897626,0.0005686137567445,0.5253496665574764,0.3428690900660959,media,0,0,-0.2998539415478295,3.8394395409064943,-2.1060002858032085,0.1305288170629513
2319.7492163009406,0.0690799836211972,0.0323233183194308,14.475973322222222,-0.0309200163788027,monoamb,medio,12.0,Villa Pueyrredon,1,31.9,2.193914559530415,3.650057177411204,0.0016590377581003,0.4997101681025006,0.2333980703538691,alta,0,0,-0.2129616160341858,1.6815385485361185,-0.6181748061490879,-0.2670462602285293
3068.9655172413795,0.0478644081270468,0.0128757074497929,20.892350686666667,-0.0521355918729532,monoamb,alto,5.0,Almagro,1,29.0,0.3631928187834889,1.0623902797241132,0.0013072260551381,0.7262366972989581,0.8153691824811038,alta,0,1,0.0795850795195317,-0.2902110315332586,0.5068661267558588,-0.6181918172556328
3396.8253968253966,0.0477749419436317,0.0127936967816624,20.93147493888889,-0.0522250580563682,3A,medio,12.0,Villa Pueyrredon,0,63.0,2.26679999087088,3.675575212825663,0.0016590377581003,0.4997101681025006,0.2333980703538691,alta,0,0,0.5037794395815398,1.9149260295246708,-0.3936909924046408,0.4188920931889832
2458.866666666667,0.0577492655601112,0.0219368267634353,17.316237536546666,-0.0422507344398887,2A,medio,12.0,Villa Urquiza,1,45.0,1.156700054626647,2.5528574367063404,0.0016590377581003,0.4997101681025006,0.2333980703538691,alta,0,2,0.0337886293473905,0.4088179064172059,-0.3530294449212206,-0.0583642806295169
2663.333333333333,0.0639789585477922,0.0276473786688095,15.63013876277778,-0.0360210414522077,monoamb,medio,12.0,Saavedra,0,30.0,2.5756174296853565,3.638582469413077,0.0016590377581003,0.4997101681025006,0.2333980703538691,alta,0,0,-0.1736976190852567,2.031509075371217,-0.8155145442570854,-0.0814494156384542
1592.5925925925926,0.0990681935652829,0.059812510768176,10.094057073333332,-0.000931806434717,monoamb,alto,1.0,Monserrat,0,27.0,0.2745222563830078,2.125365933965057,0.0018408245339653,1.3599759089981835,0.497858621461092,alta,0,1,-1.9180639394062104,-1.187010164587292,1.1515521474430046,-0.5214201509821588
3340.425531914894,0.0461266557300776,0.0112827677525711,21.67943858431373,-0.0538733442699224,2A,bajo,13.0,Colegiales,1,47.0,0.3731266939622849,1.214169809320021,0.001811257462251,0.3242107629327673,0.3362126271488234,alta,0,2,1.1165864542742188,-0.778998427209575,-0.3972573383062474,-0.0541298196414775
2182.4817518248174,0.0801915875507484,0.0425089552548527,12.47013596491228,-0.0198084124492515,4+A,bajo,14.0,Palermo,0,137.0,0.7172366462205676,0.8252642323741897,0.0020354411558041,0.3173293561387364,0.7185047022536231,alta,0,1,-0.0146940362294841,-1.004187964439302,-0.2070090943860787,1.6356663626463592
2078.4177654406662,0.0768067931414313,0.0394062270463121,13.019681711728394,-0.0231932068585686,monoamb,medio,10.0,Villa Luro,1,28.82,3.711169382217165,1.740635036627347,0.0007950753514594,0.4818638493693606,0.3093771634352494,media,0,0,-1.0341580262899996,2.783518980176688,-2.207785119024978,-0.1191426673920177
2407.4074074074074,0.0700214906595052,0.0331863664378798,14.281329782919329,-0.0299785093404947,3A,bajo,14.0,Palermo,0,54.0,0.5395346489285391,0.7050451143503682,0.0020354411558041,0.3173293561387364,0.7185047022536231,media,0,2,0.1902887250883873,-1.0973265784393125,-0.3955235347049998,0.2303797717022758
3881.578947368421,0.0433213456607508,0.0087112335223549,23.08330881111112,-0.0566786543392491,3A,alto,6.0,Caballito,3,76.0,0.9051767149606538,1.0273555457597052,0.0014709557236647,0.6815238874122538,0.2822013725531903,media,0,2,1.4120383320614258,-0.397084752249426,-0.1279265227992324,0.020026542487612
3111.111111111112,0.0486849408377961,0.0136278624346465,20.54023241666667,-0.0513150591622038,3A,alto,5.0,Almagro,0,45.0,0.253386649705031,1.784441593604435,0.0013072260551381,0.7262366972989581,0.8153691824811038,media,0,1,-0.16033857849778,0.0418490238104423,0.8503038921391155,-0.247104519620979
3971.428571428572,0.0367763941580474,0.0027116946448768,27.191355294444445,-0.0632236058419525,3A,medio,12.0,Villa Urquiza,1,70.0,0.5278430372175581,1.715064507363345,0.0016590377581003,0.4997101681025006,0.2333980703538691,alta,0,2,1.3449436779516288,-0.3253024636636671,-0.0186031430949862,0.2662798426528693
3100.0,0.0480960101018551,0.0130880092600338,20.791745466666665,-0.0519039898981449,2A,alto,6.0,Caballito,1,40.0,1.5891820232244889,0.8286146785612006,0.0014709557236647,0.6815238874122538,0.2822013725531903,alta,0,2,0.2985992707820866,0.0292623573048135,-0.8398027933542198,-0.0443750777336231
1708.3333333333333,0.097147237129078,0.0580516340349882,10.293653525846702,-0.0028527628709219,3A,bajo,7.0,Flores,0,48.0,3.1213573192658544,1.0221504442438822,0.0007389240721516,0.4306612690454279,0.2791624172439522,media,0,0,-1.6542508447360855,2.0022152496482946,-2.334704316826038,0.334458159316152
1987.179487179487,0.1139836962605884,0.0734850549055394,8.773184523809524,0.0139836962605884,3A,bajo,14.0,Palermo,0,78.0,0.0306142637301195,1.6891638820648314,0.0020354411558041,0.3173293561387364,0.7185047022536231,alta,0,1,-0.479608546064217,-1.1466530280229703,0.1057377391042039,0.3439380365953246
2313.4328358208954,0.0769536161629681,0.0395408148160541,12.994840916666668,-0.0230463838370318,3A,bajo,13.0,Colegiales,1,67.0,0.2083366089562107,1.2976041186356184,0.001811257462251,0.3242107629327673,0.3362126271488234,alta,0,2,0.1389925363557395,-1.038821434798237,-0.4142296592727504,0.2423557577543148
2650.0,0.063454801240921,0.0271669011375109,15.75924879511111,-0.0365451987590789,2A,medio,12.0,Villa Urquiza,0,38.0,0.6687499313327882,1.9739877533815489,0.0016590377581003,0.4997101681025006,0.2333980703538691,alta,0,1,-0.0963063830111572,-0.2056899125439946,-0.3626439644547292,-0.0577033467702468
2296.296296296296,0.0755794444457723,0.0382811574086246,13.231110751515152,-0.0244205555542277,monoamb,medio,11.0,Villa Devoto,0,27.0,2.242600798398817,4.622355291732726,0.0010693665978338,0.579459732816385,2.659087709873237,alta,0,3,-1.201546064435538,4.094297336558437,2.4289969784234366,-1.1674371555313146
2671.75572519084,0.0865345612427324,0.048323347805838,11.556076388888888,-0.0134654387572675,4+A,bajo,13.0,Colegiales,1,131.0,0.6740168250954838,0.5318988724690601,0.001811257462251,0.3242107629327673,0.3362126271488234,alta,0,2,0.3825107117349069,-1.1550666616162502,-0.7140851552888727,1.372616267321267
1352.2727272727273,0.0930741516016691,0.05431797230153,10.74412157179487,-0.0069258483983308,2A,alto,3.0,San Cristobal,0,44.0,0.5133176749640134,1.3455966853296168,0.0010344625327268,0.9331491918927998,0.3306390495886265,alta,0,1,-2.172711030730796,-0.3155700457443663,-0.0638224577197813,-0.0932216967362249
2527.2727272727275,0.0490351922107299,0.0139489261931691,20.393516470833337,-0.05096480778927,3A,medio,11.0,Villa Santa Rita,1,55.0,2.1906923209463525,1.7679098605187216,0.0010693665978338,0.579459732816385,2.659087709873237,media,0,3,-0.4565555310556853,2.618388699320886,1.6927375613528843,-0.5528832176224395
1818.1818181818185,0.0709988720551194,0.0340822993838594,14.084730800000004,-0.0290011279448805,monoamb,alto,1.0,San Nicolas,0,33.0,0.2467203730196604,2.6042436774695137,0.0018408245339653,1.3599759089981835,0.497858621461092,alta,0,1,-1.5489835184160163,-0.8435833214834729,1.4889285793801,-0.3677100311817817
2132.3529411764707,0.0705092246616358,0.0336334559398328,14.182541430555556,-0.0294907753383641,3A,medio,12.0,Villa Urquiza,0,68.0,1.017261982612061,1.898680773428131,0.0016590377581003,0.4997101681025006,0.2333980703538691,alta,0,1,-0.5110865807157317,-0.069243279707169,-0.5381582749626026,0.5349747354981218
3176.470588235294,0.0433881995892396,0.0087725162901363,23.04774130909091,-0.0566118004107603,monoamb,bajo,15.0,Villa Crespo,0,34.0,0.7603040664803342,0.982719722907388,0.0016924644253836,0.3560200247570848,0.3145034612612011,alta,0,2,0.64899350363733,-0.4641783500116576,-0.761235352381025,-0.0047429573447214
3125.5813953488373,0.0412047025319889,0.0067709773209898,24.26907460923077,-0.058795297468011,2A,medio,10.0,Monte Castro,1,43.0,0.6231045390835467,3.5906468408126657,0.0007950753514594,0.4818638493693606,0.3093771634352494,alta,0,0,-0.0325941043119954,1.7267617027239368,0.380674980843564,-0.4174690018836937
3000.0,0.0384577223631896,0.0042529121662572,26.00257993846154,-0.0615422776368103,2A,medio,10.0,Monte Castro,1,48.0,0.6231045390835467,3.5906468408126657,0.0007950753514594,0.4818638493693606,0.3093771634352494,alta,0,0,-0.0994324871470313,1.7265390478296636,0.3991958872103989,-0.3058331805566867
2078.9473684210525,0.0744140076729606,0.0372128403668805,13.43833011111111,-0.0255859923270393,2A,medio,11.0,Villa Del Parque,0,38.0,0.2329155763476155,2.971373501485721,0.0010693665978338,0.579459732816385,2.659087709873237,alta,0,3,-1.2650962316727348,1.779142766429875,2.9381189249193027,-1.0809782201567026
1500.0,0.0770844896598439,0.0396607821881902,12.972778368421054,-0.022915510340156,3A,alto,1.0,Monserrat,0,70.0,0.1787340652214195,1.2547505327088369,0.0018408245339653,1.3599759089981835,0.497858621461092,alta,0,1,-1.7562407131296487,-1.6593388064386354,1.1258985193548718,0.376199197330027
3317.073170731708,0.0469845476835349,0.012069168709907,21.283593208888888,-0.053015452316465,2A,bajo,15.0,Villa Crespo,1,41.0,0.5145924682019163,1.0651310088048742,0.0016924644253836,0.3560200247570848,0.3145034612612011,alta,0,2,0.9714234485774348,-0.6481398519590182,-0.546785075535045,-0.1416990147994059
2642.8571428571427,0.0818570173917739,0.0440355992757927,12.21642361111111,-0.018142982608226,4+A,bajo,13.0,Nuñez,1,140.0,2.5536072668369627,3.4397217093503327,0.001811257462251,0.3242107629327673,0.3362126271488234,alta,0,0,0.2775282590287896,1.7194355179033278,-0.6296373194792089,1.5565939508900866
3523.316062176166,0.0445398476984652,0.0098281937235931,22.45180555555556,-0.0554601523015347,4+A,bajo,13.0,Belgrano,0,193.0,0.2553075031665443,0.6709913688185364,0.001811257462251,0.3242107629327673,0.3362126271488234,alta,0,2,1.1142259664220635,-1.1687717723656763,-0.0118990950003508,2.624326183545844
2804.878048780488,0.0555643346518325,0.0199339734308465,17.997156022222224,-0.0444356653481674,2A,bajo,15.0,Agronomia,1,41.0,1.501629664878998,2.448624292480062,0.0016924644253836,0.3560200247570848,0.3145034612612011,alta,0,0,0.472323494327735,0.718790094056684,-0.6555254778876531,-0.1030401349762269
1925.0,0.0790339948665522,0.0414478286276728,12.652783168666668,-0.0209660051334477,monoamb,alto,1.0,San Nicolas,0,28.0,0.2495534857387371,3.057995114465678,0.0018408245339653,1.3599759089981835,0.497858621461092,alta,0,1,-1.554421057229268,-0.6247090146844936,1.608598966831884,-0.5381396014810028
3333.333333333333,0.0503446547299937,0.0151492668358276,19.863081897435897,-0.0496553452700062,monoamb,bajo,14.0,Palermo,1,33.0,0.1331054042102576,1.7410596337403546,0.0020354411558041,0.3173293561387364,0.7185047022536231,alta,0,2,1.2151013464038665,-0.7500537455675134,0.3016339942878573,-0.4748353194549642
2442.6315789473683,0.0780207385221092,0.0405190103119335,12.817105028,-0.0219792614778907,2A,bajo,13.0,Belgrano,0,38.0,2.0216004028089025,2.81455109103404,0.001811257462251,0.3242107629327673,0.3362126271488234,alta,0,0,-0.1095179834988073,1.113484720059456,-0.9693799400200488,0.029520954738448
2185.714285714286,0.066822467816583,0.0302539288318677,14.965026474999998,-0.033177532183417,2A,alto,2.0,Recoleta,1,35.0,0.7825348833760613,3.2156548375810963,0.0014373274573867,1.0447534381885877,0.3343869191202226,alta,0,1,-1.0031092834334876,0.4287501096270258,0.8371158448797509,-0.4876776595695378
2605.2631578947367,0.0215148097136725,-0.0112780910958001,46.47961164,-0.0784851902863274,monoamb,medio,9.0,Mataderos,1,76.0,6.137039556897587,3.547949758044524,0.0005686137567445,0.5253496665574764,0.3428690900660959,media,0,0,-0.5012276918553599,5.926109019702163,-2.3513005639614613,0.982041729276523
2423.728813559322,0.059579473053247,0.0236145169654764,16.78430420333333,-0.0404205269467529,3A,medio,11.0,Villa Santa Rita,0,59.0,1.3813779769735606,1.890579247288379,0.0010693665978338,0.579459732816385,2.659087709873237,alta,0,3,-0.8562869679131725,2.099159605912221,2.101597966095876,-0.4543908753151516
3240.9638554216867,0.0539500633522301,0.0184542247395443,18.535659420289853,-0.0460499366477698,3A,bajo,13.0,Nuñez,0,83.0,2.1633673422487054,3.048588558488383,0.001811257462251,0.3242107629327673,0.3362126271488234,alta,0,0,0.6718572755132323,1.4482309308694157,-0.6379234868806691,0.8043286335653076
1521.7391304347825,0.1138010492083485,0.0733176284409862,8.787265204991087,0.0138010492083485,3A,bajo,7.0,Flores,0,46.0,1.7950434151624783,1.5712918437937775,0.0007389240721516,0.4306612690454279,0.2791624172439522,media,0,0,-1.9310420268648356,1.2693973439556074,-1.5188840185970471,0.0249818038634634
3250.0,0.0504134002758244,0.0152122835861724,19.83599587666667,-0.0495865997241755,3A,medio,12.0,Villa Urquiza,0,52.0,0.8640884956955993,2.186566093079571,0.0016590377581003,0.4997101681025006,0.2333980703538691,media,0,2,0.4387271797347589,0.1210688249388298,-0.2392705959135018,0.1748416811594421
2647.058823529412,0.0441770759454076,0.009495652949957,22.636174500000003,-0.0558229240545923,2A,alto,6.0,Caballito,2,51.0,1.7010790612201434,1.136375321640796,0.0014709557236647,0.6815238874122538,0.2822013725531903,alta,0,2,0.2403618942947717,0.2086635147935286,-0.7406110335151151,0.018134121343486
2675.0,0.0625624239738035,0.0263488886426532,15.984035407878787,-0.0374375760261965,monoamb,bajo,15.0,Villa Crespo,0,28.0,0.5145924682019163,1.0651310088048742,0.0016924644253836,0.3560200247570848,0.3145034612612011,alta,0,2,0.1307572773030277,-0.6938273730804272,-0.7395638006183769,-0.1714335032412227
2654.21686746988,0.0687405729345355,0.0320121918566575,14.547449305555554,-0.0312594270654644,3A,medio,12.0,Villa Urquiza,0,83.0,0.6687499313327882,1.9739877533815489,0.0016590377581003,0.4997101681025006,0.2333980703538691,media,0,1,-0.1109305699752333,-0.249782669361728,-0.2209687459114802,0.68292824194649
4085.3658536585367,0.0432351340275951,0.0086322061919621,23.12933734313725,-0.0567648659724048,4+A,medio,12.0,Villa Pueyrredon,1,82.0,2.151016581420559,3.6291910398980938,0.0016590377581003,0.4997101681025006,0.2333980703538691,media,0,0,1.2974033365549005,1.8125491410205208,-0.1738907633161567,0.485247531279618
2875.0,0.0629729126054102,0.0267251698882927,15.879843549019608,-0.0370270873945897,monoamb,bajo,7.0,Flores,0,24.0,2.345017168170757,1.721795884479064,0.0007389240721516,0.4306612690454279,0.2791624172439522,alta,0,0,-0.5730764548096401,2.020940943242708,-1.5250216700413373,-0.2244413503510404
4887.608695652174,0.0341052269801756,0.0002631247318277,29.32101875707407,-0.0658947730198243,2A,bajo,14.0,Palermo,0,46.0,0.313938425489017,1.4787661277970192,0.0020354411558041,0.3173293561387364,0.7185047022536231,alta,0,2,2.2384453010826912,-0.5698235728823184,0.3197446977081927,-0.1355699171849241
2245.2830188679245,0.0536970282907568,0.0182222759331937,18.623004509397315,-0.0463029717092431,2A,alto,2.0,Recoleta,0,53.0,0.8278892402043339,2.569763836092341,0.0014373274573867,1.0447534381885877,0.3343869191202226,alta,0,1,-1.0694772986263068,0.2079569868091939,0.6726214294177139,0.1125248370482587
3807.692307692308,0.0559385052555486,0.0202769631509195,17.87677370769231,-0.0440614947444513,monoamb,bajo,14.0,Palermo,0,26.0,1.0333975217468905,0.6970882865146528,0.0020354411558041,0.3173293561387364,0.7185047022536231,alta,0,2,1.2973003691272251,-0.5972645344991233,-0.5915199059936035,-0.2809420093622898
2403.846153846154,0.0483928311927694,0.0133600952600386,20.664217723004697,-0.0516071688072306,2A,bajo,7.0,Flores,0,52.0,2.557556396723266,0.3577340061916895,0.0007389240721516,0.4306612690454279,0.2791624172439522,alta,0,0,-0.7355990579646672,1.4698120752027446,-2.0063254102413364,0.5137121611190824
2275.862068965517,0.0879549517681813,0.0496253724541662,11.36945652173913,-0.0120450482318186,4+A,bajo,7.0,Flores,0,145.0,1.813350559074651,1.545319802664628,0.0007389240721516,0.4306612690454279,0.2791624172439522,media,0,0,-1.128378306368181,1.35384816874069,-1.0163812037094369,1.7350944178914918
2969.696969696969,0.0608561760472452,0.0247848280433081,16.432185933333333,-0.0391438239527547,2A,bajo,14.0,Palermo,0,33.0,1.26392288884214,1.047317286119232,0.0020354411558041,0.3173293561387364,0.7185047022536231,alta,0,2,0.6397836896614902,-0.3214063238627513,-0.6528892537727249,-0.0837164537371082
3000.0,0.0567990976440955,0.0210658395070875,17.6059135,-0.0432009023559044,3A,alto,6.0,Caballito,2,65.0,0.5091610591158551,0.7033178681764639,0.0014709557236647,0.6815238874122538,0.2822013725531903,media,0,2,0.4308136170731893,-0.9031281705233574,-0.229373701571528,0.0356210630481832
2777.777777777778,0.0210156661283153,-0.0117356393823775,47.58355000000001,-0.0789843338716846,4+A,medio,11.0,Villa Devoto,1,270.0,1.5895150067648856,5.278834839302914,0.0010693665978338,0.579459732816385,2.659087709873237,media,0,3,-0.0691912273479927,4.021560164087525,4.1753737444204,2.8138277577205604
2422.594142259414,0.0468106967423307,0.0119098053471365,21.362638661511376,-0.0531893032576692,4+A,alto,6.0,Caballito,0,239.0,0.7626481569879165,0.2308240141898761,0.0014709557236647,0.6815238874122538,0.2822013725531903,media,0,1,-0.2938225280142192,-0.9779953214469858,0.0231997025276609,3.543077158211617
4921.052631578948,0.0387266574846106,0.0044994360275597,25.822006466666668,-0.0612733425153894,2A,bajo,13.0,Belgrano,0,38.0,1.969026523020436,2.364162178902646,0.001811257462251,0.3242107629327673,0.3362126271488234,alta,0,2,2.0129353104861334,1.1328643570092165,-0.7419507349266268,-0.0590156112949892
1779.6610169491526,0.0770844896598439,0.0396607821881902,12.972778368421054,-0.022915510340156,3A,alto,1.0,Retiro,2,59.0,0.5017557952577651,2.1237063024384653,0.0018408245339653,1.3599759089981835,0.497858621461092,alta,0,1,-1.1026420740717382,-1.0365730894502534,1.309867588637477,-0.2405938285190135
2300.0,0.0658415139890355,0.0293547211566159,15.187986111111112,-0.0341584860109644,4+A,bajo,13.0,Belgrano,0,200.0,1.3477435423742417,1.5326642374805008,0.001811257462251,0.3242107629327673,0.3362126271488234,alta,0,1,0.0223542610993224,-0.0922284968453267,-0.4473046925792101,2.8680560289561705
1465.3465346534654,0.183131036579794,0.1368701168648112,5.460570849574583,0.083131036579794,4+A,alto,6.0,Caballito,0,101.0,1.323641425849564,0.7726540201050274,0.0014709557236647,0.6815238874122538,0.2822013725531903,media,0,1,-2.155505801189115,-0.7739158218857785,-1.198829503341738,0.7468899640847971
2343.75,0.0722757157701587,0.0352527394559788,13.83590586885452,-0.0277242842298413,4+A,alto,6.0,Caballito,0,160.0,0.8651521847904264,1.0375882463784485,0.0014709557236647,0.6815238874122538,0.2822013725531903,media,0,1,-0.6239175422944953,-0.5372745968819514,-0.1352981749112271,2.0453359143172047
2222.222222222222,0.0479242386372056,0.0129305520841051,20.86626785185185,-0.0520757613627943,3A,bajo,7.0,Flores,0,72.0,2.052712755133029,1.3903322931470987,0.0007389240721516,0.4306612690454279,0.2791624172439522,alta,0,0,-0.8878765709838894,1.628085426286597,-1.3087675269234689,0.7216392878216529
2222.222222222222,0.0967978336207482,0.0577313474856859,10.330809715411371,-0.0032021663792517,4+A,alto,6.0,Caballito,0,126.0,0.7047055431804777,0.6245035415098753,0.0014709557236647,0.6815238874122538,0.2822013725531903,media,0,1,-0.9054636372666758,-0.9462031976510188,-0.4269715573180103,1.3885173566394826
2333.333333333333,0.1196838128929156,0.078710161818506,8.355348779661016,0.0196838128929156,monoamb,alto,6.0,Caballito,0,18.0,1.0133654818384947,0.373498269898782,0.0014709557236647,0.6815238874122538,0.2822013725531903,alta,0,1,-1.0546641125364185,-0.873895947036393,-1.1522613261623345,-0.4957203900345534
3456.221198156682,0.0403827952466084,0.0060175623093911,24.76302083333333,-0.0596172047533915,4+A,bajo,13.0,Belgrano,0,217.0,1.3477435423742417,1.5326642374805008,0.001811257462251,0.3242107629327673,0.3362126271488234,alta,0,2,1.069279068789364,0.060850814669954,-0.1896969234592409,3.1321035456455912
3636.363636363637,0.0487576363062744,0.0136944999474182,20.509607843137253,-0.0512423636937255,4+A,medio,12.0,Villa Urquiza,3,121.0,0.8551409007053231,2.270977987029761,0.0016590377581003,0.4997101681025006,0.2333980703538691,media,0,2,1.503485622770964,0.0218146807378621,0.1765101706124175,0.7492551041430433
1904.7619047619048,0.1261962351456514,0.0846798822168471,7.924166666666666,0.0261962351456514,4+A,bajo,13.0,Belgrano,0,126.0,0.4106178762143147,1.300624356219626,0.001811257462251,0.3242107629327673,0.3362126271488234,alta,0,1,-0.7603465886313782,-1.0876137946555395,-0.5682759070304324,1.2880005848246436
2048.192771084337,0.0797158629817927,0.0420728743999766,12.544554654428095,-0.0202841370182073,4+A,alto,6.0,Caballito,0,166.0,0.7424918452479466,0.6798631663926282,0.0014709557236647,0.6815238874122538,0.2822013725531903,media,0,1,-0.8788406568902664,-0.8602482406976756,-0.2299137574368019,2.163160474395485
3024.390243902439,0.0488501555402521,0.0137793092452311,20.47076388888889,-0.0511498444597478,4+A,bajo,13.0,Belgrano,2,205.0,1.0365369913384157,1.9130343015124425,0.001811257462251,0.3242107629327673,0.3362126271488234,alta,0,2,1.1638526417685635,-0.0984399045110804,0.0623181925641514,2.500841424067926
2424.242424242424,0.0846981044181547,0.0466399290499751,11.806639674755855,-0.0153018955818452,4+A,alto,6.0,Caballito,0,132.0,0.7441382129300362,0.5002630796843159,0.0014709557236647,0.6815238874122538,0.2822013725531903,media,0,1,-0.6565285892684007,-0.9298157187486916,-0.4062139934088342,1.5352780427526325
2947.7611940298507,0.047991642629663,0.012992339077191,20.83696129588015,-0.0520083573703369,4+A,bajo,15.0,Villa Crespo,1,134.0,0.4351014233767802,0.8605082680713696,0.0016924644253836,0.3560200247570848,0.3145034612612011,media,0,2,0.7533682608950356,-0.8893382404613721,-0.2766821237707005,1.4831621751859976
4196.078431372549,0.0707642440069073,0.0338672236729984,14.131430555555555,-0.0292357559930926,4+A,bajo,13.0,Belgrano,3,102.0,2.4721155634253384,2.4147061547619386,0.001811257462251,0.3242107629327673,0.3362126271488234,alta,0,2,2.002081551488672,1.1949326955540058,-0.8548623829796226,0.4856692929399083
2041.6666666666667,0.0565093063295848,0.0208001974687861,17.696200235897436,-0.0434906936704151,2A,medio,10.0,Villa Luro,3,48.0,3.855389992923089,1.756621597478438,0.0007950753514594,0.4818638493693606,0.3093771634352494,alta,0,0,-0.4009782900663388,2.871337368515931,-2.070237138728296,-0.0497647531679194
1926.6666666666667,0.1004329899083039,0.0610635740826119,9.95688768115942,0.0004329899083039,4+A,bajo,7.0,Flores,1,150.0,2.121545306477453,1.31977729569985,0.0007389240721516,0.4306612690454279,0.2791624172439522,media,0,0,-1.22470123716476,1.344396199254387,-1.2905605847555357,1.6834192755100716
1560.0,0.0895678078233814,0.0511038238380996,11.16472563414634,-0.0104321921766185,3A,alto,3.0,Balvanera,0,50.0,0.2958903667099432,2.093988867415409,0.0010344625327268,0.9331491918927998,0.3306390495886265,media,0,1,-2.01793754565776,-0.0580298987005503,0.3724310443900988,-0.0928398142527084
1944.4444444444443,0.0486849408377961,0.0136278624346465,20.54023241666667,-0.0513150591622038,4+A,alto,1.0,San Nicolas,0,90.0,0.2608868670039134,2.7836248774410333,0.0018408245339653,1.3599759089981835,0.497858621461092,media,0,1,-1.2591237192133249,-0.6819944027610353,1.8497427113019969,0.669557086112935
2164.948453608248,0.0486849408377961,0.0136278624346464,20.54023241666667,-0.0513150591622038,3A,bajo,7.0,Flores,3,97.0,1.866702806019952,1.2783945896610076,0.0007389240721516,0.4306612690454279,0.2791624172439522,media,0,0,-0.1780587406803224,1.2885753982316484,-1.07350753188517,0.583138868327706
2826.086956521739,0.0589836783227146,0.0230683717958217,16.95384262962963,-0.0410163216772854,2A,bajo,14.0,Palermo,0,46.0,0.409144595194285,1.0522419934278189,0.0020354411558041,0.3173293561387364,0.7185047022536231,alta,0,2,0.5641294814689842,-0.93919469873332,-0.1523707159945524,0.0466871465742808
2877.692307692308,0.0398550203998264,0.0055337686998409,25.090941868,-0.0601449796001735,2A,alto,5.0,Almagro,0,52.0,0.3638267529306378,1.3782443537135098,0.0013072260551381,0.7262366972989581,0.8153691824811038,alta,0,1,-0.2421177582319895,-0.0769241188537029,0.6870509318881952,-0.0131611565585144
1527.7777777777778,0.11157924554466,0.071280975082605,8.962240200842242,0.01157924554466,2A,alto,1.0,San Nicolas,0,36.0,0.167287950526813,1.3246722682785956,0.0018408245339653,1.3599759089981835,0.497858621461092,alta,0,1,-2.0272987939476144,-1.7368852035154638,0.9001874549731742,-0.3623889544991042
4000.0,0.0501282211229766,0.0149508693627286,19.94884273963678,-0.0498717788770233,monoamb,bajo,14.0,Palermo,4,40.0,0.5988927556408378,1.206512102514995,0.0020354411558041,0.3173293561387364,0.7185047022536231,alta,0,2,2.4584560856290696,-0.7872951809677536,0.0366605530547195,-0.8763787327999548
1904.109589041096,0.0771703596214415,0.0397394963196547,12.958343137254902,-0.0228296403785584,3A,bajo,14.0,Palermo,0,73.0,0.8545647342533129,0.6453198708507756,0.0020354411558041,0.3173293561387364,0.7185047022536231,alta,0,1,-0.2209590465922298,-0.9700694444583552,-0.5864415414285816,0.628340965803202
2484.848484848485,0.0727305518613418,0.0356696725395633,13.749380066666667,-0.0272694481386581,2A,medio,12.0,Saavedra,0,33.0,2.2097045735913463,3.228477206428166,0.0016590377581003,0.4997101681025006,0.2333980703538691,media,0,0,-0.35163621061377,1.5110301301770517,-0.8053175584948123,-0.0623318896987306
3076.923076923077,0.0638989848496074,0.0275740694454735,15.64970088888889,-0.0361010151503925,2A,bajo,14.0,Palermo,1,39.0,0.3308239186926691,1.036061708940868,0.0020354411558041,0.3173293561387364,0.7185047022536231,alta,0,2,0.9510610831630136,-1.0454143873283537,-0.1091125255033168,-0.3158722165903782
2644.4444444444443,0.0764940654263503,0.0391195599741544,13.07290957051846,-0.0235059345736497,3A,bajo,14.0,Palermo,0,45.0,0.849613837502891,0.43052534979734,0.0020354411558041,0.3173293561387364,0.7185047022536231,media,0,2,0.314389833909122,-1.0235353047370448,-0.6976651431197761,0.0863609845727149
1965.9863945578231,0.0545389259385346,0.0189940154436567,18.33552793333333,-0.0454610740614653,4+A,medio,11.0,Villa Devoto,0,147.0,0.6256671059693457,4.177997968429494,0.0010693665978338,0.579459732816385,2.659087709873237,media,0,3,-1.1822682743321606,2.696254172333692,3.622044825859039,0.8209936895917026
2961.038961038961,0.0560517410961469,0.020380762671468,17.840659013333333,-0.043948258903853,3A,alto,6.0,Caballito,1,77.0,1.2527976032260837,0.9151077694722864,0.0014709557236647,0.6815238874122538,0.2822013725531903,media,0,2,0.1545143949775509,-0.2241580675321697,-0.5388690526824291,0.5130110935328362
2000.0,0.101867946861693,0.0623789512898853,9.816630557575758,0.001867946861693,2A,bajo,7.0,Flores,0,23.0,2.4251998216453283,1.584652739679488,0.0007389240721516,0.4306612690454279,0.2791624172439522,media,0,0,-1.508585251232796,1.8122505921171603,-1.8467051866601396,-0.286047372474449
2851.051170170568,0.0274117384282374,-0.005872573107449,36.48072166666668,-0.0725882615717626,4+A,medio,11.0,Villa Del Parque,2,201.68,0.2497342839269297,3.431778833066146,0.0010693665978338,0.579459732816385,2.659087709873237,media,1,3,0.2246400229090341,2.0741873752796853,3.996062547213062,1.409204257833076
2000.0,0.0801869613798996,0.0425047145982412,12.470855395833334,-0.0198130386201004,4+A,alto,6.0,Caballito,0,85.0,0.8782926084466883,0.1879095430442317,0.0014709557236647,0.6815238874122538,0.2822013725531903,media,0,1,-0.94282569334673,-0.9798677813694102,-0.7761441972955316,0.8510200506315274
2428.5714285714284,0.0651519061211684,0.028722580611071,15.348745102564104,-0.0348480938788315,2A,bajo,15.0,Parque Chas,0,35.0,0.7150165042762152,1.3429476689780306,0.0016924644253836,0.3560200247570848,0.3145034612612011,alta,0,2,-0.076664051069475,-0.4334035162939633,-0.7526414154611892,-0.0314258707115273
1926.6666666666667,0.1004329899083039,0.0610635740826119,9.95688768115942,0.0004329899083039,4+A,bajo,7.0,Flores,1,150.0,2.121545306477453,1.31977729569985,0.0007389240721516,0.4306612690454279,0.2791624172439522,media,0,0,-1.22470123716476,1.344396199254387,-1.2905605847555357,1.6834192755100716
2139.8002853067046,0.0714045798954344,0.0344541982374815,14.004703920454546,-0.0285954201045656,3A,medio,10.0,Villa Real,2,49.07,2.49320096766215,4.3774567259690205,0.0007950753514594,0.4818638493693606,0.3093771634352494,media,0,0,-0.7800818003053219,3.2599311771588977,-0.4844114465801334,-0.3289450699915122
2411.764705882353,0.0584811821406677,0.0226077502956121,17.099517543859648,-0.0415188178593322,4+A,bajo,14.0,Palermo,2,170.0,0.7172366462205676,0.8252642323741897,0.0020354411558041,0.3173293561387364,0.7185047022536231,alta,0,2,0.8315314661620311,-1.0144518259879869,0.0792263660819214,1.8966225393608365
3392.8571428571427,0.0448413928769175,0.0101046101371744,22.30082376666667,-0.0551586071230824,monoamb,alto,5.0,Almagro,3,28.0,0.2452132328654725,1.4621025004481774,0.0013072260551381,0.7262366972989581,0.8153691824811038,alta,0,2,0.8156461574042322,-0.2199383369689863,0.8102281272402478,-1.0768721306852131
3101.851851851852,0.0356054044933136,0.0016382874522041,28.08562391666667,-0.0643945955066863,2A,alto,5.0,Almagro,3,54.0,0.2452132328654725,1.4621025004481774,0.0013072260551381,0.7262366972989581,0.8153691824811038,alta,0,2,0.6909092397744183,-0.2179318363078396,0.916475114467157,-0.5608860827406139
924.5283018867924,0.1931575027739563,0.1460610442094599,5.177122222222222,0.0931575027739563,4+A,alto,1.0,Monserrat,1,106.0,0.4085142328177787,1.696831466834257,0.0018408245339653,1.3599759089981835,0.497858621461092,alta,0,1,-2.8376708831223683,-1.7864225891036216,0.8152726824125215,0.3586391864496153
2230.2158273381297,0.0769536161629681,0.0395408148160541,12.994840916666668,-0.0230463838370318,3A,bajo,13.0,Belgrano,1,69.5,0.5281943425069833,1.4494246322090465,0.001811257462251,0.3242107629327673,0.3362126271488234,alta,0,2,0.0716021018283744,-0.7370565482796515,-0.5285922187958866,0.3247851938136488
4079.110012360939,0.0387266574846106,0.0044994360275597,25.822006466666668,-0.0612733425153894,2A,bajo,15.0,Villa Crespo,5,40.45,0.5723998191705201,0.9620318992923638,0.0016924644253836,0.3560200247570848,0.3145034612612011,alta,0,2,2.5761874072921067,-0.7549835381434326,-0.3960592004000919,-0.9224930293866156
1741.6715371127996,0.0823396314840579,0.0444779955270531,12.14481996064815,-0.017660368515942,3A,alto,1.0,Monserrat,1,85.55,0.2195979476200708,0.94408721391409,0.0018408245339653,1.3599759089981835,0.497858621461092,alta,0,1,-1.3565471143578955,-1.8485111494086384,1.0794715948538598,0.437067231235709
1991.6666666666667,0.0897630124466977,0.0512827614094729,11.140446078431372,-0.0102369875533022,4+A,medio,12.0,Villa Urquiza,1,120.0,0.4773280211963991,1.7820885363366703,0.0016590377581003,0.4997101681025006,0.2333980703538691,media,0,1,-0.4816745668163417,-0.6668537083228877,-0.1607286323281364,1.104137789695424
2215.1898734177216,0.0865345612427324,0.048323347805838,11.556076388888888,-0.0134654387572675,3A,medio,12.0,Villa Pueyrredon,1,79.0,1.5045307385399294,3.92653315616658,0.0016590377581003,0.4997101681025006,0.2333980703538691,media,0,0,-0.4055644278203916,1.236544616016524,-0.0592142760722122,0.3528576940777881
3159.090909090909,0.0435187330870228,0.0088921719964376,22.978610107981225,-0.0564812669129771,2A,bajo,7.0,Flores,6,44.0,2.009340986554601,0.8913592308670292,0.0007389240721516,0.4306612690454279,0.2791624172439522,alta,0,0,1.30689951116943,1.1683153721632915,-1.2829097147431094,-0.9100850047086232
2159.1097824281683,0.082512922979849,0.0446368460648616,12.119313725490196,-0.0174870770201509,3A,bajo,14.0,Palermo,1,60.21,0.1836316243694791,1.1000367029559803,0.0020354411558041,0.3173293561387364,0.7185047022536231,alta,0,2,0.1496748540815699,-1.2521929807333112,-0.0807129490077891,0.0456401955512996
2682.9791800815624,0.0443032961623945,0.0096113548155283,22.571683974358976,-0.0556967038376054,2A,alto,3.0,Balvanera,4,46.59,0.3767612803895458,1.7797895898630802,0.0010344625327268,0.9331491918927998,0.3306390495886265,alta,0,2,0.1451376867374456,-0.0998704485117657,0.6013730333877068,-0.7821898096588067
2767.4418604651164,0.0536966259240399,0.0182219070970365,18.62314405777778,-0.04630337407596,2A,medio,12.0,Saavedra,1,43.0,2.2383847029420143,3.3287511242741883,0.0016590377581003,0.4997101681025006,0.2333980703538691,alta,0,0,0.2499384428049186,1.6224518454346553,-0.6188564282651886,-0.0308753317943966
2343.75,0.0567990976440955,0.0210658395070875,17.605913500000003,-0.0432009023559044,monoamb,alto,1.0,Retiro,2,32.0,0.2602704718933908,2.4156490752825626,0.0018408245339653,1.3599759089981835,0.497858621461092,alta,0,1,-0.5578666990327501,-0.9336416400871737,1.572694944672207,-0.7339440792961532
1692.7899686520375,0.0867763991784793,0.0485450325802726,11.523870654545457,-0.0132236008215207,monoamb,bajo,15.0,Chacarita,1,31.9,0.9639937082319676,0.463089147821925,0.0016924644253836,0.3560200247570848,0.3145034612612011,alta,0,1,-0.5040539295963167,-0.879325010312799,-1.3264305060203556,-0.1679098461607197
2333.333333333333,0.0730274112566942,0.0359417936519697,13.693488277777778,-0.0269725887433057,3A,alto,2.0,Recoleta,1,60.0,0.9146908057233176,2.627732123968711,0.0014373274573867,1.0447534381885877,0.3343869191202226,media,0,1,-0.9104294734393186,0.1882517238047739,0.6341995296183178,-0.0401205793903989
1960.9631521342576,0.1030309213078942,0.063445011198903,9.70582410897436,0.0030309213078942,2A,bajo,15.0,Chacarita,2,27.41,0.4856887616583777,0.266156913202988,0.0016924644253836,0.3560200247570848,0.3145034612612011,alta,0,1,-0.1820585261674219,-1.4080266959171004,-1.1686325204494448,-0.5778933454135742
2556.053811659193,0.0881880726579378,0.0498390666031096,11.339401915254236,-0.0118119273420621,monoamb,alto,6.0,Caballito,1,22.3,1.0394293194668012,0.2243382137271808,0.0014709557236647,0.6815238874122538,0.2822013725531903,alta,0,1,-0.3922704982201732,-0.8494450582914489,-1.0297363868503355,-0.4789575882638849
1900.0,0.0747356547948625,0.0375076835619573,13.38049426,-0.0252643452051374,monoamb,alto,5.0,Almagro,1,30.0,0.2670758830111516,2.0078018656492795,0.0013072260551381,0.7262366972989581,0.8153691824811038,alta,0,1,-1.0130953628056338,-0.0338990343043258,0.696745102119728,-0.6739703583991146
2222.222222222222,0.0587262098855916,0.0228323590617923,17.02817195164076,-0.0412737901144083,3A,alto,5.0,Almagro,1,63.0,0.3631928187834889,1.0623902797241132,0.0013072260551381,0.7262366972989581,0.8153691824811038,alta,0,1,-0.6014886047582568,-0.3995682311877342,0.5164859101752143,0.0111985740871742
2021.9512195121952,0.0719409560027748,0.0349458763358769,13.900287896666669,-0.0280590439972251,2A,alto,6.0,Caballito,2,41.0,0.7441382129300362,0.5002630796843159,0.0014709557236647,0.6815238874122538,0.2822013725531903,alta,0,1,-0.4039650898086952,-0.9418848457352544,-0.6546890423261206,-0.2744550175580743
4374.572795625427,0.0319494924248037,-0.0017129652772632,31.299401777777778,-0.0680505075751962,monoamb,alto,1.0,Retiro,8,43.89,0.3131450913671765,2.427357683731596,0.0018408245339653,1.3599759089981835,0.497858621461092,alta,0,2,2.59134567652366,-0.939414831166132,2.044846077621524,-1.7576389551491798
3645.0,0.0432771725465197,0.0086707415009764,23.10687,-0.0567228274534802,monoamb,bajo,13.0,Colegiales,2,40.0,0.5551940334794394,1.3530949811140771,0.001811257462251,0.3242107629327673,0.3362126271488234,alta,0,2,1.5953829387053369,-0.5862308716443533,-0.4024019896277135,-0.3671899045287514
3750.0,0.0420654117152171,0.007559960738949,23.7725,-0.0579345882847828,monoamb,bajo,13.0,Colegiales,2,40.0,0.5551940334794394,1.3530949811140771,0.001811257462251,0.3242107629327673,0.3362126271488234,alta,0,2,1.6810080259884377,-0.5755051010294886,-0.3889285195898413,-0.3742282741932992
2840.909090909091,0.0504784940582605,0.0152719528867388,19.810416666666665,-0.0495215059417394,monoamb,bajo,13.0,Colegiales,2,44.0,0.5551940334794394,1.3530949811140771,0.001811257462251,0.3242107629327673,0.3362126271488234,alta,0,2,0.9580884179857764,-0.6629710413089404,-0.4829343141083512,-0.2362944423185087
2520.0,0.0550856581984986,0.0194951866819571,18.15354545454545,-0.0449143418015013,4+A,alto,2.0,Recoleta,2,150.0,0.7998081538158635,2.76193858332753,0.0014373274573867,1.0447534381885877,0.3343869191202226,media,0,1,-0.3447582525263008,0.1605787272818165,1.1856219605844438,1.3342129976444672
1587.9317189360856,0.0905235618702772,0.0519799317144208,11.04684768627451,-0.0094764381297227,3A,alto,1.0,Constitucion,2,50.38,0.4120620010844987,1.1128553079931385,0.0018408245339653,1.3599759089981835,0.497858621461092,media,0,1,-1.3126777355828012,-1.6849492626879303,0.8963319887075174,-0.34983535153168
2433.6283185840707,0.0663885556879038,0.0298561760472452,15.062837105555555,-0.0336114443120961,2A,alto,5.0,Boedo,1,31.64,0.4552289622468903,1.806276029312181,0.0013072260551381,0.7262366972989581,0.8153691824811038,alta,0,1,-0.5538292591066616,0.0569902426191203,0.6073137994233889,-0.6300204401701496
3789.4736842105262,0.0394438178083996,0.005156832991033,25.35251544,-0.0605561821916003,3A,medio,11.0,Villa Devoto,2,57.0,1.7573388724558912,5.251453440344805,0.0010693665978338,0.579459732816385,2.659087709873237,alta,0,3,0.6527358908908893,4.195878339194209,3.3498876400000595,-1.161229036640852
3080.477474008472,0.0567990976440955,0.0210658395070875,17.6059135,-0.0432009023559044,3A,alto,2.0,Recoleta,1,77.91,0.5416659726162784,1.988068514826552,0.0014373274573867,1.0447534381885877,0.3343869191202226,alta,0,1,-0.2047283638838428,-0.3185985885215914,0.7952629607054599,0.250953323392053
3225.8064516129034,0.0596390525263003,0.0236691314824419,16.76753666666667,-0.0403609474736996,3A,bajo,13.0,Belgrano,4,62.0,2.4721155634253384,2.4147061547619386,0.001811257462251,0.3242107629327673,0.3362126271488234,alta,0,2,1.6109596009025513,1.1572098566010978,-1.0040469326947326,-0.2148049130055102
3280.3180914512923,0.0559385052555486,0.0202769631509195,17.87677370769231,-0.0440614947444513,3A,alto,6.0,Caballito,2,60.36,0.7424918452479466,0.6798631663926282,0.0014709557236647,0.6815238874122538,0.2822013725531903,media,0,2,0.637278288975533,-0.7259794211667071,-0.3524834100686509,-0.0389605796535948
2223.019003226963,0.0687085858597929,0.0319828703714769,14.554221826666668,-0.031291414140207,monoamb,alto,5.0,Boedo,1,27.89,0.5407360470581852,1.6549905275088463,0.0013072260551381,0.7262366972989581,0.8153691824811038,alta,0,1,-0.7216791713734734,0.0200633038063396,0.4674816673221748,-0.6548303113813946
2549.019607843137,0.0800860723039711,0.0424122329453068,12.486565656565656,-0.0199139276960288,4+A,alto,2.0,Recoleta,1,102.0,1.020931695342783,2.420307367753791,0.0014373274573867,1.0447534381885877,0.3343869191202226,media,0,1,-0.7802883803728492,0.119575693725834,0.6446592281232477,0.6488079670118634
2550.9615384615386,0.0903780048159584,0.0518465044146286,11.06463903508772,-0.0096219951840415,4+A,bajo,14.0,Palermo,2,104.0,0.7304488787001667,0.8341492952636004,0.0020354411558041,0.3173293561387364,0.7185047022536231,alta,0,2,0.6468119189490935,-1.0723098130372286,-0.2773507303606269,0.6213370608648419
1804.878048780488,0.0863499795264966,0.0481541478992885,11.580778657777778,-0.0136500204735033,2A,bajo,15.0,Agronomia,2,41.0,1.2181447278866215,4.070978228578767,0.0016924644253836,0.3560200247570848,0.3145034612612011,alta,0,0,-0.3070538986488065,1.148546171349937,-0.0976004598747189,-0.4786897510868735
2706.312385772529,0.0557230129214565,0.0200794285113351,17.945906862745097,-0.0442769870785435,3A,bajo,14.0,Palermo,4,71.13,1.466130182989217,1.0015306027905324,0.0020354411558041,0.3173293561387364,0.7185047022536231,alta,0,2,1.493769230139146,-0.3893010001395681,-0.5164211388996638,-0.0863299143582825
2193.877551020408,0.0683570535600452,0.0316606324300414,14.629068222222225,-0.0316429464399547,monoamb,alto,5.0,Almagro,3,39.2,0.2670758830111516,2.0078018656492795,0.0013072260551381,0.7262366972989581,0.8153691824811038,media,0,1,-0.2529314607783366,-0.0832836818464898,0.8418282749813715,-0.8916588544509441
2008.7336244541489,0.0648250570938046,0.0284229690026543,15.426133733333335,-0.0351749429061953,2A,alto,5.0,Almagro,3,45.8,0.2670758830111516,2.0078018656492795,0.0013072260551381,0.7262366972989581,0.8153691824811038,alta,0,1,-0.3559422921355888,-0.0850818934302731,0.8643024290567483,-0.7424352932181144
2500.801538954793,0.0527030088716848,0.017311091465711,18.97424874611399,-0.0472969911283151,3A,alto,5.0,Almagro,3,62.38,0.2670758830111516,2.0078018656492795,0.0013072260551381,0.7262366972989581,0.8153691824811038,alta,0,1,0.1046529226640924,-0.0204017641267894,1.012724130063041,-0.4657470345493972
2294.481981981982,0.0658078526833152,0.0293238649597056,15.195754901960782,-0.0341921473166848,3A,bajo,14.0,Palermo,1,71.04,0.7172366462205676,0.8252642323741897,0.0020354411558041,0.3173293561387364,0.7185047022536231,alta,0,2,0.3905891495996602,-0.9507858966117954,-0.3474525397403884,0.3815170438330226
3780.168653678395,0.0425993232330716,0.0080493796303156,23.47455133333333,-0.0574006767669283,2A,bajo,15.0,Chacarita,3,34.39,0.9150039356758524,0.2769201801078206,0.0016924644253836,0.3560200247570848,0.3145034612612011,alta,0,2,1.856746148020813,-0.8114368565662767,-0.9481080445640792,-0.5360343662518144
2150.0,0.0838269330167778,0.0458413552653797,11.929340177575758,-0.0161730669832221,monoamb,bajo,15.0,Chacarita,1,26.0,0.4856887616583777,0.266156913202988,0.0016924644253836,0.3560200247570848,0.3145034612612011,alta,0,1,-0.141185545209928,-1.2829199840226917,-1.113278378212445,-0.3566138449558049
2000.0,0.1142436395796012,0.0737233362813011,8.753222531073446,0.0142436395796012,monoamb,alto,6.0,Caballito,1,22.0,1.6866700481476335,0.9115516796259628,0.0014709557236647,0.6815238874122538,0.2822013725531903,alta,0,1,-1.031311660989623,-0.1559549402202162,-1.2798103757502108,-0.5034160689625075
3000.0,0.0495340967826414,0.014406255384088,20.188114146666667,-0.0504659032173585,2A,bajo,15.0,Chacarita,4,43.0,0.4856887616583777,0.266156913202988,0.0016924644253836,0.3560200247570848,0.3145034612612011,alta,0,2,1.4913862456670568,-1.24366054395669,-0.7524434911881863,-0.5689620611522521
1663.8935108153078,0.0851986464661433,0.0470987592606313,11.737275666666669,-0.0148013535338566,2A,alto,6.0,Caballito,2,42.07,1.1046214790945283,0.4075176932457349,0.0014709557236647,0.6815238874122538,0.2822013725531903,alta,0,1,-0.7664670282627514,-0.8031190960989544,-0.9584963121820718,-0.2157801929486179
3526.803708182185,0.0447589872086362,0.0100290716079166,22.341881761950347,-0.0552410127913637,4+A,bajo,14.0,Palermo,4,99.24,0.4955077640486915,1.4807518798675283,0.0020354411558041,0.3173293561387364,0.7185047022536231,media,0,2,2.179366168258647,-0.7594441803036152,0.3856089012434605,0.1715461796824336
2741.774675972084,0.0774533149692211,0.0399988720551194,12.911003233333336,-0.0225466850307788,monoamb,alto,5.0,Almagro,1,20.06,0.716535713810176,1.5232798882014598,0.0013072260551381,0.7262366972989581,0.8153691824811038,alta,0,1,-0.4148528463744524,0.0803216926639485,0.3065805179838562,-0.8520797667281911
3291.808229520574,0.0537376783903426,0.0182595385244807,18.60891705696969,-0.0462623216096573,monoamb,medio,11.0,Villa Santa Rita,1,26.49,1.0534886671301142,2.1999713251989257,0.0010693665978338,0.579459732816385,2.659087709873237,alta,0,3,0.0387709300720841,2.075095677167345,2.3960731876287533,-1.3367344129461514
3954.140547674035,0.0426526390318614,0.008098252445873,23.445208144166667,-0.0573473609681385,2A,medio,11.0,Villa Santa Rita,1,30.31,1.0534886671301142,2.1999713251989257,0.0010693665978338,0.579459732816385,2.659087709873237,media,0,3,0.6079105398817447,2.153246437590256,2.50845591286964,-1.3012464852231906
4150.743099787685,0.0348638962521302,0.0009585715644527,28.682967410416666,-0.0651361037478697,3A,medio,11.0,Villa Santa Rita,1,47.1,1.0534886671301142,2.1999713251989257,0.0010693665978338,0.579459732816385,2.659087709873237,media,0,3,0.8204254976483051,2.184243506047441,2.616066135209516,-1.005215374061089
959.7407453570984,0.1576728197587717,0.1135334181122074,6.342247202339181,0.0576728197587717,4+A,bajo,15.0,Agronomia,1,80.23,0.7037522574977044,2.977744763973183,0.0016924644253836,0.3560200247570848,0.3145034612612011,media,0,1,-1.659127776994695,-0.0818593045928379,-0.4556059242769869,0.1822687445212158
3008.4612973989347,0.0443742950344496,0.0096764371149121,22.53556928,-0.0556257049655503,3A,medio,11.0,Villa Santa Rita,1,63.82,1.0534886671301142,2.1999713251989257,0.0010693665978338,0.579459732816385,2.659087709873237,alta,0,3,-0.0734237423699035,2.071740145707936,2.5443074099323506,-0.6286859290503093
2500.801538954793,0.0527030088716848,0.017311091465711,18.97424874611399,-0.0472969911283151,3A,alto,5.0,Almagro,3,62.38,0.2670758830111516,2.0078018656492795,0.0013072260551381,0.7262366972989581,0.8153691824811038,alta,0,1,0.1046529226640924,-0.0204017641267894,1.012724130063041,-0.4657470345493972
2335.555555555556,0.0526918365394796,0.0173008501611897,18.978271885641025,-0.0473081634605203,2A,medio,10.0,Monte Castro,2,45.0,1.7612204912400609,2.619949961129333,0.0007950753514594,0.4818638493693606,0.3093771634352494,alta,0,0,-0.4209870723987449,1.90044034605695,-0.6462444503156515,-0.2894856165639561
2224.137931034483,0.0858591010899118,0.0477041759990858,11.646988930769233,-0.0141408989100881,3A,alto,6.0,Caballito,1,58.0,1.177644789735092,0.6731837302207724,0.0014709557236647,0.6815238874122538,0.2822013725531903,media,0,1,-0.6138466440561113,-0.5471547216854192,-0.8325931658830155,0.1571203070910181
2008.7336244541489,0.0648250570938046,0.0284229690026543,15.426133733333335,-0.0351749429061953,2A,alto,5.0,Almagro,3,45.8,0.2670758830111516,2.0078018656492795,0.0013072260551381,0.7262366972989581,0.8153691824811038,alta,0,1,-0.3559422921355888,-0.0850818934302731,0.8643024290567483,-0.7424352932181144
2193.877551020408,0.0683570535600452,0.0316606324300414,14.629068222222225,-0.0316429464399547,monoamb,alto,5.0,Almagro,3,39.2,0.2670758830111516,2.0078018656492795,0.0013072260551381,0.7262366972989581,0.8153691824811038,media,0,1,-0.2529314607783366,-0.0832836818464898,0.8418282749813715,-0.8916588544509441
2951.2691946098403,0.0452342163345597,0.0104646983066797,22.107158718166662,-0.0547657836654402,3A,medio,11.0,Villa Santa Rita,1,63.82,1.0534886671301142,2.1999713251989257,0.0010693665978338,0.579459732816385,2.659087709873237,alta,0,3,-0.1216310619018975,2.065165319337356,2.536177461457951,-0.6257243369379853
1676.748582230624,0.0926907484101784,0.0539665193759969,10.788563229360967,-0.0073092515898215,3A,alto,2.0,Recoleta,1,52.9,1.2136004149793338,2.220155055763028,0.0014373274573867,1.0447534381885877,0.3343869191202226,media,0,1,-1.531509831690639,0.0816319133639575,0.1712545966033192,-0.0947979549531998
2877.60583194782,0.0605857041537019,0.0245368954742267,16.50554390625,-0.039414295846298,4+A,alto,6.0,Caballito,1,78.19,1.2126975098198427,0.5474928297113724,0.0014709557236647,0.6815238874122538,0.2822013725531903,media,0,2,0.0733161185345545,-0.4672285669719346,-0.6694059929065418,0.5488719642551315
1793.9007374925254,0.0780987592606313,0.0405905293222454,12.804300727272729,-0.0219012407393686,3A,alto,6.0,Caballito,1,50.17,1.1836050275239982,0.6804540913363544,0.0014709557236647,0.6815238874122538,0.2822013725531903,media,0,1,-0.8693070581541869,-0.5320540377584266,-0.8662499598803883,0.1086999521056227
3876.404494382022,0.0581196766643207,0.0222763702756273,17.20587686293672,-0.0418803233356792,monoamb,bajo,14.0,Palermo,5,35.6,0.7304488787001667,0.8341492952636004,0.0020354411558041,0.3173293561387364,0.7185047022536231,alta,0,2,2.5629223429661745,-0.964660421684776,-0.193183943179558,-1.105955685801589
3760.83630800612,0.0598897387131905,0.0238989271537579,16.69735119047619,-0.0401102612868094,3A,bajo,14.0,Palermo,2,78.44,0.7172366462205676,0.8252642323741897,0.0020354411558041,0.3173293561387364,0.7185047022536231,alta,0,2,1.7500374228995923,-0.8880611681761008,-0.1449743695675807,0.1772510127046668
1788.864388092613,0.0945586826649661,0.0556787924428856,10.575443436993844,-0.0054413173350338,2A,alto,1.0,San Nicolas,2,36.28,0.5480105983382985,2.0487127995150827,0.0018408245339653,1.3599759089981835,0.497858621461092,alta,0,1,-1.2426446095863206,-1.0935666319736723,1.1080532503878624,-0.6911906464253625
2193.548387096774,0.0689106699358512,0.0321681141078636,14.511540824242424,-0.0310893300641487,monoamb,medio,11.0,Villa Santa Rita,1,31.0,1.1236868137335685,2.2990378407760663,0.0010693665978338,0.579459732816385,2.659087709873237,alta,0,3,-0.8783807913106524,2.0532324796524244,2.2594504895459417,-1.1963487097358216
4187.631027253669,0.0693105384267749,0.0325346602245436,14.427820396410258,-0.030689461573225,monoamb,bajo,14.0,Palermo,4,19.08,0.4916302501357701,1.4397187645511025,0.0020354411558041,0.3173293561387364,0.7185047022536231,alta,0,2,2.4249653484004217,-0.7896134203922756,0.0414402109814665,-1.3714719754493143
1892.6315789473683,0.0947704632548868,0.0558729246503129,10.551810824333334,-0.0052295367451131,3A,medio,12.0,Villa Pueyrredon,2,47.5,2.809186112698147,4.24943665780427,0.0016590377581003,0.4997101681025006,0.2333980703538691,media,0,0,-0.4975713341252806,2.263867590357751,-0.7819575758429806,-0.2155467085404871
2497.5,0.0767555373568858,0.0393592425771453,13.02837599,-0.0232444626431141,2A,bajo,14.0,Palermo,1,40.0,0.4526363458127196,1.0832145856568685,0.0020354411558041,0.3173293561387364,0.7185047022536231,alta,0,2,0.4278818777863923,-1.0159971164226027,-0.2524549714532281,-0.2745643300034681
3459.1525601934604,0.0414339922023797,0.006981159518848,24.134773089583334,-0.0585660077976202,3A,alto,2.0,Recoleta,2,95.11,1.2399634757617015,1.860613855090104,0.0014373274573867,1.0447534381885877,0.3343869191202226,alta,0,2,0.4445882114616069,0.1410921966177658,0.562215117471147,0.4866872510915884
2000.0,0.0855567695902722,0.0474270387910828,11.688145833333332,-0.0144432304097278,3A,bajo,15.0,Paternal,1,59.0,1.5745896134195931,1.490877830388911,0.0016924644253836,0.3560200247570848,0.3145034612612011,alta,0,0,-0.3013633255328771,0.1023696480425784,-1.1571263331605297,0.2569248131073485
2883.406455656534,0.0462988313522752,0.0114405954062522,21.598817309043334,-0.0537011686477247,3A,medio,11.0,Villa Santa Rita,1,63.82,1.0534886671301142,2.1999713251989257,0.0010693665978338,0.579459732816385,2.659087709873237,alta,0,3,-0.1791799204413143,2.0572015941110795,2.526355518394145,-0.6224032606901405
2250.0,0.1041316790141751,0.0644540390963272,9.603225545454546,0.0041316790141751,monoamb,bajo,15.0,Chacarita,2,20.0,0.4856887616583777,0.266156913202988,0.0016924644253836,0.3560200247570848,0.3145034612612011,alta,0,2,0.0149153437625957,-1.390649851106212,-1.1758186955965515,-0.7424601980994373
2968.270214943705,0.0587576872180298,0.022861213283194,17.019049716666668,-0.0412423127819701,3A,medio,12.0,Saavedra,1,48.85,1.9868887116861595,3.0385615190072746,0.0016590377581003,0.4997101681025006,0.2333980703538691,media,0,0,0.3719571021408764,1.281129707324968,-0.5706526236532151,0.0134840181616957
2555.5333333333333,0.0555648178241615,0.0199344163388147,17.996999525213333,-0.0444351821758384,2A,bajo,15.0,Villa Crespo,2,45.0,0.3224973809586275,0.9825437696266212,0.0016924644253836,0.3560200247570848,0.3145034612612011,alta,0,2,0.6049720047285803,-0.9505750648834724,-0.5250325470646182,-0.2243085078430003
1357.142857142857,0.2242069643845876,0.174523050685872,4.460164753333333,0.1242069643845876,monoamb,alto,1.0,Retiro,2,14.0,0.5204701654207161,2.219018913588928,0.0018408245339653,1.3599759089981835,0.497858621461092,alta,0,1,-2.590904187497911,-1.5129266968697304,0.5544983484661941,-1.6026013728108837
2624.266748996604,0.0501168508624372,0.0149404466239008,19.953368633333337,-0.0498831491375627,monoamb,alto,1.0,San Nicolas,5,32.39,0.167287950526813,1.3246722682785956,0.0018408245339653,1.3599759089981835,0.497858621461092,alta,0,2,0.4784604062448001,-1.6571012720274565,1.3769960488203528,-1.202385467015095
1521.7391304347825,0.0867200508673244,0.048493379961714,11.5313585497076,-0.0132799491326755,4+A,bajo,15.0,Villa Ortuzar,1,92.0,0.4208759607991338,0.7848497102251172,0.0016924644253836,0.3560200247570848,0.3145034612612011,media,0,1,-0.6035043814821236,-1.1430429577818502,-0.718690891062602,0.7728144955601068
2000.0,0.065835317723838,0.0293490412468515,15.189415568627451,-0.0341646822761619,3A,alto,1.0,San Telmo,1,55.0,1.050826059038587,0.9582729079939564,0.0018408245339653,1.3599759089981835,0.497858621461092,media,0,1,-1.0633423998470153,-1.153621162563438,0.617292667815382,0.0705603104221935
3249.2222606291048,0.0589139576627586,0.0230044611908621,16.973906348717946,-0.0410860423372413,monoamb,bajo,14.0,Palermo,4,28.93,0.8924461529197129,0.6433381605494822,0.0020354411558041,0.3173293561387364,0.7185047022536231,alta,0,2,1.8582739617336563,-0.9426270400518248,-0.4580865489307371,-0.9275445281278276
2133.333333333333,0.0678926714027079,0.0312349487858156,14.729130248366015,-0.032107328597292,monoamb,bajo,7.0,Flores,1,30.0,2.647470680864761,0.4566606881470081,0.0007389240721516,0.4306612690454279,0.2791624172439522,alta,0,0,-0.854719908946491,1.4677493492649163,-2.1666319938760057,-0.0930991565310653
2297.297297297297,0.0425993232330716,0.0080493796303156,23.47455133333333,-0.0574006767669283,3A,medio,10.0,Monte Castro,2,74.0,2.8173574584723955,3.2318980942845688,0.0007950753514594,0.4818638493693606,0.3093771634352494,media,0,0,-0.3860699891722248,2.9942984339524386,-0.8500200458106815,0.3419118474325937
2376.190476190476,0.0853693852366165,0.0472552698002318,11.713801115333334,-0.0146306147633834,monoamb,alto,1.0,Monserrat,2,21.0,0.4790518806940473,2.03104316165028,0.0018408245339653,1.3599759089981835,0.497858621461092,alta,0,1,-0.7516147242191126,-1.074814020241368,1.168369198087637,-0.9873083897054222
1363.6363636363635,0.1135981952881911,0.0731316790141751,8.80295675,0.013598195288191,3A,alto,5.0,Boedo,1,44.0,0.5999235583849603,1.7873662776382395,0.0013072260551381,0.7262366972989581,0.8153691824811038,media,0,1,-1.693873573398892,-0.0933256663660105,0.2925959442870286,-0.4794388485538609
2332.21041720653,0.0701090195253619,0.0332666012315817,14.2635,-0.029890980474638,monoamb,bajo,13.0,Belgrano,1,38.59,1.3184720851566305,2.14537823726466,0.001811257462251,0.3242107629327673,0.3362126271488234,alta,0,2,0.1500511833501029,0.2402716668141242,-0.7776743802045013,-0.1346916319764156
2093.619003260364,0.0805548937666538,0.042841985952766,12.413895087450982,-0.0194451062333461,2A,bajo,13.0,Belgrano,1,42.94,0.5194872638023378,1.1769369904173914,0.001811257462251,0.3242107629327673,0.3362126271488234,alta,0,2,-0.059347013224916,-0.8923226342637991,-0.742642254656554,-0.1041015289314425
3466.6666666666665,0.0327687101792858,-0.0009620156689879,30.516916733333336,-0.0672312898207141,3A,medio,11.0,Villa Devoto,4,75.0,0.7278864263678773,4.427200509298559,0.0010693665978338,0.579459732816385,2.659087709873237,alta,0,3,1.012512752930633,2.938674629344652,3.731894417866272,-1.2246792814442935
2245.2830188679245,0.0590662885164439,0.0231440978067402,16.93013096161616,-0.0409337114835561,3A,alto,6.0,Caballito,2,53.0,1.2140006405703625,0.9667592860370297,0.0014709557236647,0.6815238874122538,0.2822013725531903,media,0,1,-0.1562243193973122,-0.3081096128511895,-0.6261194953583766,-0.0168973312364179
4236.111111111111,0.0412026241106758,0.0067690721014528,24.27029883615819,-0.0587973758893241,2A,bajo,14.0,Palermo,4,72.0,0.4101037919291631,1.3982174261679086,0.0020354411558041,0.3173293561387364,0.7185047022536231,media,0,2,2.710888033929294,-0.793061165592685,0.3761853954661523,-0.3633066122811765
3248.935693479722,0.0440682654135224,0.0093959099623955,22.69206628888889,-0.0559317345864776,2A,medio,12.0,Villa Urquiza,5,44.63,0.7275476530974636,2.0954267476110555,0.0016590377581003,0.4997101681025006,0.2333980703538691,alta,0,2,1.7189479622852322,-0.2100628378318353,-0.0445471908101541,-0.8513180170946949
1975.0,0.0749855935289993,0.0377367940682493,13.335894975789824,-0.0250144064710006,3A,bajo,15.0,Chacarita,2,80.0,0.0325945376683408,0.658176392944979,0.0016924644253836,0.3560200247570848,0.3145034612612011,media,0,2,0.0649122173113428,-1.4528037474789663,-0.4848478770790788,0.3418621650266333
2290.0763358778627,0.0555643346518326,0.0199339734308465,17.99715602222222,-0.0444356653481674,monoamb,medio,9.0,Liniers,1,30.13,5.045531626377395,2.6303363643861024,0.0005686137567445,0.5253496665574764,0.3428690900660959,media,0,0,-0.977417253471055,4.54760995322293,-2.4227462533368094,0.0221704892188682
2279.716162811817,0.0658716612024005,0.0293823561022004,15.181035087719298,-0.0341283387975994,4+A,bajo,14.0,Palermo,1,159.669,0.7172366462205676,0.8252642323741897,0.0020354411558041,0.3173293561387364,0.7185047022536231,alta,0,2,0.4262483145183562,-1.0010861736338206,-0.0293750598334948,1.8880658297602169
2392.8571428571427,0.0635810794523457,0.0272826561646502,15.727949393333336,-0.0364189205476542,monoamb,alto,3.0,Balvanera,4,28.0,0.0221705729683254,2.332461766046959,0.0010344625327268,0.9331491918927998,0.3306390495886265,alta,0,1,-0.2442369909569043,-0.1423851588597827,0.8209208997358789,-1.242287832903901
1548.848292295473,0.111413614609572,0.071129146725441,8.97556374509804,0.011413614609572,monoamb,bajo,7.0,Flores,1,25.18,2.8449040728199324,0.5788921900284681,0.0007389240721516,0.4306612690454279,0.2791624172439522,alta,0,0,-1.628722649689999,1.481029260319778,-2.4662768884729744,-0.2799856370778944
2017.3805090006208,0.0655374203585717,0.0290759686620241,15.258458366666668,-0.0344625796414282,2A,bajo,15.0,Parque Chas,1,64.44,0.569045465896603,1.121449099162885,0.0016924644253836,0.3560200247570848,0.3145034612612011,media,0,1,-0.1065159995388891,-0.7385545316410105,-0.6520535636950631,0.3305446796542928
2723.7354085603115,0.0669417936519697,0.0303633108476389,14.93835084848485,-0.0330582063480302,monoamb,medio,11.0,Villa Gral. Mitre,4,25.7,1.8888801512101627,1.316655130211876,0.0010693665978338,0.579459732816385,2.659087709873237,alta,0,3,0.2877396642256496,2.0011953336040578,1.625871760347255,-1.705026019389282
3173.1640979147783,0.0456421320354339,0.010838621032481,21.90958124444445,-0.054357867964566,2A,bajo,15.0,Paternal,4,44.12,1.5670382739963034,1.4489054248080897,0.0016924644253836,0.3560200247570848,0.3145034612612011,alta,0,2,1.5943819807247384,0.1719309394194815,-0.8732475598230017,-0.507686996611796
1936.734693877551,0.0673329661218203,0.0307218856116686,14.851566143555557,-0.0326670338781796,2A,medio,12.0,Villa Pueyrredon,1,49.0,2.3774770862555843,3.725132383241181,0.0016590377581003,0.4997101681025006,0.2333980703538691,alta,0,0,-0.4722244836960234,1.8260634137440848,-0.6524257313540122,0.0942792469267217
1985.7142857142856,0.0796821873424361,0.0420420050638998,12.549856289743593,-0.0203178126575638,monoamb,bajo,14.0,Palermo,1,35.0,1.018191493295664,0.5587297553641688,0.0020354411558041,0.3173293561387364,0.7185047022536231,alta,0,2,0.0464210737945288,-0.9241391017056108,-0.8137628403128392,-0.1918205412069653
2512.8205128205127,0.0565093063295848,0.0208001974687861,17.696200235897436,-0.0434906936704151,2A,medio,10.0,Villa Luro,7,39.0,3.0858969626952093,1.6542575215666644,0.0007950753514594,0.4818638493693606,0.3093771634352494,alta,0,0,0.9304696266746132,2.1301292547987005,-1.5647627500338184,-1.0872794724899588
4934.210526315789,0.031969712903565,-0.0016944298383987,31.27960526315789,-0.0680302870964349,4+A,bajo,14.0,Palermo,3,152.0,1.1545685703625932,1.1007842593820825,0.0020354411558041,0.3173293561387364,0.7185047022536231,alta,0,2,3.0906864924930444,-0.3421378484932249,0.2239070210523536,1.2624599029715615
3084.954912197437,0.0524299362868574,0.0170607749296193,19.07307295833333,-0.0475700637131425,3A,alto,2.0,Recoleta,2,63.21,0.879527326738403,2.580086317253387,0.0014373274573867,1.0447534381885877,0.3343869191202226,media,0,1,0.0459535295159752,0.2142746591073055,0.8223434903619908,-0.1683058327825807
1810.8108108108108,0.0953723338298517,0.0564246393440307,10.48522102629933,-0.0046276661701483,2A,alto,2.0,Recoleta,1,37.0,0.2224012577485324,3.289513932635149,0.0014373274573867,1.0447534381885877,0.3343869191202226,alta,0,1,-1.4960068031887257,-0.061499507649088,1.025789516360092,-0.6158445275680715
2470.439189189189,0.0517017427273177,0.0163932641667079,19.3417077887324,-0.0482982572726822,2A,bajo,7.0,Flores,3,47.36,2.070492301161292,0.3604984160305082,0.0007389240721516,0.4306612690454279,0.2791624172439522,alta,0,0,0.0264987353453424,0.9894257789559922,-1.6760573805502246,-0.2039677978314601
3261.486103233125,0.044451467721466,0.0097471787446772,22.49644502777777,-0.0555485322785339,2A,medio,9.0,Mataderos,2,35.26,4.714750967946544,1.4898448341474384,0.0005686137567445,0.5253496665574764,0.3428690900660959,media,0,0,0.1086545119003128,3.768386013926683,-2.47984589131094,-0.0880945474744901
5026.809651474531,0.0408953503037487,0.006487404445103,24.45265763888889,-0.0591046496962512,2A,bajo,14.0,Palermo,4,37.3,0.4482367707352732,0.7911845912047906,0.0020354411558041,0.3173293561387364,0.7185047022536231,alta,0,2,3.290782618707558,-1.0153132023354698,0.0803081005065858,-0.9876799717101004
4572.121212121212,0.0367040828492796,0.0026454092785063,27.24492542441025,-0.0632959171507203,monoamb,bajo,14.0,Palermo,5,33.0,0.7983786613233831,0.5841436420856639,0.0020354411558041,0.3173293561387364,0.7185047022536231,alta,0,2,3.2428192894075933,-0.9251485763134848,-0.1859284317445819,-1.1080967526579502
4368.865598027127,0.0498637453124796,0.0147084332031062,20.054650803571427,-0.0501362546875204,3A,bajo,14.0,Palermo,5,81.1,0.7983786613233831,0.5841436420856639,0.0020354411558041,0.3173293561387364,0.7185047022536231,alta,0,2,3.01764930222772,-1.0122385723437164,-0.081385713480644,-0.3248206889085598
4449.393939393939,0.037716488594288,0.0035734478780973,26.513602863641022,-0.0622835114057119,monoamb,bajo,14.0,Palermo,5,33.0,0.7983786613233831,0.5841436420856639,0.0020354411558041,0.3173293561387364,0.7185047022536231,alta,0,2,3.145907572883597,-0.93620467694888,-0.2000779396605121,-1.0981077283080916
1210.15625,0.1222042302895269,0.0810205444320663,8.183022777777778,0.0222042302895269,4+A,alto,1.0,San Nicolas,1,128.0,0.3821373597442125,1.514715251415508,0.0018408245339653,1.3599759089981835,0.497858621461092,alta,0,1,-2.0551315297248456,-1.6355186580476966,1.1480054065592027,1.020105715595222
5136.136363636364,0.0339301658566879,0.0001026520352972,29.472299199,-0.0660698341433121,2A,bajo,14.0,Palermo,5,44.0,0.7983786613233831,0.5841436420856639,0.0020354411558041,0.3173293561387364,0.7185047022536231,alta,0,2,3.679268788131136,-0.8873285743190844,-0.0886773304491585,-0.975398554276489
2500.0,0.0527861179192409,0.0173872747593042,18.94437476023392,-0.047213882080759,4+A,bajo,15.0,Chacarita,2,92.0,0.9639937082319676,0.463089147821925,0.0016924644253836,0.3560200247570848,0.3145034612612011,media,0,2,0.62570387607949,-0.7824056793568197,-0.8773135467409267,0.7226228496884304
2045.243259993802,0.0774533149692212,0.0399988720551194,12.911003233333334,-0.0225466850307788,2A,alto,5.0,Almagro,1,32.27,0.2766740714201826,1.889560107382316,0.0013072260551381,0.7262366972989581,0.8153691824811038,alta,0,1,-0.9235381134806472,-0.0913540197546844,0.658789775743688,-0.6530544745961122
2454.642475987193,0.0518600456750437,0.0165383752021234,19.282667166666663,-0.0481399543249562,2A,alto,6.0,Caballito,2,46.85,0.1094303079530066,1.2470530856827198,0.0014709557236647,0.6815238874122538,0.2822013725531903,alta,0,1,0.0473776802156413,-0.9093624844202424,0.0874170683846653,-0.2867051142715137
2735.849056603773,0.0587576872180298,0.022861213283194,17.019049716666668,-0.0412423127819701,3A,medio,12.0,Villa Pueyrredon,1,53.0,1.734485199012376,3.1649060439656056,0.0016590377581003,0.4997101681025006,0.2333980703538691,media,0,0,0.2029751300539592,1.1504014339599835,-0.3949869441346157,0.0666256288078506
2140.569694926681,0.0586998548487208,0.022808200277994,17.03581725333333,-0.0413001451512792,3A,alto,3.0,Balvanera,1,59.33,0.2224702267714438,3.254274038151656,0.0010344625327268,0.9331491918927998,0.3306390495886265,media,0,1,-1.1470849283395466,0.5959019482762414,1.0613263245543636,-0.1593260241637682
1629.2134831460671,0.0646334559398328,0.0282473346115134,15.47186337878788,-0.0353665440601671,4+A,bajo,7.0,Flores,1,89.0,2.786819594857343,0.7129654908330558,0.0007389240721516,0.4306612690454279,0.2791624172439522,media,0,0,-1.174240394989604,1.65040178550748,-1.9654555816052024,0.9793374001853784
2352.9411764705883,0.0532491540413395,0.0178117245378946,18.779641066666667,-0.0467508459586604,2A,bajo,15.0,Paternal,2,51.0,1.5670382739963034,1.4489054248080897,0.0016924644253836,0.3560200247570848,0.3145034612612011,alta,0,2,0.4515221462646928,0.1763873082690489,-1.008715444814248,0.0394958335514138
2000.0,0.0730274112566942,0.0359417936519697,13.693488277777776,-0.0269725887433057,monoamb,alto,1.0,Constitucion,2,42.0,0.1696984428520596,1.1965222099927126,0.0018408245339653,1.3599759089981835,0.497858621461092,alta,0,1,-0.8822638665815966,-1.7211454362150045,1.1287157212877696,-0.503841804290372
2513.396844298898,0.0504581856477011,0.015253336843726,19.818389963166663,-0.0495418143522989,3A,medio,11.0,Villa Santa Rita,1,67.18,1.0534886671301142,2.1999713251989257,0.0010693665978338,0.579459732816385,2.659087709873237,alta,0,3,-0.4782684263424571,2.017946482049188,2.491429173440941,-0.5400580773218073
2700.1553277415346,0.0490109335616001,0.0139266890981335,20.403610527906668,-0.0509890664383998,3A,medio,11.0,Villa Santa Rita,1,64.38,1.0534886671301142,2.1999713251989257,0.0010693665978338,0.579459732816385,2.659087709873237,alta,0,3,-0.3330075181418915,2.035982551984262,2.502496127220777,-0.6032155474476144
800.0,0.1183089704490482,0.0774498895782942,8.452444444444444,0.0183089704490482,4+A,alto,1.0,San Nicolas,1,200.0,0.6992118091541321,1.841712422263716,0.0018408245339653,1.3599759089981835,0.497858621461092,alta,0,1,-2.298814128689051,-1.2880557867462783,1.3367202340417617,2.322990416291243
3243.243243243244,0.0603490412468515,0.0243199544762805,16.570271529411766,-0.0396509587531484,2A,bajo,13.0,Colegiales,3,37.0,0.4424741798483734,0.944983381076736,0.001811257462251,0.3242107629327673,0.3362126271488234,alta,0,2,1.431065991670272,-1.0077138231228142,-0.5684903287150491,-0.6097968081777663
2257.1428571428573,0.0647078327590962,0.0283155133625048,15.454079627777777,-0.0352921672409038,2A,alto,2.0,Recoleta,1,35.0,0.7716584020240411,2.37456011988781,0.0014373274573867,1.0447534381885877,0.3343869191202226,alta,0,1,-0.9028443031851774,-0.0065597301313064,0.5565633950207595,-0.417294338491346
1292.9919834497025,0.1226860509112463,0.0814622133353091,8.15088587962963,0.0226860509112463,monoamb,alto,1.0,Constitucion,2,38.67,0.159215650095742,0.8043247034209081,0.0018408245339653,1.3599759089981835,0.497858621461092,alta,0,1,-1.771287879764295,-2.156082501303418,0.727154942365747,-0.6623597030911458
3779.0697674418607,0.0446540524361536,0.0099328813998074,22.394384057971013,-0.0553459475638464,3A,bajo,13.0,Colegiales,5,86.0,0.4817265189233291,1.379930535643047,0.001811257462251,0.3242107629327673,0.3362126271488234,alta,0,2,2.4440010184737533,-0.775177066941531,-0.0885342509411065,-0.1707955269427238
800.0,0.1183089704490482,0.0774498895782942,8.452444444444444,0.0183089704490482,4+A,alto,1.0,San Nicolas,1,200.0,0.6992118091541321,1.841712422263716,0.0018408245339653,1.3599759089981835,0.497858621461092,alta,0,1,-2.298814128689051,-1.2880557867462783,1.3367202340417617,2.322990416291243
2186.4406779661017,0.0627431892580125,0.0265145901531781,15.937984852631578,-0.0372568107419874,3A,alto,1.0,Constitucion,2,59.0,0.1696984428520596,1.1965222099927126,0.0018408245339653,1.3599759089981835,0.497858621461092,alta,0,1,-0.6574233252861901,-1.6817266738716723,1.2461198751409626,-0.1921640194606023
3864.130434782609,0.0449359949715945,0.0101913287239616,22.253874664,-0.0550640050284054,2A,medio,12.0,Saavedra,3,36.8,2.784410592104377,3.8371203876300495,0.0016590377581003,0.4997101681025006,0.2333980703538691,alta,0,0,1.5788871724182407,2.294634520497336,-0.5633265349776041,-0.5634019800464156
3593.0232558139537,0.0413585662457006,0.0069120190585589,24.17878787333333,-0.0586414337542993,2A,medio,12.0,Saavedra,3,43.0,2.784410592104377,3.8371203876300495,0.0016590377581003,0.4997101681025006,0.2333980703538691,alta,0,0,1.4137046450900914,2.288079755649503,-0.5492190685278759,-0.4106823614450717
2586.206896551724,0.0500809248044713,0.0149075144040987,19.96768238414634,-0.0499190751955286,3A,alto,3.0,Balvanera,2,53.94,0.3282343983420167,2.4081625643638604,0.0010344625327268,0.9331491918927998,0.3306390495886265,media,0,1,-0.482031073730555,0.2480064334394281,0.7851345094963622,-0.3635387741839154
4260.606060606061,0.0393877099594545,0.0051054007961667,25.388630134358976,-0.0606122900405454,monoamb,bajo,14.0,Palermo,4,33.0,0.3543515082624076,0.9880184516978024,0.0020354411558041,0.3173293561387364,0.7185047022536231,alta,0,2,2.7382350814452714,-1.0175498276466106,0.1279267599519904,-0.993430151387774
1949.1525423728813,0.0703814905589879,0.0335163663457389,14.20828107017544,-0.029618509441012,3A,alto,1.0,Constitucion,2,59.0,0.1696984428520596,1.1965222099927126,0.0018408245339653,1.3599759089981835,0.497858621461092,alta,0,1,-0.8893737459076768,-1.7239246718968395,1.1962787226228986,-0.1976358997589098
4990.697674418605,0.0357310260109641,0.0017534405100504,27.98688175629629,-0.0642689739890358,2A,bajo,14.0,Palermo,4,43.0,0.3543515082624076,0.9880184516978024,0.0020354411558041,0.3173293561387364,0.7185047022536231,alta,0,2,3.301475098510601,-0.9659994294738448,0.2387913326655893,-0.8933569982622818
5178.571428571428,0.0381924966917194,0.0040097886340761,26.183153410256413,-0.0618075033082805,monoamb,bajo,14.0,Palermo,4,28.0,0.3543515082624076,0.9880184516978024,0.0020354411558041,0.3173293561387364,0.7185047022536231,alta,0,2,3.410423240361645,-0.9554527518513574,0.1904936478248506,-1.1808787967738372
4473.529411764706,0.0364096779769843,0.0023755381455689,27.46522506,-0.0635903220230156,monoamb,bajo,14.0,Palermo,4,34.0,0.3543515082624076,0.9880184516978024,0.0020354411558041,0.3173293561387364,0.7185047022536231,alta,0,2,2.916484263138847,-0.9944458543591644,0.1609154164451354,-0.9884487882629824
1705.0298380221652,0.1277979696992149,0.086148138890947,7.824850444444445,0.0277979696992149,2A,alto,5.0,Boedo,1,23.46,0.5999235583849603,1.7873662776382395,0.0013072260551381,0.7262366972989581,0.8153691824811038,alta,0,1,-1.5686710922919038,-0.1135395286198475,0.190553505581949,-0.9302748340544282
2400.0,0.0532491540413395,0.0178117245378946,18.77964106666667,-0.0467508459586604,monoamb,medio,9.0,Parque Avellaneda,1,30.0,2.895994493754454,0.7409636278776033,0.0005686137567445,0.5253496665574764,0.3428690900660959,media,0,0,-0.7904131529641948,2.037815685066131,-1.932700325985076,-0.1124658627421102
2285.002077274616,0.0619626519753769,0.0257990976440955,16.13875404166667,-0.038037348024623,3A,alto,5.0,Boedo,2,48.14,0.2578445686429306,1.6705154050503686,0.0013072260551381,0.7262366972989581,0.8153691824811038,media,0,1,-0.3652474473685709,-0.1995992060528347,0.7600820844281836,-0.5117784757732088
2387.5114784205693,0.0546145169654764,0.0190633072183534,18.310150040000003,-0.0453854830345235,monoamb,alto,1.0,San Nicolas,2,32.67,0.9013425570013603,1.5081589172470933,0.0018408245339653,1.3599759089981835,0.497858621461092,alta,0,1,-0.4796380627170783,-0.9390877107077544,0.9207579983531158,-0.555333767964974
3636.3333333333335,0.0461496514162561,0.011303847131568,21.66863604191282,-0.0538503485837439,monoamb,bajo,14.0,Palermo,1,33.0,0.3724574990270983,1.750658962492902,0.0020354411558041,0.3173293561387364,0.7185047022536231,alta,0,2,1.4653264158112134,-0.5403200109590796,0.2189249904883766,-0.46071580515313
5093.347193347193,0.0312987394667247,-0.0023094888221689,31.950168506407408,-0.0687012605332752,2A,bajo,14.0,Palermo,5,48.1,0.7983786613233831,0.5841436420856639,0.0020354411558041,0.3173293561387364,0.7185047022536231,alta,0,2,3.671065740288368,-0.8825200712232023,-0.0670164552967907,-0.889269046759884
2250.0,0.0828320173976393,0.0449293492811693,12.0726264,-0.0171679826023606,2A,medio,12.0,Saavedra,1,32.0,2.213183634547087,3.197029165872549,0.0016590377581003,0.4997101681025006,0.2333980703538691,media,0,0,-0.3544089489411858,1.403935282063128,-0.850218856939416,-0.276323839756742
2563.6974789915967,0.0642313120729413,0.0278787027335296,15.568730697333336,-0.0357686879270586,monoamb,bajo,7.0,Parque Chacabuco,8,35.7,0.2831548891511136,1.05689797112367,0.0007389240721516,0.4306612690454279,0.2791624172439522,media,0,2,1.2086042627131244,-0.1720930108157621,-0.4009008782266842,-1.684927357891777
3333.333333333333,0.0596390525263003,0.0236691314824419,16.767536666666665,-0.0403609474736996,monoamb,bajo,13.0,Belgrano,3,27.0,1.3406111179678917,2.237547118674054,0.001811257462251,0.3242107629327673,0.3362126271488234,alta,0,2,1.4403553735862191,0.3237527126754891,-0.611782809422434,-0.7754062037508384
3508.196721311476,0.0358312064577238,0.0018452725862468,27.908633251851853,-0.0641687935422761,3A,bajo,7.0,Flores,1,61.0,2.159485781679592,1.4264167944393908,0.0007389240721516,0.4306612690454279,0.2791624172439522,alta,0,0,0.3772857149326405,1.8080886971068788,-1.2072041817333312,0.2643349805768311
4856.962962962963,0.0327187542508819,-0.0010078086033582,30.56351083333333,-0.0672812457491181,3A,bajo,14.0,Palermo,1,67.5,0.7983786613233831,0.5841436420856639,0.0020354411558041,0.3173293561387364,0.7185047022536231,alta,0,2,2.514400605736429,-0.742143825151363,-0.1469867744849781,0.1962444809585778
2193.2203389830506,0.0625492381320217,0.0263368016210199,15.987404960701754,-0.0374507618679782,3A,alto,1.0,Constitucion,2,59.0,0.1696984428520596,1.1965222099927126,0.0018408245339653,1.3599759089981835,0.497858621461092,alta,0,1,-0.6509867341900814,-1.6806100300608158,1.2474477888655513,-0.1921136386733115
2940.217391304348,0.0447253523038534,0.0099982396118656,22.35868357629108,-0.0552746476961465,2A,bajo,7.0,Flores,1,46.0,2.159485781679592,1.4264167944393908,0.0007389240721516,0.4306612690454279,0.2791624172439522,alta,0,0,-0.1121757616900962,1.749819271055184,-1.3434274336714862,0.0374720740365692
2618.181818181818,0.0414160086988196,0.0069646746405846,24.1452528,-0.0585839913011803,2A,alto,6.0,Caballito,1,55.0,1.2916513081151144,0.4859292446793137,0.0014709557236647,0.6815238874122538,0.2822013725531903,alta,0,2,0.0250839603751574,-0.3753240747390119,-0.762743177560895,0.2849655493925957
4240.937114673243,0.0513678924242344,0.0160872347222149,19.46741345238095,-0.0486321075757655,3A,bajo,14.0,Palermo,5,81.1,0.7983786613233831,0.5841436420856639,0.0020354411558041,0.3173293561387364,0.7185047022536231,alta,0,2,2.913108597478799,-1.0254083050910583,-0.0979112789146839,-0.3163665701502413
3618.4615384615386,0.0326015228824528,-0.0011152706910849,30.673413742222223,-0.0673984771175472,3A,bajo,7.0,Flores,1,65.0,2.159485781679592,1.4264167944393908,0.0007389240721516,0.4306612690454279,0.2791624172439522,alta,0,0,0.4846763472628657,1.8243059596751177,-1.170887155134291,0.3334105218345922
824.6346555323591,0.1552987986218308,0.1113572320700116,6.439199844907407,0.0552987986218308,3A,alto,1.0,Constitucion,1,95.8,0.4303554694622022,1.2007166260763862,0.0018408245339653,1.3599759089981835,0.497858621461092,alta,0,1,-2.599838443792905,-1.8916278667030315,0.7310919109387175,0.4071438900287318
1954.677966101695,0.0701825383199245,0.0333339934599308,14.248558458252631,-0.0298174616800754,3A,alto,1.0,Constitucion,2,59.0,0.1696984428520596,1.1965222099927126,0.0018408245339653,1.3599759089981835,0.497858621461092,alta,0,1,-0.8838071375106066,-1.722864766171927,1.1975227751345954,-0.1974164733031973
1395.230847285642,0.11157924554466,0.071280975082605,8.962240200842242,0.01157924554466,2A,alto,1.0,San Nicolas,2,39.42,0.183708277273183,2.8040076294239973,0.0018408245339653,1.3599759089981835,0.497858621461092,alta,0,1,-1.6854363269512178,-1.0471182205615508,1.4839352821212353,-0.778683684219515
1375.0,0.1115327735556785,0.0712383757593719,8.965974467592593,0.0115327735556785,monoamb,alto,1.0,San Nicolas,2,40.0,0.183708277273183,2.8040076294239973,0.0018408245339653,1.3599759089981835,0.497858621461092,alta,0,1,-1.6994307872474426,-1.0484805987761576,1.4845384401058477,-0.7662566371988111
1547.6190476190477,0.0851986464661433,0.0470987592606313,11.737275666666669,-0.0148013535338566,2A,alto,3.0,San Cristobal,2,42.0,0.5589970904452881,1.3297684641347454,0.0010344625327268,0.9331491918927998,0.3306390495886265,alta,0,1,-1.477930551710528,-0.3347480276944081,0.0086162316883049,-0.475530945000308
4847.878787878788,0.0346162771615159,0.0007315873980562,28.88814401774359,-0.065383722838484,monoamb,bajo,14.0,Palermo,4,33.0,0.7983786613233831,0.5841436420856639,0.0020354411558041,0.3173293561387364,0.7185047022536231,alta,0,2,3.212999198862215,-0.8583681869917644,-0.1860659811644582,-0.9477291439851389
4064.102564102564,0.0457809685859618,0.010965887870465,21.84313768115942,-0.0542190314140381,3A,bajo,13.0,Nuñez,5,78.0,2.8017670587952663,3.8299542240155446,0.001811257462251,0.3242107629327673,0.3362126271488234,alta,0,2,2.5257257614959148,2.1820783410940225,-0.4611838766586222,-0.2397953786874583
2069.83441324694,0.0963115133965098,0.0572855539468006,10.38297462820513,-0.0036884866034901,3A,alto,6.0,Caballito,1,55.56,1.7242091486601792,0.9070515240768604,0.0014709557236647,0.6815238874122538,0.2822013725531903,media,0,1,-0.8223753470506138,-0.0801741173403624,-1.1037170127167193,0.141967034722696
2001.7857142857144,0.0729622663760014,0.0358820775113346,13.705714606597224,-0.0270377336239985,monoamb,alto,1.0,Constitucion,2,42.0,0.1696984428520596,1.1965222099927126,0.0018408245339653,1.3599759089981835,0.497858621461092,alta,0,1,-0.8804581944012427,-1.7207997891696265,1.1291211290419048,-0.5037671933929182
1862.0689655172407,0.0749432538359594,0.0376979826829627,13.34342917894737,-0.0250567461640406,3A,alto,1.0,San Telmo,1,58.0,0.7328502398599077,0.9228721256191792,0.0018408245339653,1.3599759089981835,0.497858621461092,alta,0,1,-1.2292429883209364,-1.442869634214455,0.7377686567626399,0.0581782982688156
1543.20987654321,0.0749748088902061,0.0377269081493556,13.33781325757576,-0.0250251911097938,4+A,bajo,7.0,Flores,1,81.0,2.923871835105286,1.0875965233356584,0.0007389240721516,0.4306612690454279,0.2791624172439522,media,0,0,-1.337259980926757,1.9056049095477292,-1.9816008114599024,0.7952666231521529
2002.9133284777856,0.0774533149692211,0.0399988720551194,12.911003233333336,-0.0225466850307788,monoamb,alto,1.0,San Nicolas,1,27.46,0.1740961071006791,2.620101654350881,0.0018408245339653,1.3599759089981835,0.497858621461092,alta,0,1,-1.2225361690732215,-0.9393931448807756,1.5343063012538336,-0.7063697925022763
4932.707774798928,0.041675515962568,0.0072025562990207,23.99490388788889,-0.0583244840374319,2A,bajo,14.0,Palermo,6,37.3,0.4482367707352732,0.7911845912047906,0.0020354411558041,0.3173293561387364,0.7185047022536231,alta,0,2,3.708654711644132,-1.109052049636393,0.1318239197357326,-1.3472935855784127
1299.826689774697,0.0681589171729146,0.031479007408505,14.671594583333334,-0.0318410828270853,monoamb,bajo,15.0,Agronomia,2,57.7,0.7037522574977044,2.977744763973183,0.0016924644253836,0.3560200247570848,0.3145034612612011,alta,0,1,-0.4760169666041732,0.2364607637062904,-0.1232637075447132,-0.0333389548980769
1566.6666666666667,0.0997005437369762,0.0603921650922282,10.03003556969697,-0.0002994562630237,3A,bajo,7.0,Flores,1,51.0,1.960821031537139,1.5254007007652748,0.0007389240721516,0.4306612690454279,0.2791624172439522,media,0,0,-1.538718836507548,1.3729659228975146,-1.5150537985750947,0.0086819180417154
3045.815203480932,0.0536966259240399,0.0182219070970365,18.62314405777778,-0.04630337407596,2A,medio,12.0,Villa Urquiza,1,39.07,2.215229070794253,3.656356579563965,0.0016590377581003,0.4997101681025006,0.2333980703538691,alta,0,0,0.4374641352792947,1.795937225403445,-0.4805623698121916,-0.1610615631818265
3260.412284392091,0.0494701818190509,0.0143476666674633,20.21419698148148,-0.050529818180949,2A,bajo,14.0,Palermo,4,47.54,0.2575906644739181,1.045747077022119,0.0020354411558041,0.3173293561387364,0.7185047022536231,alta,0,2,1.9403648048601607,-1.161479278101511,0.1300786338014654,-0.6909843732378271
1314.0350877192982,0.1023748755934966,0.0628436359607052,9.768021638148149,0.0023748755934966,3A,bajo,7.0,Flores,2,57.0,1.6259862086316794,1.4303782303855137,0.0007389240721516,0.4306612690454279,0.2791624172439522,alta,0,0,-1.4872010314670094,1.0129271241788331,-1.3488974210521134,-0.0920831770132812
3699.772554965883,0.0419009736718737,0.0074092258658842,23.86579385555556,-0.0580990263281262,3A,alto,2.0,Recoleta,1,65.95,0.5643854824119757,2.8518784498102394,0.0014373274573867,1.0447534381885877,0.3343869191202226,media,0,2,0.3219396678345759,0.2473864973061043,1.158907055438288,-0.0297123661665964
2229.7297297297296,0.0722897606379397,0.0352656139181114,13.83321775,-0.0277102393620602,3A,bajo,13.0,Belgrano,2,74.0,0.8380200551259646,1.756234339873031,0.001811257462251,0.3242107629327673,0.3362126271488234,alta,0,2,0.3421662073970108,-0.3831581287075876,-0.5185043726344395,0.2537541288963668
1280.0,0.3194949242480374,0.2618703472273677,3.1299401777777778,0.2194949242480374,monoamb,medio,12.0,Saavedra,1,12.5,2.2097045735913463,3.228477206428166,0.0016590377581003,0.4997101681025006,0.2333980703538691,alta,0,0,-2.9260620220097344,0.5032292673856175,-1.9242552533341395,-1.5292798930705265
2405.4982817869413,0.0579472508321869,0.022118313262838,17.257074074074072,-0.0420527491678131,monoamb,bajo,15.0,Parque Chas,2,40.74,1.2576877817948628,1.9082389232045736,0.0016924644253836,0.3560200247570848,0.3145034612612011,media,0,2,0.4325242109649521,0.1867786536586853,-0.73062484095704,-0.2417921562649182
3145.723516408774,0.0579820539858398,0.0221502161536865,17.24671568627451,-0.0420179460141601,3A,bajo,14.0,Palermo,2,58.81,0.479870695420252,0.5653170047495291,0.0020354411558041,0.3173293561387364,0.7185047022536231,alta,0,2,1.320510032389357,-1.212625577103546,-0.2252238238290397,-0.0855605495148748
2822.538177988414,0.0508648635618766,0.0156261249317202,19.659936741666662,-0.0491351364381233,4+A,bajo,13.0,Belgrano,2,94.95,0.6449425601445942,0.2829801067952497,0.001811257462251,0.3242107629327673,0.3362126271488234,media,0,2,1.0083987444712474,-1.188805346840623,-0.7326867912506948,0.7318172642558067
832.5861406430128,0.1310748407171435,0.0891519373240482,7.629229183333334,0.0310748407171435,4+A,alto,1.0,San Nicolas,1,78.07,0.6992118091541321,1.841712422263716,0.0018408245339653,1.3599759089981835,0.497858621461092,media,0,1,-2.439833144803245,-1.265232656401157,0.8492720825017983,0.1928585100451924
832.5861406430128,0.1887477706326867,0.1420187897466295,5.29807582175926,0.0887477706326867,3A,alto,1.0,San Nicolas,1,78.07,0.6992118091541321,1.841712422263716,0.0018408245339653,1.3599759089981835,0.497858621461092,alta,0,1,-2.8923715210197782,-1.4766155511293784,0.6210144933463815,-0.0587651491439346
2000.0,0.1005344028300491,0.061156535927545,9.946843785310737,0.0005344028300491,monoamb,alto,6.0,Caballito,2,25.0,1.0535759277719965,1.3852327226613692,0.0014709557236647,0.6815238874122538,0.2822013725531903,alta,0,1,-0.688721462619708,-0.3552976795703795,-0.6762451456163183,-0.7014285100258748
1241.0071942446043,0.0963115133965098,0.0572855539468007,10.382974628205126,-0.0036884866034901,3A,medio,4.0,Parque Patricios,1,55.6,0.3281338152554907,0.4980128253701846,0.0003390684780865,0.6643909367912209,0.3621231466264265,media,0,1,-2.245084757573708,0.0273186177015308,-0.6330293236525355,-0.1169737139778597
4088.740740740741,0.0388661907582897,0.0046273415284322,25.729303039215687,-0.0611338092417102,3A,bajo,14.0,Palermo,5,67.5,0.7983786613233831,0.5841436420856639,0.0020354411558041,0.3173293561387364,0.7185047022536231,alta,0,2,2.893683122403077,-0.9811492461075346,-0.1100447246886978,-0.4749117295186597
2290.5189910118875,0.0647078327590962,0.0283155133625048,15.454079627777777,-0.0352921672409038,2A,alto,5.0,Almagro,1,34.49,0.4911817137809456,1.5971245464089208,0.0013072260551381,0.7262366972989581,0.8153691824811038,alta,0,1,-0.6352667472670496,-0.0305821965035257,0.5184632803124904,-0.5349980427774441
2439.024390243903,0.0692239002537414,0.0324552418992629,14.445877743589744,-0.0307760997462585,2A,bajo,13.0,Belgrano,1,32.8,1.5387571291698856,2.3948404876725045,0.001811257462251,0.3242107629327673,0.3362126271488234,media,0,0,0.2201120649049997,0.5410587186712015,-0.8146591259164078,-0.2331233180297547
5249.48024948025,0.0303678343839718,-0.0031628184813591,32.929578953703704,-0.0696321656160281,2A,bajo,14.0,Palermo,5,48.1,0.7983786613233831,0.5841436420856639,0.0020354411558041,0.3173293561387364,0.7185047022536231,alta,0,2,3.791554548907084,-0.8697632956435666,-0.0504287385709723,-0.903534923945061
3539.156626506024,0.0498502718684881,0.0146960825461141,20.060071139393937,-0.0501497281315118,monoamb,alto,2.0,Recoleta,5,26.56,0.4979099694372893,2.003264059300105,0.0014373274573867,1.0447534381885877,0.3343869191202226,alta,0,2,1.1393592669401478,-0.4310331049308462,0.8290827911142548,-1.386273764743497
2483.829236739974,0.0591544852245241,0.0232249447891471,16.904888888888888,-0.0408455147754758,monoamb,bajo,15.0,Chacarita,1,38.65,0.829667909849691,0.3752893635066731,0.0016924644253836,0.3560200247570848,0.3145034612612011,media,0,2,0.294127285793843,-0.8764521304547475,-1.0870664051335612,-0.0362790185541667
3016.4092664092664,0.0575506633041222,0.0217547746954453,17.37599434285534,-0.0424493366958778,monoamb,alto,2.0,Recoleta,1,41.44,0.8294364086609511,3.0380607371020543,0.0014373274573867,1.0447534381885877,0.3343869191202226,media,0,1,-0.3184353598199385,0.4496155564027974,0.8771658128952191,-0.4140700058862349
3006.844850065189,0.082078852127253,0.0442389477833152,12.18340625,-0.0179211478727469,4+A,bajo,13.0,Belgrano,3,122.72,1.0440165308923033,1.9662040111938788,0.001811257462251,0.3242107629327673,0.3362126271488234,alta,0,2,1.0909263007943089,-0.185107571773853,-0.3211017907997162,0.7735402093616297
2030.0655274315816,0.0808847909488702,0.043144391703131,12.363263702222222,-0.0191152090511297,3A,alto,5.0,Boedo,3,77.83,0.0706290690254341,1.2190238300770269,0.0013072260551381,0.7262366972989581,0.8153691824811038,media,0,1,-0.418107719810029,-0.7131733747227521,0.7409338087129101,-0.2309100205609397
2234.0425531914893,0.0608561760472452,0.0247848280433081,16.432185933333333,-0.0391438239527547,2A,bajo,15.0,Chacarita,1,47.0,0.9639937082319676,0.463089147821925,0.0016924644253836,0.3560200247570848,0.3145034612612011,alta,0,2,0.0996830071689208,-0.7603067170935102,-1.1246697878363103,0.1380723119022217
4039.8346486283353,0.0396272774261131,0.0053250043072704,25.235142683333336,-0.0603727225738868,3A,bajo,13.0,Colegiales,3,53.22,0.695674564336714,0.3416612084799828,0.001811257462251,0.3242107629327673,0.3362126271488234,alta,0,2,2.2004226995949887,-1.027271739136555,-0.7129858397216094,-0.2524586952246117
3846.153846153846,0.0530124911344891,0.0175947835399484,18.86347875,-0.0469875088655108,3A,bajo,13.0,Colegiales,3,58.5,0.695674564336714,0.3416612084799828,0.001811257462251,0.3242107629327673,0.3362126271488234,alta,0,2,1.9577821689175827,-1.090853372714873,-0.7629312770194102,-0.1984580442163777
2195.815034874709,0.0691612541901634,0.0323978163409831,14.458962777777778,-0.0308387458098366,2A,medio,11.0,Villa Devoto,2,38.71,0.5673908454832258,4.248822193631463,0.0010693665978338,0.579459732816385,2.659087709873237,alta,0,3,-0.6976418567433045,2.626590043905538,3.3115361025038395,-1.4898300648670986
3457.0870284082366,0.0357463886260123,0.0017675229071779,27.97485392055268,-0.0642536113739876,3A,alto,5.0,Almagro,2,66.53,0.6936805616225589,0.4217845823907352,0.0013072260551381,0.7262366972989581,0.8153691824811038,alta,0,2,0.7434658788044958,-0.3844014648922218,0.3479964687786248,-0.0586432010314386
2090.09009009009,0.0881365308270448,0.049791819924791,11.346033144444444,-0.0118634691729551,2A,alto,5.0,Almagro,2,27.75,0.8875014694303385,1.449199366177322,0.0013072260551381,0.7262366972989581,0.8153691824811038,alta,0,1,-0.7195428151100448,0.0388460833340915,0.1516046225196983,-0.8459801592803801
3030.3030303030305,0.0503446547299937,0.0151492668358276,19.863081897435897,-0.0496553452700062,2A,alto,3.0,Balvanera,5,36.3,0.2315926763384352,2.527777739830117,0.0010344625327268,0.9331491918927998,0.3306390495886265,alta,0,2,0.563099595975988,0.1489215821799553,0.9451108607978588,-1.2903608686269652
1509.6952908587257,0.085269704553271,0.0471638958404984,11.727494603611111,-0.0147302954467289,3A,bajo,7.0,Flores,1,79.42,2.3219385529197245,0.4296960563501523,0.0007389240721516,0.4306612690454279,0.2791624172439522,media,0,0,-1.4133161144155832,1.0923666473066045,-1.9446079786109396,0.7020288983574863
1949.1525423728813,0.0703814905589879,0.0335163663457389,14.20828107017544,-0.029618509441012,3A,alto,1.0,Constitucion,2,59.0,0.1696984428520596,1.1965222099927126,0.0018408245339653,1.3599759089981835,0.497858621461092,alta,0,1,-0.8893737459076768,-1.7239246718968395,1.1962787226228986,-0.1976358997589098
2182.9268292682927,0.0761552147183403,0.0388089468251453,13.131077152083334,-0.0238447852816596,3A,alto,2.0,Recoleta,2,82.0,1.3763576134466151,1.8602792947448628,0.0014373274573867,1.0447534381885877,0.3343869191202226,alta,0,1,-0.7610688439263276,0.0421095516865236,0.1991190330278588,0.2807483859586656
2186.4406779661017,0.0627431892580125,0.0265145901531781,15.937984852631578,-0.0372568107419874,3A,alto,1.0,Constitucion,2,59.0,0.1696984428520596,1.1965222099927126,0.0018408245339653,1.3599759089981835,0.497858621461092,alta,0,1,-0.6574233252861901,-1.6817266738716723,1.2461198751409626,-0.1921640194606023
2000.0,0.0730274112566942,0.0359417936519697,13.693488277777776,-0.0269725887433057,monoamb,alto,1.0,Constitucion,2,42.0,0.1696984428520596,1.1965222099927126,0.0018408245339653,1.3599759089981835,0.497858621461092,alta,0,1,-0.8822638665815966,-1.7211454362150045,1.1287157212877696,-0.503841804290372
3709.677419354839,0.044451467721466,0.0097471787446772,22.49644502777777,-0.0555485322785339,3A,medio,12.0,Saavedra,4,62.0,2.862842017325819,3.907627616712244,0.0016590377581003,0.4997101681025006,0.2333980703538691,alta,0,0,1.7268379373617229,2.323506743579637,-0.4687962576790954,-0.2942430651520091
4171.739130434783,0.033298064017513,-0.000476774650613,30.03177600577778,-0.0667019359824869,2A,medio,12.0,Saavedra,4,46.0,2.862842017325819,3.907627616712244,0.0016590377581003,0.4997101681025006,0.2333980703538691,alta,0,0,2.1408532207347526,2.400920204816245,-0.4441546949099371,-0.5715309088512577
2815.986136683635,0.0524299362868574,0.0170607749296193,19.07307295833333,-0.0475700637131425,4+A,bajo,13.0,Belgrano,2,92.33,2.0164347982296387,2.153147297727341,0.001811257462251,0.3242107629327673,0.3362126271488234,media,0,2,0.9079254820564008,0.7648854246316416,-0.8126221570647899,0.707861212290915
2895.833333333333,0.0459704926975593,0.011139618306096,21.75308423555556,-0.0540295073024406,2A,medio,12.0,Saavedra,4,48.0,2.887134811045911,3.951208076554504,0.0016590377581003,0.4997101681025006,0.2333980703538691,alta,0,0,1.1156934920833474,2.3171498387332385,-0.5899363399136084,-0.443497955965845
2294.348069390039,0.0554137537991176,0.0197959409825244,18.0460613375,-0.0445862462008824,3A,medio,11.0,Villa Devoto,1,53.61,2.1963561987932705,4.497865101212742,0.0010693665978338,0.579459732816385,2.659087709873237,media,0,3,-0.7794604008690386,4.012564933074872,2.6159721843447894,-0.806675507440537
2941.176470588235,0.0425993232330716,0.0080493796303156,23.474551333333338,-0.0574006767669283,monoamb,alto,1.0,Retiro,6,34.0,0.310577300797845,2.3688436379971334,0.0018408245339653,1.3599759089981835,0.497858621461092,alta,0,2,0.9734732372281036,-1.005920408336355,1.7666528965882389,-1.4319486977191955
2899.314707432789,0.0534427873287626,0.0179892217180324,18.71159888888889,-0.0465572126712373,2A,medio,11.0,Villa Del Parque,2,37.94,1.022701103445634,2.201565742816072,0.0010693665978338,0.579459732816385,2.659087709873237,alta,0,3,0.0089114489220877,1.982518750224291,2.4542828589580044,-1.2828359477030165
1705.2631578947369,0.0854616052515326,0.0473398048139049,11.701160972307694,-0.0145383947484673,2A,alto,3.0,Balvanera,2,38.0,0.2160593742901587,2.3870452641803133,0.0010344625327268,0.9331491918927998,0.3306390495886265,alta,0,1,-1.4049681730703043,-0.0168250225025733,0.5671688436309554,-0.6984927859604819
2692.3076923076924,0.0608561760472452,0.0247848280433081,16.432185933333333,-0.0391438239527547,3A,bajo,13.0,Nuñez,2,52.0,3.2768436897477664,4.291293215742453,0.001811257462251,0.3242107629327673,0.3362126271488234,alta,0,0,0.6395544768087428,2.767933292963585,-0.9102671789073032,-0.0102347170159419
2892.240330819752,0.0609073587016163,0.0248317454764816,16.41837737372549,-0.0390926412983836,2A,bajo,13.0,Colegiales,2,41.11,0.1873613194000118,1.0096283808663566,0.001811257462251,0.3242107629327673,0.3362126271488234,alta,0,2,0.9279695302041068,-1.1391220574038547,-0.4567755594676593,-0.3573788118188761
2647.058823529412,0.0493729311776725,0.0142585202461998,20.254013204146588,-0.0506270688223274,4+A,medio,10.0,Villa Luro,3,102.0,3.721463565760258,1.476421958734733,0.0007950753514594,0.4818638493693606,0.3093771634352494,media,0,0,0.1341362118950097,2.6615326297842894,-1.82591653729872,0.8329741665097442
1019.640618470539,0.1551593055069485,0.1112293633813695,6.444988888888889,0.0551593055069485,4+A,alto,1.0,San Nicolas,2,119.65,0.167287950526813,1.3246722682785956,0.0018408245339653,1.3599759089981835,0.497858621461092,alta,0,1,-2.2011740289249526,-2.058694636412444,1.0496913869587443,0.5604054152510705
900.0,0.123064711562207,0.081809318932023,8.125806230769232,0.023064711562207,2A,alto,3.0,Balvanera,1,50.0,0.3795026714030081,2.2479969961049338,0.0010344625327268,0.9331491918927998,0.3306390495886265,alta,0,1,-2.519633863048449,-0.122636746950592,0.226911154583253,-0.3468948809289309
2653.846153846154,0.0740857795357768,0.036911964574462,13.497867016666666,-0.0259142204642232,2A,alto,2.0,Recoleta,1,26.0,1.130165190258543,3.1843499880507298,0.0014373274573867,1.0447534381885877,0.3343869191202226,alta,0,1,-0.7271936838006338,0.6674385696352992,0.6178275915652218,-0.6777541886535052
2144.082332761578,0.0807655904932169,0.0430351246187822,12.381510416666666,-0.019234409506783,3A,bajo,15.0,Paternal,2,58.3,1.5745896134195931,1.490877830388911,0.0016924644253836,0.3560200247570848,0.3145034612612011,alta,0,2,0.0864148257772748,0.08631868289104,-1.0975899657746495,0.0654003905702448
4999.772727272727,0.0348555760805168,0.0009509447404737,28.68981415455556,-0.0651444239194831,2A,bajo,14.0,Palermo,5,44.0,0.7983786613233831,0.5841436420856639,0.0020354411558041,0.3173293561387364,0.7185047022536231,alta,0,2,3.573154389279733,-0.8988819777321821,-0.1036094851380804,-0.9634292965981144
3031.088082901554,0.0455120974712304,0.0107194226819612,21.972180048,-0.0544879025287695,monoamb,medio,12.0,Villa Urquiza,3,38.6,0.6723430960793824,2.119779763785292,0.0016590377581003,0.4997101681025006,0.2333980703538691,media,0,2,1.053833270955496,-0.1665603537423201,-0.1142100132116205,-0.5766724525469773
2571.428571428572,0.0402326941645676,0.0058799696508537,24.855407294117647,-0.0597673058354323,3A,medio,10.0,Monte Castro,2,70.0,1.7069931397683924,2.5547964605344595,0.0007950753514594,0.4818638493693606,0.3093771634352494,media,0,0,-0.1361039176586609,1.8735122621927,-0.4816404158554295,0.1599406672333196
4601.037037037037,0.0345386868898489,0.0006604629823615,28.95304049019608,-0.065461313110151,3A,bajo,14.0,Palermo,5,67.5,0.7983786613233831,0.5841436420856639,0.0020354411558041,0.3173293561387364,0.7185047022536231,alta,0,2,3.299014480664123,-0.934626294644704,-0.0505793836282613,-0.5161659424095156
1199.92,0.284014422515312,0.2293465539723694,3.520947954486667,0.184014422515312,monoamb,alto,3.0,San Cristobal,1,12.5,0.6649065902745555,1.2455307741097876,0.0010344625327268,0.9331491918927998,0.3306390495886265,alta,0,1,-3.5494148258022604,-0.993530646016363,-1.0311941284733477,-1.5981218128579069
4090.340909090909,0.0426052406276032,0.0080548039086363,23.47129097898148,-0.0573947593723967,2A,bajo,14.0,Palermo,5,44.0,0.7983786613233831,0.5841436420856639,0.0020354411558041,0.3173293561387364,0.7185047022536231,alta,0,2,2.8530781850847315,-0.9817170532462728,-0.2094397129908744,-0.8904888248410627
4679.222520107239,0.0439331834987417,0.0092720848738466,22.76183787201852,-0.0560668165012582,2A,bajo,14.0,Palermo,5,37.3,0.4482367707352732,0.7911845912047906,0.0020354411558041,0.3173293561387364,0.7185047022536231,alta,0,2,3.261077343047425,-1.089874751121118,0.0707493889430043,-1.143760928720248
1250.0,0.11157924554466,0.071280975082605,8.962240200842242,0.01157924554466,2A,alto,1.0,San Telmo,1,44.0,0.7402570369836938,0.0842741830872865,0.0018408245339653,1.3599759089981835,0.497858621461092,alta,0,1,-1.9361709826867777,-2.0389651043843378,0.1880172376631971,-0.1957731192793496
1677.4193548387098,0.0901139529930362,0.0516044569102832,11.09706063030303,-0.0098860470069638,monoamb,medio,4.0,Parque Patricios,1,31.0,0.1475549041428264,1.1401265031152186,0.0003390684780865,0.6643909367912209,0.3621231466264265,media,0,1,-1.9158821237614865,0.2962068155826721,-0.3352124153657247,-0.6374135106669887
4795.737122557727,0.0347105596713917,0.000818013032109,28.80967663636364,-0.0652894403286082,monoamb,alto,2.0,Recoleta,5,28.15,0.9146908057233176,2.627732123968711,0.0014373274573867,1.0447534381885877,0.3343869191202226,alta,0,2,2.1428597726499583,0.3232495989682979,0.9992777784698278,-1.4373775064863863
4409.111111111111,0.0360421349306331,0.0020386236864137,27.74530426470588,-0.0639578650693668,3A,bajo,14.0,Palermo,5,67.5,0.7983786613233831,0.5841436420856639,0.0020354411558041,0.3173293561387364,0.7185047022536231,alta,0,2,3.148086086804157,-0.9516238177223644,-0.0723911564604434,-0.5001965635986086
2109.090909090909,0.0708764602067485,0.0339700885228528,14.109056759930915,-0.0291235397932514,3A,alto,2.0,Recoleta,2,55.0,0.1716950050500655,3.3738090641977947,0.0014373274573867,1.0447534381885877,0.3343869191202226,media,0,1,-0.8347115638464362,0.0013058836411758,1.3006792804876774,-0.4358725501842344
4395.348837209303,0.0405707840314968,0.0061898853622054,24.6482789,-0.0594292159685031,2A,bajo,14.0,Palermo,1,43.0,1.1768364820656043,0.9662294050538912,0.0020354411558041,0.3173293561387364,0.7185047022536231,alta,0,2,2.0876218066785377,-0.3145702123287114,-0.3700278126680134,-0.1812362940503238
2353.8297494224275,0.0595007534776765,0.0235423573545368,16.806509860000002,-0.0404992465223234,4+A,medio,11.0,Villa Gral. Mitre,2,112.54,1.8747999043486487,1.6826502347515464,0.0010693665978338,0.579459732816385,2.659087709873237,media,0,3,-0.3820403581237674,2.2245834969511398,2.013805506894486,0.1800374062127617
2125.531914893617,0.0682271443172318,0.0315415489574625,14.65692298875,-0.0317728556827681,3A,alto,5.0,Almagro,1,47.0,0.8156403507805828,1.4364284725411425,0.0013072260551381,0.7262366972989581,0.8153691824811038,media,0,1,-0.7724776471619985,0.0878047902644339,0.3053463703996216,-0.2613340246007635
3240.0,0.0578509327856528,0.0220300217201818,17.285805981818182,-0.0421490672143471,monoamb,alto,2.0,Recoleta,1,25.0,1.3270703659878311,2.095211550879468,0.0014373274573867,1.0447534381885877,0.3343869191202226,alta,0,1,-0.1358658015694652,0.3342411914873459,0.232505907188616,-0.5742794843068871
2018.867924528302,0.0648672236729984,0.0284616217002485,15.416106060606062,-0.0351327763270015,3A,bajo,15.0,Villa Ortuzar,2,106.0,0.5659514657826752,1.0270011461114372,0.0016924644253836,0.3560200247570848,0.3145034612612011,media,0,2,0.1714983885078341,-0.853267057252031,-0.5003506630652327,0.8629934745588509
4808.445040214478,0.0427525197622196,0.0081898097820346,23.390434191055554,-0.0572474802377803,2A,bajo,14.0,Palermo,5,37.3,0.4482367707352732,0.7911845912047906,0.0020354411558041,0.3173293561387364,0.7185047022536231,alta,0,2,3.364017868250219,-1.077813199809028,0.0861016174989633,-1.1537782846250866
1727.2727272727273,0.0582938107399928,0.0224359931783267,17.154479820512822,-0.0417061892600072,2A,alto,3.0,Balvanera,1,55.0,0.3046217260547684,2.636834491627974,0.0010344625327268,0.9331491918927998,0.3306390495886265,alta,0,1,-1.4231306217505333,0.3111452025693494,0.7486159844574286,-0.1193985317799303
1873.536299765808,0.0816487028633873,0.0438446442914384,12.247592,-0.0183512971366126,2A,medio,11.0,Villa Santa Rita,1,38.43,2.1906923209463525,1.7679098605187216,0.0010693665978338,0.579459732816385,2.659087709873237,alta,0,3,-1.1951315785735948,2.4689215597236114,1.4498900678088775,-0.8998275920733315
1543.0072225869992,0.0997005437369762,0.0603921650922282,10.030035569696969,-0.0002994562630237,2A,bajo,7.0,Flores,1,30.46,2.513262951775024,0.7119171994787676,0.0007389240721516,0.4306612690454279,0.2791624172439522,media,0,0,-1.5405430531357258,1.352979093502732,-2.1767629596789337,-0.1943695289172085
1682.6923076923076,0.0782436549178867,0.0407233503413961,12.78058905925926,-0.0217563450821132,3A,bajo,7.0,Flores,2,58.24,1.9617543672651576,1.3426259425137057,0.0007389240721516,0.4306612690454279,0.2791624172439522,alta,0,0,-1.0294084343601138,1.3170623891946232,-1.429076411307847,0.0435544271338154
2746.828461114176,0.0581677505993749,0.022320438049427,17.191656711764708,-0.041832249400625,4+A,medio,12.0,Villa Urquiza,2,90.65,0.1182105885358605,1.5682965514216214,0.0016590377581003,0.4997101681025006,0.2333980703538691,media,0,2,0.5553158615005551,-0.9007908086272292,0.0674057488025646,0.4410392580599531
3294.958316792378,0.0570984904780629,0.0213402829382243,17.513597848689137,-0.042901509521937,4+A,bajo,15.0,Paternal,6,100.76,1.0314774896112653,1.157004050950065,0.0016924644253836,0.3560200247570848,0.3145034612612011,media,0,2,2.130406484311725,-0.5150772957311932,-0.4603405852151374,-0.0247588243413859
846.262341325811,0.1774971801377985,0.1317057484596487,5.63389232,0.0774971801377985,monoamb,alto,3.0,Balvanera,2,28.36,0.2687137115688086,2.565462558983384,0.0010344625327268,0.9331491918927998,0.3306390495886265,alta,0,1,-2.762125420646155,-0.2693130519204558,0.1328239412826163,-1.170892228043127
3500.0,0.0446278624346465,0.0099088738984259,22.407526272727274,-0.0553721375653535,monoamb,bajo,15.0,Villa Crespo,4,30.0,0.5037123369935772,0.985901018990398,0.0016924644253836,0.3560200247570848,0.3145034612612011,alta,0,2,1.8581080183257543,-0.799508318064109,-0.4909401520571756,-0.8853494886262291
3169.123351435221,0.0677835008604567,0.031134875788752,14.752852645641026,-0.0322164991395432,monoamb,bajo,14.0,Palermo,4,25.78,1.2104137540178497,0.3967248076655895,0.0020354411558041,0.3173293561387364,0.7185047022536231,alta,0,2,1.7356408771952383,-0.8796221805421587,-0.7690688908744883,-0.9467451400419282
2119.6187972395664,0.0637338711936653,0.0274227152608599,15.690244155440414,-0.0362661288063346,3A,alto,5.0,Almagro,1,60.86,1.426523220627644,1.1165865785278133,0.0013072260551381,0.7262366972989581,0.8153691824811038,alta,0,1,-0.7271387858886263,0.3660385312360831,-0.0678425056989826,0.1035023746238752
2433.962264150944,0.0528363699014842,0.0174333390763605,18.9263570125,-0.0471636300985157,3A,alto,5.0,Almagro,1,53.0,0.3404744847798407,2.03672734334258,0.0013072260551381,0.7262366972989581,0.8153691824811038,media,0,1,-0.4437178176054561,0.1331792929075879,0.8816257330012627,-0.243087393866957
3221.4765100671143,0.0328369783254927,-0.0008994365349649,30.453472000000005,-0.0671630216745072,4+A,medio,11.0,Villa Devoto,1,149.0,0.5457528503109,4.087333081856787,0.0010693665978338,0.579459732816385,2.659087709873237,media,0,3,0.1494036402080961,2.702662443008649,3.860353946421201,0.6155458157031916
4196.269982238011,0.0540943787086624,0.0185865138162738,18.486209175000003,-0.0459056212913375,2A,alto,5.0,Almagro,2,22.52,0.516473718490327,1.1471717966384427,0.0013072260551381,0.7262366972989581,0.8153691824811038,alta,0,2,1.0861140396256046,-0.130654460542997,0.5316708699782571,-1.0579100896891287
2891.5662650602408,0.0328369783254927,-0.0008994365349649,30.453472000000005,-0.0671630216745072,4+A,medio,11.0,Villa Devoto,1,166.0,0.5457528503109,4.087333081856787,0.0010693665978338,0.579459732816385,2.659087709873237,media,0,3,-0.0807666534964722,2.673483007062741,3.894382205940991,0.9429649407073452
1500.0,0.1952468981515784,0.1479763233056135,5.121720290909091,0.0952468981515784,monoamb,alto,2.0,Recoleta,2,16.0,0.5175120376490169,2.0926036159646206,0.0014373274573867,1.0447534381885877,0.3343869191202226,alta,0,1,-2.2271843599459933,-0.8915470119357809,-0.0250673332185912,-1.4146198081571617
1000.0,0.1456110405526748,0.1024767871732852,6.867611111111112,0.0456110405526747,4+A,alto,1.0,San Nicolas,1,130.0,0.7380737946256488,1.4035939811757114,0.0018408245339653,1.3599759089981835,0.497858621461092,alta,0,1,-2.388828664438949,-1.5384709486133197,0.8154655725019834,1.0338723292422884
3021.7391304347825,0.0429057931843887,0.0083303104190229,23.30687596666667,-0.0570942068156112,2A,alto,6.0,Caballito,1,46.0,1.2696888809510876,0.4603532630257358,0.0014709557236647,0.6815238874122538,0.2822013725531903,alta,0,2,0.3023317092093686,-0.3807120532352729,-0.7651537930145818,0.0774623550868129
2117.6470588235293,0.0591657267125995,0.0232352494865495,16.901676960000003,-0.0408342732874004,monoamb,alto,1.0,Constitucion,6,34.0,0.3498560387191488,0.5166761260193669,0.0018408245339653,1.3599759089981835,0.497858621461092,alta,0,1,0.3161940033929594,-2.055775237631089,0.9500390581156792,-1.245916447923206
812.5,0.2184580678619059,0.1692532288734137,4.577537510000001,0.1184580678619059,monoamb,alto,1.0,Retiro,2,24.0,0.5204701654207161,2.219018913588928,0.0018408245339653,1.3599759089981835,0.497858621461092,alta,0,1,-2.935330812497296,-1.5300028806018495,0.5682949192651112,-1.3437678957279526
2924.5283018867926,0.0671689638678467,0.0305715502121928,14.887828282828282,-0.0328310361321532,4+A,alto,2.0,Recoleta,2,106.0,1.5080570505260869,1.5292573512056191,0.0014373274573867,1.0447534381885877,0.3343869191202226,media,0,1,-0.1288366661718551,0.0273253954547142,0.1938771126923103,0.6861295693169902
1301.0721529991308,0.094875998291919,0.0559696651009258,10.540073548666667,-0.0051240017080809,monoamb,alto,1.0,Constitucion,2,34.51,0.1104246750979442,1.6149017169618638,0.0018408245339653,1.3599759089981835,0.497858621461092,alta,0,1,-1.5796592910164386,-1.6626536004061534,1.1386622604899304,-0.6876106200306219
2777.777777777778,0.060453286297318,0.0244155124392082,16.541697916666667,-0.0395467137026819,3A,bajo,15.0,Villa Crespo,3,60.12,0.2835712537437532,0.4698642187524717,0.0016924644253836,0.3560200247570848,0.3145034612612011,alta,0,2,1.0015306347067592,-1.3019743051745882,-0.60277269895928,-0.1605406943413447
5076.923076923077,0.0309813259876884,-0.0026004511779522,32.27750808333334,-0.0690186740123115,2A,bajo,13.0,Belgrano,4,65.0,2.307842069397077,2.2221326616903703,0.001811257462251,0.3242107629327673,0.3362126271488234,media,0,2,3.1879686032101744,1.1532315327989555,-0.7079561604746755,-0.2619554839054651
2264.639275315432,0.0791130288614188,0.0415202764563005,12.640143025641027,-0.0208869711385812,3A,alto,6.0,Caballito,5,61.82,0.7634967070511383,0.7923798946033828,0.0014709557236647,0.6815238874122538,0.2822013725531903,media,0,2,0.4538074520127386,-0.9265640213796448,-0.4003052184455453,-0.5536095735052525
3021.7391304347825,0.0520998917239005,0.0167582340802422,19.19389785490196,-0.0479001082760994,2A,bajo,13.0,Colegiales,1,46.0,0.1250174522428443,1.39040695191392,0.001811257462251,0.3242107629327673,0.3362126271488234,alta,0,2,0.8335539633319161,-0.904779542202933,-0.2553895380831337,-0.10801440369115
2516.778523489933,0.0608561760472452,0.0247848280433081,16.432185933333333,-0.0391438239527547,2A,medio,12.0,Saavedra,1,41.72,2.2097045735913463,3.228477206428166,0.0016590377581003,0.4997101681025006,0.2333980703538691,alta,0,0,0.0154004591066987,1.509000591862291,-0.6930523704303155,-0.0498179238656613
2082.52427184466,0.055891106474764,0.0202335142685337,17.891934210526315,-0.0441088935252359,4+A,bajo,14.0,Palermo,2,206.0,0.757561484728803,1.0730842304295594,0.0020354411558041,0.3173293561387364,0.7185047022536231,alta,0,2,0.6225128930912593,-0.886287019694074,0.2591147462551815,2.5424237056226016
1899.4627782041443,0.0619626519753769,0.0257990976440955,16.138754041666665,-0.038037348024623,monoamb,alto,1.0,Monserrat,7,52.12,0.3569209721941325,2.0442453635762963,0.0018408245339653,1.3599759089981835,0.497858621461092,alta,0,1,0.3339509382248589,-1.3284037362964958,1.5596850077083395,-1.2364292160852068
1818.1818181818185,0.0851986464661433,0.0470987592606313,11.737275666666669,-0.0148013535338566,2A,alto,5.0,Boedo,2,38.5,0.2578445686429306,1.6705154050503686,0.0013072260551381,0.7262366972989581,0.8153691824811038,alta,0,1,-0.8910775130524472,-0.3073542663682435,0.5947822757077732,-0.7220650983913487
560.0,0.7181028773574937,0.6272609709110359,1.3925581299435028,0.6181028773574937,monoamb,alto,6.0,Caballito,2,12.5,0.1453320934580011,0.8788431530802545,0.0014709557236647,0.6815238874122538,0.2822013725531903,alta,0,1,-6.558392578682518,-3.61235834505809,-2.9806391369130187,-3.5185024600673085
1279.4735880095047,0.0901401679611796,0.051628487297748,11.093833333333333,-0.0098598320388203,4+A,alto,1.0,Monserrat,1,164.13,0.2195979476200708,0.94408721391409,0.0018408245339653,1.3599759089981835,0.497858621461092,alta,0,1,-1.7112623198061525,-1.9483711789242455,1.2937198345879015,1.791730341519765
3128.7317888703133,0.0455259942948857,0.0107321614369785,21.96547303333333,-0.0544740057051142,2A,alto,6.0,Caballito,3,41.87,1.396271744819637,0.7743708636741609,0.0014709557236647,0.6815238874122538,0.2822013725531903,alta,0,2,0.8364395392507883,-0.2122182132067068,-0.6745323731085808,-0.3934027816046577
1779.2508417508416,0.0644909920027578,0.0281167426691946,15.506041525260416,-0.0355090079972422,2A,medio,4.0,Nueva Pompeya,3,47.52,1.1867364295067335,1.152161816041902,0.0003390684780865,0.6643909367912209,0.3621231466264265,alta,0,0,-1.149114618274358,1.0514077684464325,-0.6539342174885892,-0.4855286478037467
2347.224509965409,0.0841308234304343,0.0461199214778981,11.88625,-0.0158691765695656,4+A,bajo,14.0,Palermo,2,121.42,0.3451022291715515,1.3076577148115311,0.0020354411558041,0.3173293561387364,0.7185047022536231,alta,0,2,0.542633192642414,-1.0994534420477533,0.1683166930470562,0.8765292396782338
3043.478260869565,0.0405707840314968,0.0061898853622054,24.6482789,-0.0594292159685031,2A,bajo,15.0,Villa Crespo,2,69.0,0.1372901532374276,1.0966201122430526,0.0016924644253836,0.3560200247570848,0.3145034612612011,media,0,2,1.0862561360620109,-0.9525937994760788,-0.1991805441647821,0.1568583496218178
2244.4946357989834,0.0739459950460866,0.036783828792246,13.523382833333336,-0.0260540049539133,monoamb,alto,5.0,Almagro,1,35.42,1.242251554899119,0.8842877431841417,0.0013072260551381,0.7262366972989581,0.8153691824811038,media,0,1,-0.7198883601135531,0.0969931859365045,-0.1743156167436506,-0.3929069959064677
3111.111111111112,0.0570526650442924,0.0212982762906013,17.527664995555558,-0.0429473349557076,2A,bajo,15.0,Villa Crespo,2,36.0,0.8992846172828142,1.0748368572405689,0.0016924644253836,0.3560200247570848,0.3145034612612011,alta,0,2,0.9830280201665472,-0.4569783326311831,-0.7923994799430166,-0.3790626946176615
3549.1198182850653,0.0504784940582605,0.0152719528867388,19.810416666666665,-0.0495215059417394,monoamb,bajo,13.0,Nuñez,3,35.22,2.259400170427506,3.094975667345968,0.001811257462251,0.3242107629327673,0.3362126271488234,alta,0,2,1.632989261190957,1.4709755090772834,-0.7121053039858942,-0.5699778922203157
2215.4925087663373,0.0536322414804859,0.0181628880237787,18.64550077333333,-0.0463677585195141,3A,alto,3.0,Balvanera,1,62.74,0.3180937726601605,2.587848479947406,0.0010344625327268,0.9331491918927998,0.3306390495886265,media,0,1,-1.0267982092854493,0.3371927925781426,0.8106187558711381,-0.0189812647819383
789.4736842105264,0.2044767515187439,0.1564370222255153,4.890531527777778,0.1044767515187439,monoamb,alto,1.0,San Nicolas,1,38.0,0.2098803169057466,2.750001966061438,0.0018408245339653,1.3599759089981835,0.497858621461092,alta,0,1,-3.098526496344652,-1.3899529204905552,0.9966183719974986,-0.9452916263481078
1742.522756827048,0.1318468128387403,0.089859578435512,7.584559523809523,0.0318468128387403,3A,bajo,14.0,Palermo,1,76.9,0.7172366462205676,0.8252642323741897,0.0020354411558041,0.3173293561387364,0.7185047022536231,alta,0,1,-0.5246234025368981,-1.2291195201470504,-0.6333088823052527,0.2576977646608092
1811.111111111111,0.0836305732183002,0.0456613587834418,11.957349585416663,-0.0163694267816998,3A,alto,5.0,Almagro,1,45.0,0.7135237830998722,0.6443923737677268,0.0013072260551381,0.7262366972989581,0.8153691824811038,media,0,1,-1.0915389761125036,-0.4733214075754932,-0.0173921489024467,-0.2724666412692589
3441.053261520048,0.0466377390755668,0.0117512608192696,21.44186274509804,-0.0533622609244331,3A,bajo,14.0,Palermo,6,66.84,1.39842735432657,0.5598407794137705,0.0020354411558041,0.3173293561387364,0.7185047022536231,alta,0,2,2.6048905498443524,-0.6741469213179774,-0.4945568379385923,-0.5448650612251614
2083.333333333333,0.0954224840420805,0.0564706103719071,10.479710416666668,-0.0045775159579194,3A,bajo,13.0,Belgrano,1,60.0,0.5050924528276451,1.2783420352374515,0.001811257462251,0.3242107629327673,0.3362126271488234,alta,0,1,-0.1781582070034732,-0.9142002816542424,-0.6968955127768907,0.1114548439773843
2916.6666666666665,0.0486849408377961,0.0136278624346465,20.54023241666667,-0.0513150591622038,2A,bajo,15.0,Agronomia,1,60.0,1.2005386309238015,3.84418190695436,0.0016924644253836,0.3560200247570848,0.3145034612612011,media,0,0,0.5671125311693618,1.2541013653114683,0.1090019783506854,0.0781985415946055
4996.72988881622,0.0351277141843392,0.0012004046689776,28.46755114074073,-0.0648722858156608,monoamb,bajo,13.0,Colegiales,5,30.58,0.5551940334794394,1.3530949811140771,0.001811257462251,0.3242107629327673,0.3362126271488234,alta,0,2,3.3725624317282348,-0.5981016328736676,-0.1988293377269147,-1.2011580334947036
1674.698795180723,0.0612939902634124,0.0251861577414614,16.314813176666668,-0.0387060097365875,4+A,alto,1.0,San Nicolas,2,83.0,0.167287950526813,1.3246722682785956,0.0018408245339653,1.3599759089981835,0.497858621461092,media,0,1,-1.0091601964945542,-1.6551149690007256,1.3431863675088993,0.2706529361253338
3891.273247496424,0.038663062238251,0.0044411403850634,25.86448,-0.0613369377617489,monoamb,bajo,13.0,Colegiales,5,41.94,0.5551940334794394,1.3530949811140771,0.001811257462251,0.3242107629327673,0.3362126271488234,alta,0,2,2.5494584286723736,-0.6835267730895207,-0.263222067545952,-0.893905727354514
1663.0434782608695,0.0556853898471525,0.0200449406932231,17.958031769999998,-0.0443146101528475,4+A,alto,1.0,San Nicolas,1,92.0,0.7955201520220353,1.4920052957907648,0.0018408245339653,1.3599759089981835,0.497858621461092,media,0,1,-1.2264711466817284,-1.0608092536634526,1.090092301907491,0.7033316044664198
3979.7253106605626,0.0441044759849386,0.0094291029861937,22.67343569259259,-0.0558955240150613,monoamb,bajo,13.0,Colegiales,5,30.58,0.5551940334794394,1.3530949811140771,0.001811257462251,0.3242107629327673,0.3362126271488234,alta,0,2,2.5648757498313635,-0.691872674007246,-0.3184063559713754,-1.120944105783167
3000.0,0.06288471524882,0.0266443223114183,15.902115419354844,-0.0371152847511799,4+A,bajo,13.0,Nuñez,1,70.0,1.9760387713278087,2.8982845623119937,0.001811257462251,0.3242107629327673,0.3362126271488234,media,0,0,0.6735342304034088,1.1531086394928884,-0.6625931454493301,0.3767306945908946
2168.071332600464,0.0533991516583574,0.0179492223534943,18.726889265917603,-0.0466008483416425,4+A,bajo,15.0,Villa Crespo,2,163.74,0.591011972300486,0.6194764020823271,0.0016924644253836,0.3560200247570848,0.3145034612612011,media,0,2,0.4153772546543207,-1.029392344748449,-0.3934914070033762,1.913826110505288
2681.818181818182,0.0469314577991467,0.0120205029825511,21.30766967179488,-0.0530685422008532,2A,alto,3.0,Balvanera,6,44.0,0.3524480958528082,2.676845361349928,0.0010344625327268,0.9331491918927998,0.3306390495886265,alta,0,2,0.5807978085955867,0.2580272187618413,0.9775314438141948,-1.2837582916074737
2604.1666666666665,0.0728223502858854,0.035753821095395,13.73204786819166,-0.0271776497141145,3A,bajo,14.0,Palermo,1,48.0,0.5421072629774542,0.6207170550771081,0.0020354411558041,0.3173293561387364,0.7185047022536231,media,0,2,0.5570463408479309,-1.1773396088755672,-0.4123052812601992,-0.0829910662988251
1000.0,0.1319652947981024,0.0899681868982605,7.577749904093567,0.0319652947981024,4+A,bajo,15.0,Agronomia,2,92.0,0.7037522574977044,2.977744763973183,0.0016924644253836,0.3560200247570848,0.3145034612612011,media,0,1,-1.1758966799996975,-0.0343815781753683,-0.2769069005686323,0.3059532030433076
4625.0,0.0316616591597154,-0.0019768124369275,31.583941793939392,-0.0683383408402845,monoamb,alto,2.0,Recoleta,7,32.0,2.4303610332756898,1.6395378884650298,0.0014373274573867,1.0447534381885877,0.3343869191202226,alta,0,2,2.562083511569725,0.8045382574747384,-0.0888911785596241,-1.418618898045378
1280.0,0.2662457702066978,0.213058622689473,3.755928213333334,0.1662457702066978,monoamb,alto,1.0,San Nicolas,1,12.5,0.167287950526813,1.3246722682785956,0.0018408245339653,1.3599759089981835,0.497858621461092,alta,0,1,-3.1868508755222984,-2.3481818766252425,0.2140333383011083,-1.5908090498217975
1280.0,0.2662457702066978,0.213058622689473,3.755928213333334,0.1662457702066978,monoamb,alto,1.0,San Nicolas,1,12.5,0.167287950526813,1.3246722682785956,0.0018408245339653,1.3599759089981835,0.497858621461092,alta,0,1,-3.1868508755222984,-2.3481818766252425,0.2140333383011083,-1.5908090498217975
1280.0,0.2662457702066978,0.213058622689473,3.755928213333334,0.1662457702066978,monoamb,alto,1.0,San Nicolas,1,12.5,0.167287950526813,1.3246722682785956,0.0018408245339653,1.3599759089981835,0.497858621461092,alta,0,1,-3.1868508755222984,-2.3481818766252425,0.2140333383011083,-1.5908090498217975
1989.61937716263,0.0740857795357767,0.036911964574462,13.49786701666667,-0.0259142204642232,monoamb,alto,3.0,Balvanera,1,28.9,0.1610056481810777,3.120135054538482,0.0010344625327268,0.9331491918927998,0.3306390495886265,alta,0,1,-1.3877499051916136,0.4332951866797296,0.8631113373832768,-0.7224393340726297
2500.0,0.0709988720551194,0.0340822993838594,14.084730800000004,-0.0290011279448805,monoamb,alto,5.0,Almagro,1,24.0,0.9198607039806892,0.9879874637778904,0.0013072260551381,0.7262366972989581,0.8153691824811038,alta,0,1,-0.5188341886113697,-0.0469853835344485,0.0264713345946015,-0.6560926811922446
1822.429906542056,0.1100172306397987,0.0698491280864821,9.089485294117647,0.0100172306397987,4+A,medio,12.0,Villa Urquiza,1,107.0,0.2711622546088207,1.6543038319016934,0.0016590377581003,0.4997101681025006,0.2333980703538691,media,0,1,-0.7636223199554235,-0.9582534059999804,-0.2373555106130193,0.7979267870667482
4737.609329446064,0.0294918391613573,-0.0039658141020891,33.90768525925926,-0.0705081608386427,2A,bajo,14.0,Palermo,2,54.88,0.8014178106438651,0.417691460956962,0.0020354411558041,0.3173293561387364,0.7185047022536231,alta,0,2,2.69889952857515,-0.857894423009206,-0.2195074102665601,-0.1591461887092619
1142.857142857143,0.0830686803044897,0.0451462902791156,12.038231452991452,-0.0169313196955102,3A,medio,4.0,Barracas,1,70.0,0.0168058504432703,1.5171787764533544,0.0003390684780865,0.6643909367912209,0.3621231466264265,media,0,1,-2.240669507158461,0.3719161844045114,-0.0063199810305666,0.0689523413905085
3386.3636363636365,0.0428852247312801,0.0083114560036735,23.318054324444446,-0.0571147752687198,2A,medio,12.0,Saavedra,2,44.0,2.4043286550543685,3.464993338445156,0.0016590377581003,0.4997101681025006,0.2333980703538691,alta,0,0,1.0235515120120866,1.845841183779581,-0.5300179139473515,-0.2121835926584885
1605.4585591009431,0.0873286126277969,0.0490512282421471,11.451000650406504,-0.0126713873722031,3A,alto,3.0,San Cristobal,2,49.83,0.4196970291800758,0.6056762307787189,0.0010344625327268,0.9331491918927998,0.3306390495886265,media,0,1,-1.4200436752993577,-0.8214884665279513,-0.1512454297707891,-0.3162537875567531
1133.622768933912,0.128704338278642,0.0869789767554218,7.769745863849765,0.028704338278642,2A,bajo,7.0,Flores,2,41.46,1.092547287945438,0.9126596766531772,0.0007389240721516,0.4306612690454279,0.2791624172439522,alta,0,1,-1.808812510075934,0.2621260980603158,-1.4243011341487006,-0.4777247811165408
2900.0,0.0544052659426202,0.0188714937807352,18.380573694,-0.0455947340573797,monoamb,alto,1.0,Monserrat,4,27.0,0.0310061225913953,1.235545387745783,0.0018408245339653,1.3599759089981835,0.497858621461092,alta,0,1,0.4002381069495091,-1.7547603248929575,1.3730880689863063,-1.172173562366783
2854.8387096774195,0.0529483113631399,0.0175359520828782,18.88634357272728,-0.04705168863686,monoamb,alto,2.0,Recoleta,2,31.0,0.9677521366300617,2.1940142982881845,0.0014373274573867,1.0447534381885877,0.3343869191202226,alta,0,1,-0.1280942133975082,0.0778215124525482,0.5000473825809594,-0.6460858276069281
2111.7608836907084,0.0655374203585717,0.0290759686620241,15.25845836666667,-0.0344625796414282,monoamb,alto,1.0,Monserrat,2,30.78,0.1886796288693035,1.211206564769391,0.0018408245339653,1.3599759089981835,0.497858621461092,alta,0,1,-0.7491196804903796,-1.6595266355109854,1.1222573993236558,-0.6735063520063067
3279.118572927597,0.0511191878796859,0.0158592555563788,19.562126111111112,-0.048880812120314,2A,medio,12.0,Villa Urquiza,2,38.12,0.5508924387834684,1.7978091723804064,0.0016590377581003,0.4997101681025006,0.2333980703538691,alta,0,2,0.9564588989660272,-0.3845107566261919,-0.1990666220324259,-0.4439291862267899
2265.994550408719,0.0686408373203097,0.0319207675436172,14.568586850616915,-0.0313591626796902,monoamb,alto,6.0,Caballito,5,36.7,1.206127015429027,1.3232883384245389,0.0014709557236647,0.6815238874122538,0.2822013725531903,media,0,2,0.4999432129806432,-0.2800982129691626,-0.4958632821194783,-0.91994829084446
2815.4779093271727,0.0421624070973478,0.0076488731725688,23.71781093264249,-0.0578375929026521,3A,alto,5.0,Almagro,3,69.26,0.7811823892274674,0.7585378387141807,0.0013072260551381,0.7262366972989581,0.8153691824811038,alta,0,2,0.46209701621337,-0.2518809930678345,0.3842618702092454,-0.1652480384692373
5304.0,0.0301182997971377,-0.0033915585192903,33.202405405866664,-0.0698817002028622,3A,medio,12.0,Saavedra,1,64.0,2.5403460700905103,3.604674332241145,0.0016590377581003,0.4997101681025006,0.2333980703538691,alta,0,0,2.2719298217713693,2.209222637664799,-0.3027796437960866,0.1481903458793642
2188.679245283018,0.080791819924791,0.0430591682643918,12.377490703030302,-0.0192081800752089,monoamb,bajo,15.0,Chacarita,2,26.5,0.5765138458172627,0.1628122518138529,0.0016924644253836,0.3560200247570848,0.3145034612612011,alta,0,2,0.1601949906287688,-1.3014231905137008,-1.150504041674183,-0.5021081594776486
2625.0,0.067617973385828,0.0309831422703423,14.78896734,-0.0323820266141719,monoamb,alto,1.0,San Nicolas,1,24.0,0.8572734365050295,1.6738719613877615,0.0018408245339653,1.3599759089981835,0.497858621461092,alta,0,1,-0.6661013420983954,-0.8700198025080946,0.909228128283414,-0.6234668779332636
3294.958316792378,0.0570984904780629,0.0213402829382243,17.513597848689137,-0.042901509521937,4+A,bajo,15.0,Paternal,5,100.76,1.5670382739963034,1.4489054248080897,0.0016924644253836,0.3560200247570848,0.3145034612612011,media,0,2,1.868833888177107,0.0631759704306291,-0.6731191968700562,0.2062632095649248
1690.1408450704223,0.0946471763592386,0.0557599116626354,10.565555555555555,-0.0053528236407613,monoamb,bajo,15.0,Chacarita,1,35.5,0.9639937082319676,0.463089147821925,0.0016924644253836,0.3560200247570848,0.3145034612612011,media,0,1,-0.5658298924795104,-0.91032928518357,-1.3448206179510436,-0.1408035825164117
2327.586206896552,0.0883541518908152,0.049991305899914,11.31808725,-0.0116458481091847,3A,bajo,13.0,Belgrano,2,58.0,1.397060957167857,2.3042809853372543,0.001811257462251,0.3242107629327673,0.3362126271488234,alta,0,2,0.2532462920530255,0.2589845210526056,-0.7342545527720129,-0.0706031469696916
2759.701492537313,0.0391664951304606,0.0049026205362556,25.532026714901964,-0.0608335048695393,3A,medio,10.0,Villa Real,2,67.0,3.1240347173348537,4.822776934657999,0.0007950753514594,0.4818638493693606,0.3093771634352494,media,0,0,-0.0903167896486778,4.089196719333581,-0.4185585026278048,0.0906859243695424
1425.7142857142858,0.0990284868744752,0.0597761129682689,10.098104409770116,-0.0009715131255248,2A,alto,1.0,San Nicolas,2,35.0,0.6188170159278267,1.806945284372251,0.0018408245339653,1.3599759089981835,0.497858621461092,alta,0,1,-1.5330944139159168,-1.2066745310013394,0.9315192202599089,-0.6598676228866526
2526.1638397690363,0.0578133672448829,0.0219955866411427,17.297037824561404,-0.042186632755117,3A,alto,1.0,Retiro,2,55.42,0.310577300797845,2.3688436379971334,0.0018408245339653,1.3599759089981835,0.497858621461092,alta,0,1,-0.4198522056992386,-0.9279142130507718,1.6246092425662784,-0.3513462350493491
2449.2234169653525,0.0727305518613418,0.0356696725395633,13.749380066666667,-0.0272694481386581,2A,bajo,14.0,Palermo,1,33.48,0.1731695545419377,1.566919762722507,0.0020354411558041,0.3173293561387364,0.7185047022536231,alta,0,2,0.4050430462253602,-0.9476322218613782,0.0580680402319018,-0.4404832334358781
2299.1287512100675,0.0672620893153763,0.0306569152057616,14.867215844444445,-0.0327379106846237,2A,medio,12.0,Villa Pueyrredon,1,41.32,2.474140759218538,3.91211827285397,0.0016590377581003,0.4997101681025006,0.2333980703538691,alta,0,0,-0.2208913853689014,2.0191363602323853,-0.6346579362772976,-0.0811552175040404
2286.3172704889203,0.0776592216280932,0.0401876198257521,12.876770833333332,-0.0223407783719067,3A,bajo,15.0,Villa Crespo,1,56.86,0.2353937329395675,1.5718803887341164,0.0016924644253836,0.3560200247570848,0.3145034612612011,alta,0,1,-0.0249518617313894,-0.7659438463718692,-0.3660074724950705,0.0344627047233594
3228.646903434106,0.032917658861919,-0.0008254793765742,30.378831137254902,-0.067082341138081,3A,medio,10.0,Villa Luro,4,68.14,3.721463565760258,1.476421958734733,0.0007950753514594,0.4818638493693606,0.3093771634352494,media,0,0,0.9130620654973388,2.73281974236845,-1.803616876494854,0.0778620681616661
2255.027813436029,0.0889169934656144,0.0505072440101465,11.24644413878788,-0.0110830065343855,monoamb,bajo,15.0,Chacarita,3,23.37,0.4856887616583777,0.266156913202988,0.0016924644253836,0.3560200247570848,0.3145034612612011,alta,0,2,0.3858312850460169,-1.3790777638011402,-1.07184587571989,-0.8030682641692658
2545.454545454545,0.0638989848496075,0.0275740694454735,15.649700888888884,-0.0361010151503925,monoamb,bajo,13.0,Belgrano,2,33.0,0.2646851351561542,1.1868569912653577,0.001811257462251,0.3242107629327673,0.3362126271488234,alta,0,2,0.6414735429309136,-1.0184135529053393,-0.504450472420042,-0.4720090322226037
605.4874246518395,0.2573800511163959,0.2049317135233629,3.885305001931818,0.1573800511163958,3A,medio,10.0,Floresta,2,48.11,2.947476486665657,0.9942523778453348,0.0007950753514594,0.4818638493693606,0.3093771634352494,media,0,0,-3.227966543652873,1.043873851696703,-2.8025074645891173,-0.629834636828152
576.2059781000296,0.229734408807012,0.179589874739761,4.352852518666667,0.129734408807012,2A,medio,10.0,Floresta,2,33.79,2.947476486665657,0.9942523778453348,0.0007950753514594,0.4818638493693606,0.3093771634352494,media,0,0,-3.039839994950044,1.1513947097291632,-2.747142134241046,-0.7489627876757221
1508.8866532528505,0.0804743299213488,0.0427681357612364,12.42632279109804,-0.0195256700786511,3A,medio,10.0,Floresta,1,59.64,2.6670663529495204,1.292024753840579,0.0007950753514594,0.4818638493693606,0.3093771634352494,media,0,0,-1.4339054350391411,1.737604830356402,-1.7611736259893047,0.3525262493639341
3312.5,0.0514406922059733,0.0161539678554755,19.439862822916663,-0.0485593077940266,4+A,bajo,13.0,Belgrano,2,80.0,1.6489492663882142,2.083594326705191,0.001811257462251,0.3242107629327673,0.3362126271488234,media,0,2,1.274771955624842,0.5058629605099991,-0.6407978880312444,0.4009499147020853
2455.2788495264817,0.0669417936519697,0.0303633108476389,14.93835084848485,-0.0330582063480302,monoamb,bajo,15.0,Agronomia,3,28.51,1.3736284545680026,2.11447531017763,0.0016924644253836,0.3560200247570848,0.3145034612612011,alta,0,2,0.6289157200121729,0.3116648597150418,-0.7631971244074134,-0.6800110441147321
1647.3509933774835,0.2782870361959455,0.2240964498462834,3.593412088717949,0.1782870361959455,monoamb,bajo,14.0,Palermo,1,12.08,1.642428393421712,1.4156616533925428,0.0020354411558041,0.3173293561387364,0.7185047022536231,alta,0,1,-1.806929916812583,-0.7652549169084332,-1.73737325873642,-1.3962083009122566
1678.571428571429,0.1153335889949341,0.0747224565786896,8.670501011148831,0.0153335889949341,4+A,alto,6.0,Caballito,1,140.0,0.997338840788033,1.3822242890095806,0.0014709557236647,0.6815238874122538,0.2822013725531903,media,0,1,-1.2225741986544003,-0.4917688474906126,-0.3489927417397703,1.4009764693665183
1547.6190476190477,0.0838878980589718,0.0458972398873908,11.920670598958331,-0.0161121019410281,2A,medio,4.0,Barracas,1,42.0,1.506947894014197,2.520791524766965,0.0003390684780865,0.6643909367912209,0.3621231466264265,alta,0,0,-2.018756564614033,1.9990508450381383,-0.5138938191963591,-0.3419197391434015
2030.2087960906265,0.1025366642371528,0.06299194221739,9.752609053939391,0.0025366642371527,monoamb,bajo,15.0,Chacarita,3,22.51,0.4856887616583777,0.266156913202988,0.0016924644253836,0.3560200247570848,0.3145034612612011,alta,0,2,0.1155316511692008,-1.4419751499340925,-1.1474302809980017,-0.8507046594185473
1193.9750183688466,0.1572898088605722,0.1131823247888579,6.357690986111112,0.0572898088605722,4+A,medio,4.0,Nueva Pompeya,1,54.44,2.507034994800693,2.227881428666329,0.0003390684780865,0.6643909367912209,0.3621231466264265,media,0,0,-2.8416995334976654,2.264227858865272,-1.4273933893569997,-0.2501553569156881
2825.11723664646,0.0586387445313537,0.0227521824870742,17.053571115686275,-0.0413612554686463,4+A,medio,12.0,Villa Urquiza,1,87.43,0.3748242682592901,1.2997358052035268,0.0016590377581003,0.4997101681025006,0.2333980703538691,media,0,2,0.3685971174231479,-0.8102169938847867,-0.2037790884778265,0.6159284507177066
1833.3333333333333,0.0836495801667589,0.0456787818195289,11.95463262345679,-0.0163504198332411,monoamb,medio,10.0,Velez Sarsfield,1,30.0,3.1287479236124014,1.4032785702546315,0.0007950753514594,0.4818638493693606,0.3093771634352494,media,0,0,-1.247320329177171,2.1502117601272888,-2.0605084879483764,-0.1500498223839509
2027.027027027027,0.0795187367017337,0.0418921753099226,12.5756525,-0.0204812632982662,2A,alto,5.0,Boedo,2,37.0,0.6096781766496676,1.3780506111941042,0.0013072260551381,0.7262366972989581,0.8153691824811038,alta,0,1,-0.6877583682350412,-0.1743824495249198,0.3367432484665968,-0.6752582328462005
2944.697151065357,0.0647648247527187,0.0283677560233254,15.440480288770052,-0.0352351752472813,3A,bajo,7.0,Flores,2,41.77,2.0276928682177484,1.7593234612482291,0.0007389240721516,0.4306612690454279,0.2791624172439522,media,0,0,-0.0337992319161358,1.7160689043800907,-1.217078924450295,-0.3517771641591732
1575.939031028851,0.1044750241640099,0.0647687721503424,9.571665649295776,0.0044750241640099,2A,bajo,7.0,Flores,1,36.74,2.294914341073929,0.9646473982012164,0.0007389240721516,0.4306612690454279,0.2791624172439522,alta,0,0,-1.5585624794623236,1.3098594804528347,-1.963391472166816,-0.1631238589437676
3392.5,0.0418563726190829,0.0073683415674926,23.891224619500004,-0.058143627380917,monoamb,alto,1.0,Monserrat,4,30.0,0.0310061225913953,1.235545387745783,0.0018408245339653,1.3599759089981835,0.497858621461092,alta,0,2,0.8573152179083916,-1.6809539492949108,1.474272389991958,-1.1242887073334866
2181.656277827248,0.0734064582960742,0.036289253438068,13.622779564798586,-0.0265935417039257,monoamb,alto,2.0,Recoleta,2,44.92,2.4303610332756898,1.6395378884650298,0.0014373274573867,1.0447534381885877,0.3343869191202226,media,0,0,-0.7604011981991307,0.7112454292563436,-0.5654033661016332,-0.1763958161647787
2307.692307692308,0.0504091991591347,0.0152084325625402,19.83764901408451,-0.0495908008408652,2A,bajo,7.0,Flores,1,52.0,2.723449553341883,0.3772518060583718,0.0007389240721516,0.4306612690454279,0.2791624172439522,alta,0,0,-0.5771300334007854,1.5429050768762644,-2.072651974675614,0.3532398067103787
2611.764705882353,0.0653719236114861,0.0289242633105289,15.297086956521738,-0.0346280763885138,3A,bajo,13.0,Nuñez,1,85.0,1.94980724034244,2.981645767102203,0.001811257462251,0.3242107629327673,0.3362126271488234,alta,0,0,0.3775741545741928,1.1372334165011564,-0.60663984634276,0.6556151130027587
1666.6666666666667,0.0961495124919249,0.0571370531175978,10.40046875,-0.003850487508075,3A,bajo,15.0,Paternal,1,63.0,1.5670382739963034,1.4489054248080897,0.0016924644253836,0.3560200247570848,0.3145034612612011,alta,0,0,-0.622356954737417,0.0140386870552172,-1.22314682071174,0.3202923603366678
2060.737527114967,0.071746228603068,0.034767376219479,13.938014854166669,-0.0282537713969319,3A,alto,5.0,Almagro,1,46.1,0.7823623054926101,1.5837032614789344,0.0013072260551381,0.7262366972989581,0.8153691824811038,media,0,1,-0.8528306082749493,0.1246902430938804,0.3532253547151661,-0.3012745521622617
4120.689655172414,0.0427775630792351,0.0082127661559655,23.37674070277778,-0.0572224369207648,3A,medio,12.0,Saavedra,6,58.0,2.8420904401511007,3.9050314931796497,0.0016590377581003,0.4997101681025006,0.2333980703538691,alta,0,2,2.528289487811103,2.255014017962422,-0.3700944408300344,-0.7729413935727719
2548.3870967741937,0.0593155133625048,0.0233725539156294,16.858995957575758,-0.0406844866374951,monoamb,bajo,15.0,Parque Chas,1,31.0,1.0878932805539632,1.7473334373675675,0.0016924644253836,0.3560200247570848,0.3145034612612011,alta,0,2,0.281604469569204,0.0328027257707561,-0.757402216321148,-0.2555657923460723
1719.6034796682177,0.1070916915968904,0.0671673839638162,9.33779255037033,0.0070916915968903,3A,bajo,14.0,Palermo,1,49.43,0.1539729210438325,0.9521170331264068,0.0020354411558041,0.3173293561387364,0.7185047022536231,media,0,1,-0.3616555144113,-1.46111954110868,-0.2902168377604912,-0.1845724853915595
1956.414066369489,0.0970617491386443,0.0579732700437572,10.302719751851852,-0.0029382508613557,3A,bajo,15.0,Villa Crespo,1,40.38,0.5723998191705201,0.9620318992923638,0.0016924644253836,0.3560200247570848,0.3145034612612011,media,0,1,-0.404794026573387,-0.9253069388461992,-0.9273778766100322,-0.194514530563118
3757.138563270213,0.0477112420210402,0.0127353051859535,20.959420833333336,-0.0522887579789597,3A,bajo,13.0,Nuñez,2,66.54,2.145680918206716,3.000258648116643,0.001811257462251,0.3242107629327673,0.3362126271488234,alta,0,2,1.5804781195011046,1.387970109671215,-0.5753709685147597,0.1258804001527391
1905.684754521964,0.0794224670447098,0.0418039281243173,12.590895715151516,-0.0205775329552901,monoamb,bajo,15.0,Chacarita,3,30.96,0.4856887616583777,0.266156913202988,0.0016924644253836,0.3560200247570848,0.3145034612612011,alta,0,2,0.2110981059658782,-1.369399070212148,-1.035773822121984,-0.5917442091279046
1233.3333333333333,0.1568926166675667,0.1128182319452694,6.373786231884058,0.0568926166675667,4+A,bajo,7.0,Parque Chacabuco,1,150.0,0.6612689637099088,1.052744215507836,0.0007389240721516,0.4306612690454279,0.2791624172439522,media,0,1,-2.1481549942367044,-0.0881116276017805,-0.887156410233365,1.344601110172413
1852.791878172589,0.0828644369739202,0.0449590672260935,12.067903150234743,-0.0171355630260797,2A,bajo,7.0,Flores,1,39.4,1.6112801364811438,1.4179783256509824,0.0007389240721516,0.4306612690454279,0.2791624172439522,alta,0,0,-1.1983738577560148,1.1520733121165323,-1.3183819707716231,-0.1863869785552626
1712.5500840118907,0.0916287329918899,0.0529930052425658,10.913607198830409,-0.00837126700811,4+A,bajo,15.0,Villa Crespo,1,77.37,0.3481955618579954,0.7703082689337442,0.0016924644253836,0.3560200247570848,0.3145034612612011,media,0,1,-0.5102826457878571,-1.2010823598230975,-0.7414926705322212,0.4720058098762678
1074.3801652892562,0.2184580678619059,0.1692532288734137,4.577537510000001,0.1184580678619059,monoamb,alto,1.0,Monserrat,1,18.15,0.4790518806940473,2.03104316165028,0.0018408245339653,1.3599759089981835,0.497858621461092,alta,0,1,-2.987236402934302,-1.5963211637831225,0.4925795284974572,-1.2799269563607587
2116.6666666666665,0.0805026580782456,0.0427941032383918,12.421950080555556,-0.0194973419217543,2A,alto,5.0,Almagro,1,30.0,0.58530415699789,1.8244494616207856,0.0013072260551381,0.7262366972989581,0.8153691824811038,alta,0,1,-0.8969804264790372,0.0897377433660492,0.4563971202752358,-0.6662822185806277
1106.1946902654868,0.1102570718973619,0.0700689825725817,9.069713015151516,0.0102570718973619,4+A,bajo,7.0,Flores,1,76.84,0.4970939621943688,0.4357588648504787,0.0007389240721516,0.4306612690454279,0.2791624172439522,media,0,1,-1.888386437004411,-0.3240631796074782,-1.1097463064293596,0.3505961702050419
2981.070204203309,0.044168682300978,0.0094879587758965,22.64047619047619,-0.0558313176990219,4+A,alto,5.0,Almagro,2,134.18,1.358346366618112,1.3769008488267676,0.0013072260551381,0.7262366972989581,0.8153691824811038,media,0,2,0.3264630968504165,0.4932710636367242,0.5057718160735396,1.118087890457542
1287.1518839223029,0.11157924554466,0.071280975082605,8.962240200842242,0.01157924554466,2A,alto,1.0,Constitucion,1,42.73,0.3175672900260182,1.2546176459358342,0.0018408245339653,1.3599759089981835,0.497858621461092,alta,0,1,-1.9506645590061045,-1.726762292525058,0.8304865321080956,-0.3773553821251571
2895.1714757602253,0.0719911408549018,0.0349918791169933,13.890598039215687,-0.0280088591450981,4+A,medio,12.0,Coghlan,2,102.93,0.7673369086505947,1.806255057420372,0.0016590377581003,0.4997101681025006,0.2333980703538691,media,0,2,0.5465118373266312,-0.360720635568107,-0.1922683528203574,0.6390773662357206
2333.333333333333,0.0567990976440955,0.0210658395070875,17.6059135,-0.0432009023559044,2A,alto,5.0,Almagro,8,45.0,0.5648532322473189,0.8314577809715061,0.0013072260551381,0.7262366972989581,0.8153691824811038,alta,0,2,1.214461357822522,-0.6506706095119823,0.4965252444836829,-1.537886685435036
2491.6943521594685,0.0461492668358276,0.0113034945995086,21.668816615384618,-0.0538507331641723,2A,medio,10.0,Villa Luro,2,48.16,3.0858969626952093,1.6542575215666644,0.0007950753514594,0.4818638493693606,0.3093771634352494,alta,0,0,-0.2292360669754231,2.3748713915822366,-1.648430727642255,0.0340947498930658
2278.481012658228,0.0666035685490938,0.0300532711700026,15.01421052631579,-0.0333964314509061,4+A,bajo,14.0,Palermo,3,158.0,0.1196002160072458,1.2903487985004605,0.0020354411558041,0.3173293561387364,0.7185047022536231,alta,0,2,0.8982968104921422,-1.2725951236253432,0.5092866577371082,1.3697708530990886
2111.111111111112,0.0929866995810063,0.0542378079492558,10.75422619047619,-0.0070133004189936,3A,bajo,14.0,Palermo,1,90.0,0.7172366462205676,0.8252642323741897,0.0020354411558041,0.3173293561387364,0.7185047022536231,alta,0,2,0.0544224325325353,-1.0718983101439064,-0.4018152873734178,0.6064398406382989
2191.151919866444,0.0608561760472452,0.0247848280433081,16.432185933333333,-0.0391438239527547,2A,bajo,15.0,Villa Crespo,1,47.92,0.1937013469278867,1.218716135710528,0.0016924644253836,0.3560200247570848,0.3145034612612011,alta,0,2,0.0468790085783555,-0.919477727030708,-0.4435748770242486,-0.008668449400641
2558.823529411765,0.0587576872180298,0.022861213283194,17.019049716666668,-0.0412423127819701,2A,alto,6.0,Caballito,2,34.0,0.3626088256768547,0.5941330241467363,0.0014709557236647,0.6815238874122538,0.2822013725531903,alta,0,2,0.0845755964394698,-1.0813967189013531,-0.3461410202493548,-0.4580731085683998
941.1764705882352,0.110421705752445,0.0702198969397413,9.056190476190476,0.010421705752445,4+A,alto,5.0,Almagro,3,170.0,1.358346366618112,1.3769008488267676,0.0013072260551381,0.7262366972989581,0.8153691824811038,media,0,1,-1.4071191053648142,0.0658482831718529,0.2353105960629417,1.493144414682804
2237.9310344827586,0.0708894747175923,0.0339820184911262,14.106466495679012,-0.0291105252824077,monoamb,medio,10.0,Monte Castro,2,29.0,1.7612204912400609,2.619949961129333,0.0007950753514594,0.4818638493693606,0.3093771634352494,media,0,0,-0.6430077151544674,1.83677818718416,-0.7840227142301216,-0.6291327255912758
2741.3793103448274,0.0455464462240388,0.0107509090387023,21.95560977647059,-0.0544535537759611,3A,medio,10.0,Monte Castro,2,58.0,1.7612204912400609,2.619949961129333,0.0007950753514594,0.4818638493693606,0.3093771634352494,media,0,0,-0.0638551662040589,1.943704806840328,-0.5375544863507815,-0.0851820411370427
2335.555555555556,0.0526918365394796,0.0173008501611897,18.978271885641025,-0.0473081634605203,2A,medio,10.0,Monte Castro,2,45.0,1.7612204912400609,2.619949961129333,0.0007950753514594,0.4818638493693606,0.3093771634352494,alta,0,0,-0.4209870723987449,1.90044034605695,-0.6462444503156515,-0.2894856165639561
1698.9247311827958,0.0949048213800077,0.0559960862650071,10.536872473484848,-0.0050951786199922,3A,medio,10.0,Villa Luro,1,46.5,3.671106606248191,1.0951377586833928,0.0007950753514594,0.4818638493693606,0.3093771634352494,media,0,0,-1.4171831413824036,2.3186685543236187,-2.4563619540026878,0.1957875346385201
3008.108815066702,0.0493811354917766,0.0142660408674619,20.250648148148148,-0.0506188645082233,monoamb,bajo,15.0,Chacarita,5,38.23,0.9639937082319676,0.463089147821925,0.0016924644253836,0.3560200247570848,0.3145034612612011,media,0,2,1.7306447270798522,-0.8375469897987188,-0.9221415274609048,-0.7861682251677121
4915.357944115847,0.031816921916817,-0.0018344882429177,31.42981595185185,-0.068183078083183,2A,bajo,14.0,Palermo,5,49.03,1.0754631704534652,0.206398216970096,0.0020354411558041,0.3173293561387364,0.7185047022536231,alta,0,2,3.5504535583452315,-0.8948016819347745,-0.3633694020891999,-0.7856850463327449
2102.446483180428,0.0898458453642965,0.0513586915839385,11.130175201149424,-0.0101541546357034,2A,alto,1.0,San Nicolas,3,26.16,0.167287950526813,1.3246722682785956,0.0018408245339653,1.3599759089981835,0.497858621461092,alta,0,1,-0.7070621566237336,-1.745243409160178,1.0917891761824838,-1.053009801214167
3675.0,0.0521624366119244,0.0168155668942641,19.170883588888888,-0.0478375633880755,2A,bajo,14.0,Palermo,5,40.0,0.1660572001762988,1.3608075224078695,0.0020354411558041,0.3173293561387364,0.7185047022536231,alta,0,2,2.450746517446154,-1.085795332994718,0.3191702240102604,-1.1019769562286732
2209.3023255813955,0.0618811221701462,0.0257243619893006,16.160017222222223,-0.0381188778298538,2A,medio,11.0,Villa Devoto,3,43.0,1.0086805331517554,3.729522007635119,0.0010693665978338,0.579459732816385,2.659087709873237,alta,0,3,-0.366382284689056,2.653340985399395,2.9669154819046,-1.4672304473631017
3281.25,0.0446278624346465,0.0099088738984259,22.407526272727274,-0.0553721375653535,monoamb,alto,2.0,Recoleta,3,32.0,0.1170491322397953,3.2000700557199924,0.0014373274573867,1.0447534381885877,0.3343869191202226,alta,0,2,0.461940625967388,0.0079239935316407,1.4167760322602518,-1.0258391219364102
2828.5714285714284,0.054175151451416,0.0186605554971313,18.458647058823527,-0.0458248485485839,3A,bajo,14.0,Palermo,2,70.0,0.7993904127435527,0.6697908783959668,0.0020354411558041,0.3173293561387364,0.7185047022536231,alta,0,2,1.1197941655960195,-0.940716454810836,-0.3292636190222306,0.1924629005171286
1767.857142857143,0.1118770105110972,0.0715539263018391,8.938386853846154,0.0118770105110972,3A,alto,6.0,Caballito,1,56.0,0.8393381295593625,0.5039871072945433,0.0014709557236647,0.6815238874122538,0.2822013725531903,media,0,1,-1.1406292155397473,-0.999124887969516,-0.8603487036151238,0.0319804544755707
800.0,0.1787779997896729,0.1328798331405335,5.593529411764706,0.0787779997896729,4+A,medio,12.0,Villa Pueyrredon,1,150.0,2.781683594945682,4.192702447938137,0.0016590377581003,0.4997101681025006,0.2333980703538691,media,0,0,-2.138354829172717,1.8269892418635387,-0.8719648513868579,1.4715583510075103
1663.9960557130532,0.0694211193427834,0.0326360260642181,14.404838318181818,-0.0305788806572165,4+A,bajo,7.0,Flores,1,81.13,2.00689833026796,0.8677325797391219,0.0007389240721516,0.4306612690454279,0.2791624172439522,media,0,0,-1.1901538722292249,1.1623131593087486,-1.5382063040187486,0.7027485280017997
2741.935483870968,0.0651519061211684,0.028722580611071,15.348745102564104,-0.0348480938788315,monoamb,bajo,14.0,Palermo,1,31.0,1.0932655783993988,0.3779436650990433,0.0020354411558041,0.3173293561387364,0.7185047022536231,alta,0,2,0.712735951661902,-0.8641807539533999,-0.8128784443307404,-0.2597612881880997
4741.379310344828,0.0422472627104842,0.0077266574846106,23.670172594444445,-0.0577527372895157,2A,medio,11.0,Villa Devoto,3,25.52,0.8582069647199494,4.3620039582823695,0.0010693665978338,0.579459732816385,2.659087709873237,media,0,3,1.591324207320164,3.1094544038532645,3.497259521310178,-2.049269812581686
3928.022822032039,0.0404574578191183,0.0060860030008584,24.717321698039218,-0.0595425421808816,2A,bajo,13.0,Colegiales,4,45.57,0.5517294996122596,1.3661741781806045,0.001811257462251,0.3242107629327673,0.3362126271488234,alta,0,2,2.3173674405506413,-0.6429378124161601,-0.2788646227475022,-0.6623461026842294
4852.405984634048,0.0255702437706512,-0.007560609876903,39.10795724003887,-0.0744297562293487,2A,alto,1.0,Monserrat,4,49.46,0.8147171586842906,0.9038579505967784,0.0018408245339653,1.3599759089981835,0.497858621461092,alta,0,2,2.0597724926022387,-1.1574408536048804,1.192585844055289,-0.7607175273800467
1415.0943396226414,0.0965584659949624,0.0575119271620488,10.356419705882354,-0.0034415340050375,3A,alto,1.0,Constitucion,1,53.0,0.2387718525679534,1.3600434174596308,0.0018408245339653,1.3599759089981835,0.497858621461092,media,0,1,-1.7379575695570624,-1.6710159110996508,1.017286713037844,-0.1719326184745325
1976.470588235294,0.0760702200590565,0.0387310350541351,13.145748746666666,-0.0239297799409434,2A,bajo,15.0,Villa Crespo,1,42.5,0.6103364069106374,1.577273253322361,0.0016924644253836,0.3560200247570848,0.3145034612612011,alta,0,1,-0.2479970951178658,-0.4996842530135463,-0.6353449269284194,-0.1161178659089928
2058.823529411765,0.0730274112566942,0.0359417936519697,13.693488277777778,-0.0269725887433057,3A,bajo,15.0,Villa Crespo,1,51.0,0.4813262922576787,1.0152124441811945,0.0016924644253836,0.3560200247570848,0.3145034612612011,media,0,1,-0.1376083291952959,-0.874332211451185,-0.7178710946163559,0.0619337229292918
2148.1481481481483,0.080791819924791,0.0430591682643918,12.377490703030302,-0.0192081800752089,monoamb,bajo,15.0,Villa Crespo,2,27.0,0.2673780375786482,1.3021630445176424,0.0016924644253836,0.3560200247570848,0.3145034612612011,alta,0,2,0.0905556437207683,-0.929824626551964,-0.5797742884222294,-0.62662359253576
3158.333333333333,0.0539516494772411,0.018455678687471,18.535114490277778,-0.0460483505227588,3A,medio,12.0,Villa Urquiza,2,60.0,1.2596683679979774,2.6618214203953805,0.0016590377581003,0.4997101681025006,0.2333980703538691,alta,0,2,0.8197109726657129,0.5442505378350304,-0.2109457047871829,-0.0481482804298386
2946.428571428572,0.0709988720551194,0.0340822993838594,14.0847308,-0.0290011279448805,monoamb,bajo,15.0,Villa Crespo,1,22.4,0.2523782870634238,1.2462393653609023,0.0016924644253836,0.3560200247570848,0.3145034612612011,alta,0,2,0.4997897208608005,-0.840931702021949,-0.5347993108551009,-0.5693876996874997
2367.288378766141,0.0602414671982831,0.0242213449317595,16.5998613,-0.0397585328017168,2A,alto,6.0,Caballito,1,41.82,0.1915648733802138,0.5864887552472593,0.0014709557236647,0.6815238874122538,0.2822013725531903,alta,0,1,-0.3061813710441906,-1.1863558794561346,-0.2822542572949433,-0.1479981703581005
2718.89400921659,0.0673887599167235,0.0307730299236632,14.83926995,-0.0326112400832764,3A,bajo,13.0,Belgrano,1,65.1,1.0672963172043008,1.9423400371773911,0.001811257462251,0.3242107629327673,0.3362126271488234,alta,0,2,0.4754840437669868,-0.0270970861451913,-0.5778452372638468,0.2653339750363615
1388.888888888889,0.0817907006074975,0.0439748088902061,12.226328819444443,-0.0182092993925024,3A,bajo,7.0,Flores,2,90.0,0.5077606834817838,0.5368519803318815,0.0007389240721516,0.4306612690454279,0.2791624172439522,media,0,1,-1.210936804231961,-0.192273917223641,-0.8646421331733242,0.4743650197922349
714.2857142857143,0.1703972929322866,0.1251975185212627,5.868637833333334,0.0703972929322866,monoamb,alto,1.0,San Nicolas,2,35.0,0.7093777074503087,1.8508335681853088,0.0018408245339653,1.3599759089981835,0.497858621461092,alta,0,1,-2.611238382654556,-1.423122443636937,0.5576000843836586,-0.879260036935816
2018.4135977337112,0.0841308234304343,0.0461199214778981,11.88625,-0.0158691765695656,4+A,bajo,14.0,Palermo,2,141.2,0.6738877554442192,1.803022588876384,0.0020354411558041,0.3173293561387364,0.7185047022536231,alta,0,2,0.2932799333344867,-0.6360548183458865,0.2139864747162639,1.2534344684886771
3111.111111111112,0.050713480039371,0.0154873567027567,19.71862312,-0.0492865199606289,3A,bajo,13.0,Belgrano,1,54.0,1.594528131512737,1.727322939349892,0.001811257462251,0.3242107629327673,0.3362126271488234,alta,0,2,0.8885547225306654,0.3284123809654815,-0.8777836094983529,0.1926155487348973
1695.6521739130435,0.053390714869314,0.0179414886302045,18.729848484848485,-0.0466092851306859,4+A,alto,2.0,Recoleta,2,230.0,0.5902519618418328,2.872575483828895,0.0014373274573867,1.0447534381885877,0.3343869191202226,media,0,1,-0.8891952008065664,-0.0190167244583005,1.564063370006607,2.759402410334656
3107.909090909091,0.0529578856701537,0.0175447285309742,18.88292909253333,-0.0470421143298462,2A,bajo,13.0,Nuñez,3,44.0,2.1396246376557126,3.124253267485169,0.001811257462251,0.3242107629327673,0.3362126271488234,alta,0,0,1.298217311153847,1.360234611541551,-0.6523155112877953,-0.39848528373831
1553.196997152472,0.0922985336716552,0.0536069891990173,10.834408307692309,-0.0077014663283447,monoamb,alto,3.0,Balvanera,2,38.63,0.2832628292385483,2.2709116990757634,0.0010344625327268,0.9331491918927998,0.3306390495886265,media,0,1,-1.5646829879459123,-0.0639560285452846,0.4524261459196935,-0.6809300787410608
2231.958762886598,0.0393527235409437,0.0050733299125318,25.41120181833333,-0.0606472764590562,monoamb,medio,12.0,Villa Pueyrredon,2,58.2,1.58120710171684,2.824744777737754,0.0016590377581003,0.4997101681025006,0.2333980703538691,alta,0,0,0.2529418342905198,0.8584499871357709,-0.3496427736316117,0.1232141579831023
1701.0935601458082,0.0791130288614188,0.0415202764563005,12.640143025641027,-0.0208869711385812,2A,alto,3.0,Balvanera,1,41.15,0.3237674771519778,2.352913392686762,0.0010344625327268,0.9331491918927998,0.3306390495886265,alta,0,1,-1.6022159035885428,0.1062752302570696,0.5024153027046603,-0.415815017424897
1409.090909090909,0.1016887070724936,0.0622146481497858,9.833933666666669,0.0016887070724936,4+A,medio,11.0,Villa Gral. Mitre,1,110.0,1.7220024406956094,1.0793425885706145,0.0010693665978338,0.579459732816385,2.659087709873237,media,0,3,-1.621308971306446,1.6328620982317303,1.5943446977009506,0.2777424309318417
2030.6122448979595,0.068098978426657,0.0314240635577689,14.684508095477597,-0.0319010215733429,4+A,alto,6.0,Caballito,2,196.0,0.0588526534742335,0.8636374271203624,0.0014709557236647,0.6815238874122538,0.2822013725531903,media,0,1,-0.2936514636973322,-1.3135783472987992,0.4158194040729585,2.2506429916979807
1401.3935645502231,0.1059033454676921,0.0660780666787177,9.442572334082396,0.0059033454676921,4+A,bajo,15.0,Parque Chas,2,127.73,0.6328306868625171,1.295267454358608,0.0016924644253836,0.3560200247570848,0.3145034612612011,media,0,1,-0.5973244338561596,-0.8646541500857411,-0.5752653116736336,1.1118029489861656
1087.7551020408164,0.1815205383583479,0.1353938268284856,5.509018478260869,0.0815205383583479,4+A,bajo,7.0,Parque Chacabuco,1,147.0,0.74156304912106,1.750295954641215,0.0007389240721516,0.4306612690454279,0.2791624172439522,media,0,1,-2.4755594004352184,0.2365476325319262,-0.8010180595406577,1.1552065793115138
2415.026833631485,0.0378660650960636,0.0037105596713917,26.408870250000003,-0.0621339349039363,monoamb,medio,12.0,Villa Pueyrredon,2,55.9,1.58120710171684,2.824744777737754,0.0016590377581003,0.4997101681025006,0.2333980703538691,alta,0,0,0.3961010697701465,0.8761321483898373,-0.3369221049863747,0.0691527859516177
1961.7114048235453,0.0591780554741566,0.0232465508513102,16.8981557773,-0.0408219445258433,3A,medio,11.0,Villa Gral. Mitre,3,73.39,2.2020769231731263,1.0347612464233344,0.0010693665978338,0.579459732816385,2.659087709873237,alta,0,3,-0.4165701757392268,2.0769111668382902,1.4664130800454371,-0.5222829324022952
3749.732161988429,0.0438164467540165,0.0091650761911818,22.822480462962965,-0.0561835532459834,2A,bajo,14.0,Palermo,1,46.67,0.7073077989338713,1.532701531581492,0.0020354411558041,0.3173293561387364,0.7185047022536231,alta,0,2,1.578538695497787,-0.4069559203086961,0.0301455799233779,-0.1682645753103631
3277.255844439589,0.0606852919049045,0.0246281842461625,16.478457441829992,-0.0393147080950954,3A,bajo,14.0,Palermo,1,45.77,0.2715474482453566,1.723510682407703,0.0020354411558041,0.3173293561387364,0.7185047022536231,media,0,2,1.099580895117284,-0.7085416513414027,0.2219322451996293,-0.27640597869864
1772.5467952353945,0.0940593056986222,0.055221030223737,10.631590277777777,-0.0059406943013777,2A,medio,11.0,Villa Gral. Mitre,2,35.26,1.3642862692150908,1.825744673833393,0.0010693665978338,0.579459732816385,2.659087709873237,alta,0,3,-1.1166437287088151,1.8156284340999984,1.8740552967414636,-1.2956197836145509
1178.571428571429,0.1239769394940667,0.0826455278695612,8.066016180758018,0.0239769394940667,2A,alto,1.0,Constitucion,1,42.0,0.0703372930633902,0.8179490821498115,0.0018408245339653,1.3599759089981835,0.497858621461092,alta,0,1,-2.108487270983421,-2.1833402704545604,0.7457254304169497,-0.4274878170677893
2605.5237102657634,0.0541619966820482,0.0186484969585442,18.463130262172285,-0.0458380033179517,4+A,bajo,15.0,Chacarita,7,134.33,0.4856887616583777,0.266156913202988,0.0016924644253836,0.3560200247570848,0.3145034612612011,media,0,2,1.9557157323741676,-1.4627851370652083,-0.3805012509751455,0.4572300379361486
1813.5593220338983,0.0621074245267213,0.0259318058161611,16.101134568376068,-0.0378925754732787,3A,medio,4.0,La Boca,1,59.0,1.764363664421967,1.1175470087632975,0.0003390684780865,0.6643909367912209,0.3621231466264265,media,0,0,-1.5951505054361053,1.5361563509749836,-0.9834075984402358,0.1636687885005248
1507.765314926661,0.078007344403908,0.040506732370249,12.8193057671875,-0.0219926555960919,2A,medio,4.0,Barracas,1,46.36,0.9512195607153818,0.3692370402864479,0.0003390684780865,0.6643909367912209,0.3621231466264265,alta,0,1,-1.9132510807578915,0.4938903790954689,-0.9505319173904212,-0.1306596861578544
1479.9154334038055,0.1083239933640965,0.0682969939170884,9.231565131086144,0.0083239933640965,4+A,bajo,15.0,Paternal,2,118.25,0.9009232342628944,0.9813795122339236,0.0016924644253836,0.3560200247570848,0.3145034612612011,media,0,1,-0.5547584602159512,-0.8358392603723023,-0.8678568283577032,0.993594097649208
1905.5995309293464,0.0655374203585717,0.0290759686620241,15.25845836666667,-0.0344625796414282,2A,medio,4.0,Barracas,1,34.11,1.0574659042307994,0.7031528603821297,0.0003390684780865,0.6643909367912209,0.3621231466264265,media,0,0,-1.546987034424309,0.8207054082409426,-0.8498383483617251,-0.3448802543995359
2911.764705882353,0.0516355433128141,0.0163325813700796,19.36650485,-0.0483644566871858,3A,medio,12.0,Villa Pueyrredon,2,68.0,2.396304427741029,3.847497793563037,0.0016590377581003,0.4997101681025006,0.2333980703538691,alta,0,0,0.6091377311015259,1.9662026897762133,-0.376338755318524,0.1795459689875714
3876.082807223609,0.0451811003987123,0.0104160086988196,22.133148400000003,-0.0548188996012876,3A,bajo,13.0,Colegiales,4,68.11,0.63531030815918,1.5459432477784107,0.001811257462251,0.3242107629327673,0.3362126271488234,alta,0,2,2.2470800650355263,-0.5221357937232777,-0.2009517808872056,-0.2980187413020183
2814.738996929376,0.0619626519753769,0.0257990976440955,16.13875404166667,-0.038037348024623,monoamb,medio,12.0,Villa Urquiza,3,29.31,1.1154757862742188,2.4295729713370293,0.0016590377581003,0.4997101681025006,0.2333980703538691,alta,0,2,0.747623980567305,0.2442183498714835,-0.3565410074133904,-0.7473603824436352
2527.710843373494,0.0764586785479148,0.0390871220022552,13.078960021174364,-0.0235413214520851,monoamb,bajo,14.0,Palermo,3,41.5,0.2946660253459917,1.1385331166223531,0.0020354411558041,0.3173293561387364,0.7185047022536231,alta,0,2,0.944330434367481,-1.1832659332629347,-0.0768858482839954,-0.6445161733842095
1834.117144078666,0.1092290339309529,0.0691266144367069,9.15507502,0.0092290339309529,monoamb,medio,4.0,Parque Patricios,1,23.39,0.1475549041428264,1.1401265031152186,0.0003390684780865,0.6643909367912209,0.3621231466264265,media,0,1,-1.9563013463257224,0.2397478147599526,-0.4253536377137638,-0.8684378536540818
2564.4444444444443,0.0479888389973944,0.0129897690809448,20.83817864512821,-0.0520111610026055,2A,medio,10.0,Monte Castro,2,45.0,1.7612204912400609,2.619949961129333,0.0007950753514594,0.4818638493693606,0.3093771634352494,alta,0,0,-0.2181577076251608,1.931377156302189,-0.6087147694192363,-0.2958343683322442
2500.0,0.1874370222255153,0.140817270373389,5.335125303030304,0.0874370222255153,monoamb,alto,2.0,Recoleta,1,10.0,0.7272971995879451,3.214815661539708,0.0014373274573867,1.0447534381885877,0.3343869191202226,alta,0,1,-1.7344252560716331,-0.0205924113440211,0.3247749270259518,-1.4827116944813643
2350.9803921568628,0.0639522784149532,0.0276229218803738,15.63665947148148,-0.0360477215850467,3A,bajo,15.0,Villa Ortuzar,2,51.0,0.3861233519429405,0.9197968413714604,0.0016924644253836,0.3560200247570848,0.3145034612612011,media,0,2,0.3958923903241069,-0.9841695786473316,-0.6098963297909061,-0.1211445801529758
2396.551724137931,0.0520998917239005,0.0167582340802422,19.19389785490196,-0.0479001082760994,3A,medio,10.0,Monte Castro,2,58.0,1.7612204912400609,2.619949961129333,0.0007950753514594,0.4818638493693606,0.3093771634352494,media,0,0,-0.3652508682452032,1.899046610038032,-0.5919894420016442,-0.0732974579076545
4511.278195488721,0.0357555999579345,0.0017759666281067,27.96764705882353,-0.0642444000420654,4+A,medio,12.0,Villa Pueyrredon,4,133.0,1.4042425686349658,3.554185894435488,0.0016590377581003,0.4997101681025006,0.2333980703538691,media,0,2,2.439142190226267,1.1359237122384158,0.5402356528808243,0.6889677298030775
1753.7313432835822,0.0805507883908413,0.0428382226916045,12.414527777777778,-0.0194492116091586,4+A,alto,1.0,Monserrat,1,134.0,0.3167323532050878,2.238473990641386,0.0018408245339653,1.3599759089981835,0.497858621461092,alta,0,1,-1.3578943852775711,-1.1221938182251936,1.673027356178806,1.170025867261396
3666.6666666666665,0.0425993232330716,0.0080493796303156,23.47455133333333,-0.0574006767669283,monoamb,alto,2.0,Recoleta,2,30.0,0.7175801937486661,2.778305078428497,0.0014373274573867,1.0447534381885877,0.3343869191202226,alta,0,2,0.521071326975456,0.2913009711526835,0.9468962487694512,-0.7961857327187426
2969.061876247505,0.0465370758008345,0.011658986150765,21.48824314358974,-0.0534629241991654,2A,alto,3.0,San Cristobal,1,40.08,0.6718452472222596,1.1247922231404972,0.0010344625327268,0.9331491918927998,0.3306390495886265,alta,0,1,-0.384435454101253,-0.0906819517827427,0.1074798574970755,-0.2902006444866323
4533.333333333333,0.0325759530605842,-0.0011387096944644,30.697490205128208,-0.0674240469394158,4+A,medio,12.0,Villa Urquiza,5,75.0,0.5768768099186614,1.603115112658251,0.0016590377581003,0.4997101681025006,0.2333980703538691,media,0,2,2.776131966811552,-0.4729764204166938,0.1210556358260332,-0.4149075900796019
3931.283333333333,0.0433439359324444,0.0087319412714074,23.07127810355278,-0.0566560640675555,2A,bajo,13.0,Colegiales,2,60.0,0.3731266939622849,1.214169809320021,0.001811257462251,0.3242107629327673,0.3362126271488234,media,0,2,1.8197265505306044,-0.7832730540237712,-0.2593518283409639,-0.0742080470062779
3572.929802437999,0.0501168508624372,0.0149404466239008,19.953368633333334,-0.0498831491375627,3A,medio,12.0,Saavedra,2,47.58,2.2097045735913463,3.228477206428166,0.0016590377581003,0.4997101681025006,0.2333980703538691,media,0,0,1.1144993702793615,1.5656992882171152,-0.5109459069325549,-0.2110506509047206
2304.6875,0.0898346080697858,0.0513483907306369,11.13156746031746,-0.0101653919302142,3A,bajo,14.0,Palermo,1,128.0,0.8015538749142445,0.8876490638092733,0.0020354411558041,0.3173293561387364,0.7185047022536231,media,0,2,0.2365203335369995,-0.976932941359688,-0.2590504789976738,1.248858758959002
2185.880829015544,0.0757321301921273,0.0384211193427834,13.204435125000002,-0.0242678698078726,2A,alto,5.0,Almagro,1,30.88,0.5048621234466316,0.94950520041099,0.0013072260551381,0.7262366972989581,0.8153691824811038,alta,0,1,-0.7751602289575648,-0.4039079975292812,0.2143864506086527,-0.5756067805212368
1279.0697674418604,0.1549066299384424,0.1109977441102388,6.455501616666667,0.0549066299384423,3A,bajo,13.0,Nuñez,1,43.0,3.633654286064682,4.622768225960687,0.001811257462251,0.3242107629327673,0.3362126271488234,alta,0,0,-1.389261753442738,2.814705090392708,-1.534947476707901,-0.2038807396370285
1516.565562295847,0.0930631369091719,0.0543078755000742,10.745393215962444,-0.006936863090828,2A,bajo,7.0,Parque Chacabuco,6,42.86,0.951861178889026,0.735612254814744,0.0007389240721516,0.4306612690454279,0.2791624172439522,alta,0,2,-0.2585262809616145,0.0512501861465184,-1.1099573490381878,-1.0818889370313511
2352.9411764705883,0.0709988720551194,0.0340822993838594,14.0847308,-0.0290011279448805,3A,medio,12.0,Saavedra,2,51.0,2.335128597754713,3.3285524974696243,0.0016590377581003,0.4997101681025006,0.2333980703538691,media,0,0,0.0632357055566809,1.5562603434510085,-0.7132769748396661,-0.0924514924073681
2636.3636363636365,0.0739771033612439,0.0368123447478069,13.517696078431372,-0.026022896638756,4+A,medio,12.0,Villa Urquiza,2,110.0,0.1987043689340437,1.2720838749639132,0.0016590377581003,0.4997101681025006,0.2333980703538691,media,0,2,0.3719528385177278,-1.0733086770973577,-0.0833760826124765,0.749464565176835
2849.673202614379,0.0586229218803738,0.0227376783903426,17.058173968888887,-0.0413770781196261,2A,medio,12.0,Villa Pueyrredon,2,38.25,1.4576542735047229,4.037537442564318,0.0016590377581003,0.4997101681025006,0.2333980703538691,alta,0,0,0.4941477887558521,1.3812913759698833,0.0526592971466669,-0.4911617268977858
3027.13207265117,0.0514132809852654,0.0161288409031599,19.450227272727272,-0.0485867190147345,4+A,alto,2.0,Recoleta,3,133.79,0.4654337764946213,3.0584701348904333,0.0014373274573867,1.0447534381885877,0.3343869191202226,media,0,1,0.2807770160481642,0.0865552196847031,1.4993159709408417,0.7617927945080316
2724.4244653316987,0.0566570998999853,0.0209356749083198,17.65003859649123,-0.0433429001000146,4+A,bajo,14.0,Palermo,2,73.41,0.3900552108102237,1.74557615179001,0.0020354411558041,0.3173293561387364,0.7185047022536231,media,0,2,0.9893343784357848,-0.6885281789708281,0.2676513784708533,0.105892500403962
1621.9907802629332,0.089682785753835,0.0512092202743488,11.150411883333334,-0.0103172142461649,2A,bajo,15.0,Paternal,1,58.57,0.7845960439600501,0.943442395877554,0.0016924644253836,0.3560200247570848,0.3145034612612011,media,0,1,-0.5807592354790854,-0.7863041477691973,-0.980158269274008,0.2159479163378598
1585.0436903068482,0.076460323751667,0.0390886301056948,13.0786786,-0.0235396762483329,2A,alto,5.0,Almagro,1,49.21,1.242251554899119,0.8842877431841417,0.0013072260551381,0.7262366972989581,0.8153691824811038,alta,0,1,-1.210376415661247,0.0406559909218941,-0.1890465568823028,-0.0922873586875953
1642.4898303783868,0.062292950551269,0.0261018713386633,16.053180835879147,-0.0377070494487309,4+A,medio,10.0,Monte Castro,2,130.29,1.5884464158710243,2.9064504840569474,0.0007950753514594,0.4818638493693606,0.3093771634352494,media,0,0,-0.9630473069060888,1.8025806342461428,-0.2393662001059317,1.150945142207774
967.117988394584,0.1646037849725889,0.1198868028915398,6.075194444444445,0.0646037849725889,4+A,alto,1.0,Constitucion,2,118.91,0.5195628478773932,0.6214455407546444,0.0018408245339653,1.3599759089981835,0.497858621461092,alta,0,1,-2.290072556516813,-2.2115701147455438,0.5658791833304201,0.6195475146984839
3091.684434968017,0.0954812417292985,0.0565244715851903,10.473261364102564,-0.0045187582707014,monoamb,bajo,14.0,Palermo,2,18.76,1.255228691513874,0.7175771891064653,0.0020354411558041,0.3173293561387364,0.7185047022536231,alta,0,2,0.9537451163065488,-0.6968989639426062,-0.8820252879581456,-0.8315146463543451
1913.8755980861245,0.0724188494962218,0.0353839453715366,13.808559607843138,-0.0275811505037781,3A,alto,1.0,San Nicolas,2,52.25,0.2319296844425876,2.7853202071572625,0.0018408245339653,1.3599759089981835,0.497858621461092,media,0,1,-0.9950901634464208,-0.8549391288574036,1.695621430124874,-0.4427670207955385
2039.748953974896,0.0946651627401592,0.0557763991784793,10.5635481,-0.0053348372598407,3A,alto,6.0,Caballito,1,57.36,0.5091610591158551,0.7033178681764639,0.0014709557236647,0.6815238874122538,0.2822013725531903,media,0,1,-0.8125598780172577,-1.0525242701365305,-0.5173344456161044,0.0370164530345409
2827.586206896552,0.0623404730240073,0.02614543360534,16.04094341111111,-0.0376595269759927,monoamb,medio,12.0,Saavedra,1,29.0,1.9023545325384967,2.9244490740646407,0.0016590377581003,0.4997101681025006,0.2333980703538691,alta,0,0,0.2363772868142693,1.1504915170422645,-0.6636844265498674,-0.3244624934230774
800.3341687552214,0.1689743510288855,0.1238931551098117,5.918057941403509,0.0689743510288855,3A,alto,1.0,San Nicolas,2,59.85,0.1858076204843884,2.7416542029518016,0.0018408245339653,1.3599759089981835,0.497858621461092,alta,0,1,-2.5539056895495373,-1.3355097704864942,1.2578652167121702,-0.6067768603455138
1357.142857142857,0.0701615337787977,0.0333147392972313,14.252824106621674,-0.0298384662212022,4+A,medio,10.0,Floresta,2,140.0,3.167115975512393,1.1739824551469953,0.0007950753514594,0.4818638493693606,0.3093771634352494,media,0,0,-1.1740639998056486,1.975096080756564,-1.721127094425915,1.673599654993703
2605.937004305461,0.0555643346518325,0.0199339734308465,17.997156022222224,-0.0444356653481674,2A,medio,12.0,Saavedra,1,44.13,2.125985225074778,3.1252694403433483,0.0016590377581003,0.4997101681025006,0.2333980703538691,alta,0,0,0.1274258057794317,1.418575089050563,-0.6482445588945678,0.0011828653335679
2783.0188679245284,0.1026681235083266,0.0631124465492994,9.740121527777776,0.0026681235083266,4+A,bajo,13.0,Belgrano,2,106.0,0.8990887736918017,1.8026926297130343,0.001811257462251,0.3242107629327673,0.3362126271488234,alta,0,2,0.5195486293821555,-0.4111823249209341,-0.4936319838564222,0.6039831538401265
1500.0,0.1064983080826791,0.0666234490757892,9.389820533333332,0.0064983080826791,2A,bajo,15.0,Chacarita,1,40.0,0.9639937082319676,0.463089147821925,0.0016924644253836,0.3560200247570848,0.3145034612612011,alta,0,1,-0.7942792858235297,-0.9676434840065108,-1.3912141963217497,-0.0937712781687963
833.3333333333334,0.4259932323307165,0.3594937963031568,2.3474551333333338,0.3259932323307165,monoamb,alto,1.0,San Nicolas,3,12.0,0.7093777074503087,1.8508335681853088,0.0018408245339653,1.3599759089981835,0.497858621461092,alta,0,1,-4.296562347772648,-2.3826680918216727,-0.4958934026293017,-2.5825974107725216
2288.4615384615386,0.0644359511088479,0.0280662885164438,15.519286714814816,-0.0355640488911521,3A,bajo,15.0,Villa Crespo,3,52.0,0.5370430755354997,0.753824409988464,0.0016924644253836,0.3560200247570848,0.3145034612612011,media,0,2,0.5984367536583989,-1.0116482279942118,-0.7220772298532858,-0.2482511315183354
1947.368421052632,0.0846791649893119,0.0466225679068692,11.80928035988804,-0.015320835010688,4+A,bajo,14.0,Palermo,1,95.0,0.2058320925559162,0.9212130031930484,0.0020354411558041,0.3173293561387364,0.7185047022536231,media,0,1,0.0041545683125287,-1.3696850467542228,-0.0571198204057951,0.6699284428781007
2215.976331360947,0.0739374101508586,0.0367759593049537,13.5249530374359,-0.0260625898491413,2A,bajo,13.0,Belgrano,2,33.8,2.655153245579099,2.239083405862224,0.001811257462251,0.3242107629327673,0.3362126271488234,media,0,0,0.2647218685725525,1.1844046412841358,-1.4686397124469708,-0.2308407126511912
1963.636363636364,0.111005947581823,0.0707554519500044,9.008526315789473,0.011005947581823,4+A,bajo,14.0,Palermo,1,110.0,0.7172366462205676,0.8252642323741897,0.0020354411558041,0.3173293561387364,0.7185047022536231,alta,0,1,-0.183300447179875,-1.157867632472675,-0.4132099432869577,0.8847730801907276
2523.722996163941,0.0706698916815648,0.0337807340414344,14.15029761904762,-0.0293301083184351,3A,bajo,14.0,Palermo,3,99.06,0.7172366462205676,0.8252642323741897,0.0020354411558041,0.3173293561387364,0.7185047022536231,alta,0,2,1.025646751466368,-1.055682087042129,-0.1843441159548898,0.4419739557433019
2589.4897182025893,0.0630981175728257,0.0268399411084235,15.848333333333333,-0.0369018824271742,3A,bajo,14.0,Palermo,2,65.65,0.5479332833638211,1.5275862741592086,0.0020354411558041,0.3173293561387364,0.7185047022536231,alta,0,2,0.8438098296717744,-0.71689817112367,0.0408261447381295,0.0014879438453622
2772.466539196941,0.0587576872180298,0.022861213283194,17.019049716666668,-0.0412423127819701,3A,medio,12.0,Villa Urquiza,1,52.3,0.7280675662594018,1.9311632951650228,0.0016590377581003,0.4997101681025006,0.2333980703538691,media,0,2,0.2841238669768724,-0.2116539270481081,-0.2981589352366871,0.0192223339608718
2492.4242424242425,0.0453184289713528,0.01054189322374,22.06607825333333,-0.0546815710286471,3A,alto,3.0,Balvanera,5,66.0,0.1761725291016316,1.9825610990768057,0.0010344625327268,0.9331491918927998,0.3306390495886265,media,0,2,0.2493958315961236,-0.2059020632720286,0.8623455152616328,-0.6623572603922124
3236.111111111112,0.0486327037768114,0.0135799784620771,20.56229496491228,-0.0513672962231885,4+A,bajo,14.0,Palermo,5,72.0,0.6413902454646654,0.7272538344255989,0.0020354411558041,0.3173293561387364,0.7185047022536231,media,0,2,2.197225742496302,-1.1079771316141858,-0.067974361845939,-0.374216666699644
2792.8626842513577,0.0632138457342755,0.0269460252564192,15.819319144156792,-0.0367861542657244,3A,bajo,14.0,Palermo,2,51.56,0.2725150486591211,1.274592041722182,0.0020354411558041,0.3173293561387364,0.7185047022536231,media,0,2,0.9947253116766636,-1.0265502172584562,0.0629857126457007,-0.2778531381860411
2345.679012345679,0.0929866995810063,0.0542378079492558,10.75422619047619,-0.0070133004189936,3A,bajo,14.0,Palermo,2,81.0,1.1768364820656043,0.9662294050538912,0.0020354411558041,0.3173293561387364,0.7185047022536231,alta,0,2,0.4566801277228323,-0.6930720642398256,-0.57867258537884,0.2923589463284929
2357.1428571428573,0.0688473910837521,0.0321101084934394,14.5248786375,-0.0311526089162478,3A,alto,2.0,Recoleta,1,84.0,0.9904289516418424,2.6358751684616304,0.0014373274573867,1.0447534381885877,0.3343869191202226,alta,0,1,-0.8486144204642464,0.2501095365607008,0.7017183544036733,0.3923885850738985
1851.851851851852,0.0765709354315971,0.0391900241456307,13.059785600938968,-0.0234290645684028,2A,bajo,7.0,Flores,1,42.66,2.894087247916974,0.7161405605551042,0.0007389240721516,0.4306612690454279,0.2791624172439522,alta,0,0,-1.1320243255273763,1.7240760670810529,-2.2175127397648504,0.128337136022561
1796.4071856287426,0.0971563512333213,0.0580599886305445,10.292687892307692,-0.0028436487666786,4+A,bajo,15.0,Chacarita,1,63.46,0.4856887616583777,0.266156913202988,0.0016924644253836,0.3560200247570848,0.3145034612612011,media,0,1,-0.4822963957740785,-1.3737256726727305,-1.060194249507819,0.2628805824967071
1574.074074074074,0.0937185111127576,0.0549086351866945,10.670250606060604,-0.0062814888872423,3A,bajo,7.0,Flores,2,54.0,2.6741089013202832,1.2088985711440838,0.0007389240721516,0.4306612690454279,0.2791624172439522,media,0,0,-1.2326525544273852,1.6958512151139449,-1.9426926354085885,0.0238903271036102
3373.78640776699,0.0459708371697846,0.0111399340723025,21.752921233665777,-0.0540291628302153,2A,alto,2.0,Recoleta,5,41.2,2.4303610332756898,1.6395378884650298,0.0014373274573867,1.0447534381885877,0.3343869191202226,alta,0,2,1.055426290041596,0.7573469415492304,-0.2781386860134813,-0.8106880792829688
1307.4247331174283,0.0781638958404984,0.0406502378537902,12.793630476666666,-0.0218361041595015,4+A,alto,1.0,Constitucion,1,83.37,0.1108677123666848,1.5781507659723732,0.0018408245339653,1.3599759089981835,0.497858621461092,media,0,1,-1.6628042090941302,-1.6043994265871664,1.3369315946448164,0.4010860451346238
2172.4137931034484,0.0642370747165366,0.0278839851568252,15.567334042105264,-0.0357629252834633,4+A,bajo,15.0,Chacarita,1,87.0,0.7188957764082247,0.5938026742477475,0.0016924644253836,0.3560200247570848,0.3145034612612011,media,0,2,0.0467141788713159,-0.9055897407862504,-0.8213522291216501,0.7658321369456659
3095.2380952380954,0.0589836783227146,0.0230683717958217,16.95384262962963,-0.0410163216772854,2A,bajo,14.0,Palermo,2,42.0,1.6991131078610069,0.9781544683927652,0.0020354411558041,0.3173293561387364,0.7185047022536231,alta,0,2,1.2414681192544434,-0.1221275088632739,-0.7973311595689243,-0.2403268619720811
2921.0925644916542,0.0591090505567252,0.0231832963436647,16.917882973612127,-0.0408909494432747,3A,bajo,14.0,Palermo,1,52.72,0.9590116008581776,1.1601669851538845,0.0020354411558041,0.3173293561387364,0.7185047022536231,media,0,2,0.8730462964004919,-0.5306038881724728,-0.3445808170151321,0.030328609098606
3173.529411764706,0.0473764484519796,0.0124284110809813,21.10753407388889,-0.0526235515480204,monoamb,medio,12.0,Villa Urquiza,3,34.0,0.2365968240411844,1.673078901474731,0.0016590377581003,0.4997101681025006,0.2333980703538691,alta,0,2,1.1605256885390027,-0.7074468600980663,-0.0534319664678926,-0.7005440885486007
2363.157894736842,0.0806445985481312,0.0429242153357869,12.400086527843136,-0.0193554014518688,2A,bajo,13.0,Belgrano,3,38.0,1.3477435423742417,1.5326642374805008,0.001811257462251,0.3242107629327673,0.3362126271488234,alta,0,2,0.6046399776923237,-0.1806773077617912,-0.991190153067683,-0.5059034025139915
1790.4406040790907,0.087788685318714,0.0494729615421545,11.390989583333331,-0.0122113146812859,3A,bajo,15.0,Chacarita,2,64.23,0.9639937082319676,0.463089147821925,0.0016924644253836,0.3560200247570848,0.3145034612612011,alta,0,1,-0.1780077099038571,-0.9377551043120852,-1.1746112475979575,0.1816098992410699
1701.6449234259785,0.0993984208771672,0.0601152191374032,10.060522,-0.0006015791228328,2A,alto,5.0,Almagro,2,35.26,0.5365725707045087,1.5150004944346371,0.0013072260551381,0.7262366972989581,0.8153691824811038,alta,0,1,-1.0851171127844697,-0.2464764648065423,0.3128783602638958,-0.7747408312728167
3352.9770371875634,0.043890211815892,0.0092326941645676,22.78412335294118,-0.0561097881841079,2A,bajo,13.0,Belgrano,3,49.21,0.3048759037933819,1.2255771648568496,0.001811257462251,0.3242107629327673,0.3362126271488234,alta,0,2,1.63674607085811,-0.8993815421291197,-0.2765053827241137,-0.3857144697267611
1916.376306620209,0.0804653883291353,0.0427599393017074,12.427703647058822,-0.0195346116708646,3A,bajo,7.0,Flores,1,51.66,2.3562327508967966,0.3584359489192303,0.0007389240721516,0.4306612690454279,0.2791624172439522,media,0,0,-1.0930741147896037,1.1370106009300789,-2.0358513530432147,0.214461806328474
2475.020815986678,0.0537417870896614,0.0182633048321896,18.60749435688889,-0.0462582129103385,2A,medio,12.0,Villa Urquiza,1,48.04,1.187549339521888,2.297095464098643,0.0016590377581003,0.4997101681025006,0.2333980703538691,alta,0,2,0.0879670324028438,0.3111911556191414,-0.4327593302465689,0.0345897511894519
3981.481481481481,0.0396272774261131,0.0053250043072704,25.235142683333336,-0.0603727225738868,3A,medio,12.0,Villa Urquiza,6,54.0,1.149142670630098,2.5627207263521203,0.0016590377581003,0.4997101681025006,0.2333980703538691,media,0,2,2.5147369673955478,0.3480060447362121,0.040488535910617,-0.9251790831363516
1572.9520116335434,0.0945586826649661,0.0556787924428856,10.575443436993844,-0.0054413173350338,2A,alto,1.0,San Nicolas,2,41.26,0.2729964290681013,2.46125603797842,0.0018408245339653,1.3599759089981835,0.497858621461092,alta,0,1,-1.40985433821449,-1.0903733306813186,1.4024427623258666,-0.6530938716794858
1280.4878048780488,0.1217123520944904,0.0805696560866162,8.216092966666666,0.0217123520944904,3A,alto,6.0,Caballito,1,82.0,0.7261527394575781,0.9289285975309916,0.0014709557236647,0.6815238874122538,0.2822013725531903,media,0,1,-1.5724913865717474,-0.9376577205165758,-0.6334971632422229,0.4367117160913731
1751.970009945681,0.0300364293674722,-0.0034666064131504,33.29290535055885,-0.0699635706325277,2A,bajo,13.0,Colegiales,2,130.71,0.2121537743934907,1.0643526989606222,0.001811257462251,0.3242107629327673,0.3362126271488234,alta,0,2,0.3886981146854144,-1.0976096952946874,-0.0994555010596665,1.4314559374773408
2091.8367346938776,0.0716915439776084,0.034717248646141,13.948646444444448,-0.0283084560223916,monoamb,alto,5.0,Almagro,3,39.2,0.2670758830111516,2.0078018656492795,0.0013072260551381,0.7262366972989581,0.8153691824811038,media,0,1,-0.3530676520429462,-0.1016125715640305,0.8201980354052714,-0.8942291890337044
2250.0,0.0946651627401592,0.0557763991784793,10.563548100000002,-0.0053348372598407,monoamb,alto,1.0,Constitucion,1,20.0,0.1695257326834518,1.4673933546637528,0.0018408245339653,1.3599759089981835,0.497858621461092,alta,0,1,-1.138795093702449,-1.589223640514853,1.0501373543423131,-0.8404570177374681
2435.408725116476,0.0555643346518325,0.0199339734308465,17.997156022222224,-0.0444356653481674,2A,bajo,15.0,Villa Ortuzar,4,47.22,0.3341591924020128,0.7555357480851259,0.0016924644253836,0.3560200247570848,0.3145034612612011,alta,0,2,1.0197657361475696,-1.15453479769595,-0.5519386840145039,-0.5190291474154712
2238.020010531859,0.0751758396070595,0.0379111863064712,13.30214607814094,-0.0248241603929404,2A,alto,2.0,Recoleta,2,37.98,2.4303610332756898,1.6395378884650298,0.0014373274573867,1.0447534381885877,0.3343869191202226,alta,0,0,-0.7370951875985835,0.711984948217844,-0.5927701652178263,-0.3085864530016683
2640.712237815,0.075461658298584,0.038173186773702,13.251762849462368,-0.0245383417014159,4+A,bajo,13.0,Belgrano,2,66.27,0.5194872638023378,1.1769369904173914,0.001811257462251,0.3242107629327673,0.3362126271488234,media,0,2,0.6356590858110049,-0.896480536219242,-0.5619644215428972,0.0664617273060334
1949.6632399858208,0.0898458453642965,0.0513586915839385,11.130175201149424,-0.0101541546357034,2A,alto,1.0,Retiro,1,28.21,0.3909977270105257,2.3150057563398603,0.0018408245339653,1.3599759089981835,0.497858621461092,alta,0,1,-1.3482400159144727,-0.9927126102712978,1.258714185531718,-0.6865199024617442
1337.7926421404684,0.1261962351456514,0.0846798822168471,7.924166666666666,0.0261962351456514,3A,bajo,15.0,Villa Crespo,3,59.8,0.6627664207129284,1.5134635206544669,0.0016924644253836,0.3560200247570848,0.3145034612612011,alta,0,1,-0.6009726086963906,-0.8123237707918735,-0.8125591598148804,-0.3208737935942608
2956.043956043956,0.0656783379940193,0.0292051431611844,15.225720238095237,-0.0343216620059806,3A,bajo,14.0,Palermo,2,91.0,0.929996059485481,0.2123547626791746,0.0020354411558041,0.3173293561387364,0.7185047022536231,alta,0,2,1.1492599621120962,-1.1325367318953783,-0.5217688711441416,0.5401169529984398
2166.6666666666665,0.0632436106460217,0.0269733097588532,15.811873955094992,-0.0367563893539782,3A,alto,5.0,Almagro,3,60.0,1.358346366618112,1.3769008488267676,0.0013072260551381,0.7262366972989581,0.8153691824811038,alta,0,1,-0.2067088199157984,0.3731551047562004,0.126707527376304,-0.3128873054159561
1415.6079854809436,0.0955754046895838,0.0566107876321185,10.462942879999998,-0.0044245953104161,3A,alto,3.0,Balvanera,2,55.1,0.3119538985911304,2.70356565520348,0.0010344625327268,0.9331491918927998,0.3306390495886265,media,0,1,-1.6980241228475723,0.153286213894148,0.6267939977348267,-0.4320487023385179
1687.289088863892,0.0804653883291353,0.0427599393017074,12.427703647058824,-0.0195346116708646,3A,alto,1.0,San Nicolas,2,53.34,0.167287950526813,1.3246722682785956,0.0018408245339653,1.3599759089981835,0.497858621461092,media,0,1,-1.1661473284533777,-1.7081693090101753,1.1614118102546718,-0.3181535148447962
1796.875,0.0648250570938047,0.0284229690026543,15.426133733333332,-0.0351749429061953,3A,alto,3.0,Balvanera,2,64.0,0.0447121168074638,3.301607705402652,0.0010344625327268,0.9331491918927998,0.3306390495886265,media,0,1,-1.1960437689643866,0.405253691760324,1.1685267071542649,-0.2779336272303719
618.75,0.430296194273451,0.3634381780839967,2.3239805820000004,0.330296194273451,monoamb,alto,1.0,Retiro,1,16.0,0.5726374938913704,2.1211007044135943,0.0018408245339653,1.3599759089981835,0.497858621461092,alta,0,1,-4.985065295603049,-2.284822622352711,-0.4090126821993167,-2.1822071927473705
1851.0452961672472,0.0641495691039196,0.027803771678593,15.588569244791666,-0.0358504308960803,2A,medio,4.0,Barracas,2,45.92,1.1805731239371142,1.5325709720897251,0.0003390684780865,0.6643909367912209,0.3621231466264265,alta,0,0,-1.3556737868812034,1.2948607349865229,-0.5443489494462301,-0.3689526719874076
3075.345976422347,0.0532491540413395,0.0178117245378946,18.779641066666667,-0.0467508459586604,2A,medio,12.0,Villa Pueyrredon,1,39.02,1.5842306503657957,2.791016605298864,0.0016590377581003,0.4997101681025006,0.2333980703538691,alta,0,0,0.5002952312712944,0.8957984029376148,-0.4489545025283721,-0.1752465336302271
959.5755432036382,0.0996810704152065,0.0603743145472726,10.031995,-0.0003189295847934,4+A,alto,1.0,Constitucion,2,197.9,0.3872408022240651,1.1721122662217456,0.0018408245339653,1.3599759089981835,0.497858621461092,alta,0,1,-1.7640745337470631,-1.8247711366302384,1.374471240815033,2.1808066267273536
2617.6470588235293,0.0622237305651608,0.0260384196847307,16.071038989743588,-0.0377762694348391,monoamb,bajo,14.0,Palermo,4,34.0,0.1539729210438325,0.9521170331264068,0.0020354411558041,0.3173293561387364,0.7185047022536231,alta,0,2,1.3715754226578163,-1.3622283621804043,-0.0004830939317582,-0.9071464276113808
3278.3505154639174,0.0482256489430999,0.0132068448645083,20.73585367777778,-0.0517743510569,2A,bajo,14.0,Palermo,2,48.5,1.2329806668680567,0.9055876900458324,0.0020354411558041,0.3173293561387364,0.7185047022536231,alta,0,2,1.4686616539048971,-0.4466886047949033,-0.4932655425246831,-0.161073467000859
1941.176470588236,0.1070755934569164,0.0671526273355067,9.339196428571428,0.0070755934569164,3A,bajo,14.0,Palermo,1,85.0,0.7172366462205676,0.8252642323741897,0.0020354411558041,0.3173293561387364,0.7185047022536231,alta,0,1,-0.1819612009924263,-1.1309331740267212,-0.4896476409341437,0.4800084562098381
1889.57055214724,0.0940504538911971,0.0552129160669307,10.632590898039217,-0.0059495461088028,3A,alto,1.0,San Nicolas,1,40.75,0.4810452060343015,2.006397363161532,0.0018408245339653,1.3599759089981835,0.497858621461092,media,0,1,-1.4072402103501485,-1.1155471601066052,1.1239400731136853,-0.4466922575221347
2484.848484848485,0.0623404730240073,0.02614543360534,16.04094341111111,-0.0376595269759927,monoamb,medio,12.0,Villa Urquiza,1,33.0,0.3470707099212181,1.7129906490473936,0.0016590377581003,0.4997101681025006,0.2333980703538691,alta,0,2,0.0487062091545352,-0.6178306500042169,-0.2802710654724886,-0.3232279439249694
3159.4202898550725,0.0461166985458941,0.0112736403337362,21.6841194519774,-0.0538833014541059,monoamb,alto,6.0,Caballito,4,34.5,0.5925444491514749,0.1939483512991,0.0014709557236647,0.6815238874122538,0.2822013725531903,alta,0,2,1.1248544247272114,-1.1293082155573335,-0.4480863138889455,-0.7674746555827373
1866.6666666666667,0.0988912860767734,0.0596503455703757,10.11211442051282,-0.0011087139232265,3A,alto,6.0,Caballito,2,60.0,1.106025665685156,0.789367046405355,0.0014709557236647,0.6815238874122538,0.2822013725531903,media,0,1,-0.7318820832393327,-0.6505602359633406,-0.7955504505664058,-0.026882639567106
2629.8245614035086,0.0795717845581058,0.041940802511597,12.567268731666667,-0.0204282154418941,3A,bajo,13.0,Nuñez,1,57.0,3.2681922901716702,4.313813545248084,0.001811257462251,0.3242107629327673,0.3362126271488234,alta,0,0,0.2031632653914081,2.7410269206723767,-0.9899981726313082,0.1809174644540719
4505.664263645725,0.0438164467540165,0.0091650761911818,22.822480462962965,-0.0561835532459834,2A,bajo,14.0,Palermo,3,38.84,1.7937628536631245,1.2616803020739715,0.0020354411558041,0.3173293561387364,0.7185047022536231,alta,0,2,2.615860287768181,0.1928823607791099,-0.5501336707847366,-0.5882080902572736
3259.259259259259,0.0609944855382617,0.0249116117434065,16.394924740740738,-0.0390055144617383,monoamb,bajo,13.0,Belgrano,5,27.0,0.7867196461179015,1.6843243776476922,0.001811257462251,0.3242107629327673,0.3362126271488234,alta,0,2,1.8937318843449176,-0.4562037577314436,-0.4629177411303635,-1.1676797456760368
1500.0,0.2603291975354379,0.207635097740818,3.841290218181818,0.1603291975354379,monoamb,bajo,15.0,Villa Ortuzar,4,12.0,0.3341591924020128,0.7555357480851259,0.0016924644253836,0.3560200247570848,0.3145034612612011,alta,0,1,-1.2836709788332148,-1.9414804470991327,-1.5666464481959017,-1.9007098979697
4257.862105027265,0.0376374736399311,0.0035010175032702,26.56926470588236,-0.0623625263600688,4+A,medio,12.0,Villa Urquiza,6,133.87,0.6687499313327882,1.9739877533815489,0.0016590377581003,0.4997101681025006,0.2333980703538691,media,0,2,2.7991715252776483,-0.3237735775080375,0.4052141112560249,0.392493543345724
3259.259259259259,0.0609944855382617,0.0249116117434065,16.394924740740738,-0.0390055144617383,monoamb,bajo,13.0,Belgrano,5,27.0,0.7867196461179015,1.6843243776476922,0.001811257462251,0.3242107629327673,0.3362126271488234,alta,0,2,1.8937318843449176,-0.4562037577314436,-0.4629177411303635,-1.1676797456760368
2669.1948658109686,0.046556637413193,0.0116769176287603,21.47921447,-0.0534433625868069,2A,bajo,15.0,Villa Crespo,4,68.56,0.5933907848004125,1.5325104245074963,0.0016924644253836,0.3560200247570848,0.3145034612612011,media,0,2,1.2396842557614751,-0.5278966844072218,-0.2807101774199799,-0.1755001015377728
2714.285714285714,0.0747356547948625,0.0375076835619573,13.38049426,-0.0252643452051374,3A,bajo,13.0,Belgrano,2,42.0,0.9789203891460708,1.881753159008878,0.001811257462251,0.3242107629327673,0.3362126271488234,alta,0,2,0.6514075984165011,-0.1789827766635238,-0.633873823932948,-0.3488626757344556
1607.142857142857,0.0899319046031512,0.0514375792195553,11.119524315789477,-0.0100680953968487,3A,alto,1.0,Constitucion,1,56.0,0.6376555547908282,0.7660635019359943,0.0018408245339653,1.3599759089981835,0.497858621461092,alta,0,1,-1.525996095906291,-1.661994016225245,0.6449418104637702,-0.0108228396050715
4521.739130434783,0.0372117103634613,0.0031107344998395,26.87326086956521,-0.0627882896365386,3A,bajo,13.0,Belgrano,7,86.25,0.2870708800557021,1.19723428407036,0.001811257462251,0.3242107629327673,0.3362126271488234,alta,0,2,3.541636598396639,-1.0235478755584697,0.1042004648036348,-0.5992713184199151
2387.267904509284,0.0615323557811035,0.0254046594660115,16.251612461538464,-0.0384676442188965,monoamb,medio,11.0,Villa Del Parque,2,37.7,0.3777130359610738,3.564864489243376,0.0010693665978338,0.579459732816385,2.659087709873237,media,0,3,-0.472096457238551,2.1734598472633366,3.210708475612129,-1.4639442437168204
2377.777777777778,0.0589702033390894,0.0230560197274986,16.957716666666666,-0.0410297966609105,monoamb,bajo,13.0,Nuñez,2,45.0,2.098895333530828,3.0374644630664305,0.001811257462251,0.3242107629327673,0.3362126271488234,alta,0,0,0.4797944319740085,1.2620782666835977,-0.7733128804167171,-0.1365535459197637
2498.9833265555103,0.0450603093596364,0.0103052835796667,22.192479683589745,-0.0549396906403635,2A,medio,10.0,Velez Sarsfield,1,49.18,2.6705816884118394,1.6005396818153912,0.0007950753514594,0.4818638493693606,0.3093771634352494,alta,0,0,-0.4555064141496383,2.09621203372872,-1.4685050992215167,0.187611984064964
2492.959215604464,0.0392127661559655,0.0049450356429684,25.50189894848485,-0.0607872338440344,4+A,bajo,7.0,Flores,2,95.87,2.321133893734369,1.5676719395627114,0.0007389240721516,0.4306612690454279,0.2791624172439522,media,0,0,-0.1273514513918481,1.862402438005025,-1.183388264524171,0.787104024570861
2333.333333333333,0.069984602454332,0.0331525522498043,14.28885733333333,-0.0300153975456679,2A,medio,11.0,Villa Devoto,1,36.0,2.212077901666858,4.883680537105726,0.0010693665978338,0.579459732816385,2.659087709873237,alta,0,3,-0.8895606534689893,4.184137991429195,2.627541246630493,-1.204331412146266
3036.2116991643456,0.0578881812594731,0.022064166154517,17.274683333333332,-0.0421118187405268,monoamb,bajo,13.0,Belgrano,3,35.9,1.7978311562794311,2.534815796729706,0.001811257462251,0.3242107629327673,0.3362126271488234,alta,0,2,1.2283874399484347,0.7898460572193801,-0.735165411811502,-0.5453470830470616
2893.081761006289,0.0714927772520246,0.0345350458143558,13.98742696027634,-0.0285072227479753,3A,alto,2.0,Recoleta,3,39.75,1.341406794867552,2.0330695358181456,0.0014373274573867,1.0447534381885877,0.3343869191202226,media,0,1,0.0078434741684838,0.1478243920186806,0.2355398755903034,-0.7026733138369703
2978.2761037140854,0.0630981175728257,0.0268399411084235,15.848333333333333,-0.0369018824271742,3A,bajo,14.0,Palermo,2,57.08,0.1840656262730626,1.2583710572127134,0.0020354411558041,0.3173293561387364,0.7185047022536231,alta,0,2,1.1343075363119952,-1.089836158699508,0.1400922845025651,-0.215899834465621
1611.842105263158,0.1184699350346932,0.0775974404484688,8.440960144927537,0.0184699350346932,4+A,bajo,7.0,Flores,2,152.0,2.176239384516117,0.7007692545850946,0.0007389240721516,0.4306612690454279,0.2791624172439522,media,0,0,-1.3243387780071567,0.9313398597376996,-1.6000152395571858,1.551629217901208
1358.0246913580247,0.131932427652272,0.0899380586812493,7.57963768115942,0.031932427652272,4+A,bajo,7.0,Flores,2,162.0,2.1660567712916845,1.173038370015643,0.0007389240721516,0.4306612690454279,0.2791624172439522,media,0,0,-1.6264567018650649,1.1007805089655245,-1.463979702454621,1.6512682402890269
2871.6216216216217,0.0563814572202419,0.0206830024518884,17.736327674074076,-0.0436185427797581,2A,bajo,14.0,Palermo,5,47.36,0.6067743496665345,0.7248969547155525,0.0020354411558041,0.3173293561387364,0.7185047022536231,alta,0,2,1.8595442550904904,-1.1705119269664552,-0.1999659871465617,-0.7881316964356181
792.0,0.430296194273451,0.3634381780839967,2.3239805820000004,0.330296194273451,monoamb,alto,1.0,San Nicolas,3,12.5,0.5885319492819894,2.1039535107842684,0.0018408245339653,1.3599759089981835,0.497858621461092,alta,0,1,-4.368596013078816,-2.355350252744252,-0.3595479653750815,-2.6256509376024257
3862.3595505617977,0.0378588705436954,0.0037039646650541,26.413888888888888,-0.0621411294563045,4+A,alto,2.0,Recoleta,4,142.4,0.1814377703147513,3.2208911003287373,0.0014373274573867,1.0447534381885877,0.3343869191202226,media,0,2,1.2394746128634264,0.0205642137585157,1.8938933427231337,0.6335644549832975
4024.390243902439,0.04860918411925,0.0135584187759792,20.572244075250428,-0.0513908158807499,monoamb,bajo,14.0,Palermo,5,41.0,0.4952040270321743,1.0811403088424991,0.0020354411558041,0.3173293561387364,0.7185047022536231,alta,0,2,2.740288507129524,-0.9631332645607348,0.0900292915528209,-1.0426231531846308
2735.714285714286,0.0511636780344986,0.0159000381982903,19.545115566666663,-0.0488363219655014,2A,medio,11.0,Villa Devoto,2,42.0,0.8569365997517292,3.9503923653017967,0.0010693665978338,0.579459732816385,2.659087709873237,alta,0,3,-0.1544084123344112,2.7741933122147167,3.1779994326196346,-1.3546730081455252
1903.225806451613,0.0794224670447098,0.0418039281243173,12.590895715151516,-0.0205775329552901,monoamb,medio,11.0,Villa Del Parque,1,31.0,0.9365191216713512,2.254335924110672,0.0010693665978338,0.579459732816385,2.659087709873237,alta,0,3,-1.1680857528669009,1.840087660967136,2.2778000193588475,-1.2295336709376257
1182.0330969267138,0.0931860195723442,0.0544205179413155,10.731223466666666,-0.0068139804276557,3A,alto,3.0,Balvanera,1,67.68,0.2437886976820743,2.685717632696089,0.0010344625327268,0.9331491918927998,0.3306390495886265,media,0,1,-2.0868136845856067,0.1256212143855778,0.6611262574936884,-0.0046072641999224
822.481151473612,0.3549943602755971,0.2944114969192973,2.81694616,0.2549943602755971,monoamb,alto,1.0,San Nicolas,1,14.59,0.1876412274880348,2.554664159499893,0.0018408245339653,1.3599759089981835,0.497858621461092,alta,0,1,-4.260463867360283,-2.0446547208289583,0.2612776712213723,-1.989914384789436
2250.0,0.0828320173976393,0.0449293492811693,12.0726264,-0.0171679826023606,2A,bajo,14.0,Palermo,2,32.0,0.2766755962627039,1.3026654704478875,0.0020354411558041,0.3173293561387364,0.7185047022536231,alta,0,2,0.4358168925077567,-1.1024444509597184,-0.1222332569146261,-0.6337006659407041
2028.4234429617527,0.075017676133711,0.0377662031225685,13.330191650000002,-0.0249823238662889,2A,alto,6.0,Caballito,2,39.193,1.2321533021269313,0.6070722382194081,0.0014709557236647,0.6815238874122538,0.2822013725531903,alta,0,1,-0.4324463126802588,-0.546880000127612,-0.8952085222777333,-0.2627003543560784
3000.0,0.1678155157666459,0.1228308894527587,5.95892456923077,0.0678155157666459,monoamb,bajo,14.0,Palermo,1,11.0,0.6067743496665345,0.7248969547155525,0.0020354411558041,0.3173293561387364,0.7185047022536231,alta,0,2,0.0745797938315781,-1.380584903757894,-0.8862456979739854,-1.172333958736205
3239.858906525573,0.0549575329975618,0.0193777385810984,18.19586770833333,-0.0450424670024381,3A,bajo,15.0,Parque Chas,5,56.7,0.8238407784107799,1.4177713777858534,0.0016924644253836,0.3560200247570848,0.3145034612612011,alta,0,2,1.8297184779543767,-0.4556982668009866,-0.4424107664607621,-0.6234896742947404
2339.285714285714,0.0650371347069796,0.0286173734813979,15.375831123333334,-0.0349628652930203,monoamb,alto,1.0,Constitucion,6,28.0,0.1104246750979442,1.6149017169618638,0.0018408245339653,1.3599759089981835,0.497858621461092,alta,0,1,0.3880779099832198,-1.658031249757676,1.4438492080743153,-1.524358029775011
1958.3333333333333,0.0652857287761309,0.0288452513781199,15.317283252348558,-0.0347142712238691,2A,alto,1.0,Constitucion,6,48.0,0.1104246750979442,1.6149017169618638,0.0018408245339653,1.3599759089981835,0.497858621461092,alta,0,1,0.1205417012366594,-1.69284157083025,1.4834917293352736,-1.1410861557804275
2095.2380952380954,0.069707983472299,0.0328989848496074,14.345559148148148,-0.0302920165277009,3A,alto,1.0,Constitucion,6,84.0,0.1104246750979442,1.6149017169618638,0.0018408245339653,1.3599759089981835,0.497858621461092,alta,0,1,0.2041227466842887,-1.7208334293297016,1.607101021955759,-0.5651000104942936
4608.294930875576,0.043894342659357,0.0092364807710772,22.781979166666662,-0.0561056573406429,4+A,bajo,13.0,Belgrano,7,149.73,0.6820061888441548,1.4384639829443198,0.001811257462251,0.3242107629327673,0.3362126271488234,alta,0,2,3.5731244982907957,-0.6695269073792253,0.1891577809792411,0.4721840533959474
3640.727640222335,0.0437877290581719,0.0091387516366575,22.83744833333333,-0.056212270941828,monoamb,bajo,13.0,Belgrano,7,39.58,0.2870708800557021,1.19723428407036,0.001811257462251,0.3242107629327673,0.3362126271488234,alta,0,2,2.826694628219474,-1.0744818444981752,-0.1629038326668878,-1.3170943229701686
3976.801988400994,0.0332807212758372,-0.0004926721638158,30.047425706666665,-0.0667192787241627,2A,medio,12.0,Villa Urquiza,4,48.28,1.1425470970100784,2.0016435036205737,0.0016590377581003,0.4997101681025006,0.2333980703538691,alta,0,2,2.087178026326248,0.161472364133949,-0.2148076393590193,-0.5803424982305274
2631.9444444444443,0.0618195983593388,0.0256679651627272,16.17609991878788,-0.0381804016406611,monoamb,bajo,15.0,Parque Chas,5,28.8,0.8238407784107799,1.4177713777858534,0.0016924644253836,0.3560200247570848,0.3145034612612011,alta,0,2,1.3204310553988376,-0.5017513309571701,-0.6204025679875599,-1.0558662801083736
2607.2124756335284,0.0597186774295397,0.023742120977078,16.745179951111112,-0.0402813225704603,3A,alto,6.0,Caballito,2,82.08,1.948562558031508,0.6411655363385667,0.0014709557236647,0.6815238874122538,0.2822013725531903,media,0,2,0.1226378273346938,0.0502949038020009,-1.0024835847757778,0.5578969635655466
2164.288031138501,0.1015488700405002,0.0620864642037919,9.847475403726056,0.0015488700405002,4+A,alto,6.0,Caballito,2,123.32,1.948562558031508,0.6411655363385667,0.0014709557236647,0.6815238874122538,0.2822013725531903,media,0,1,-0.5048679308358551,-0.1524161292535323,-1.055953612836858,1.1277219720873115
2722.222222222222,0.0579472508321869,0.022118313262838,17.257074074074072,-0.0420527491678131,monoamb,bajo,15.0,Villa Crespo,4,36.0,0.5933907848004125,1.5325104245074963,0.0016924644253836,0.3560200247570848,0.3145034612612011,media,0,2,1.171530404216098,-0.5484033688423846,-0.4388040283792045,-0.7843537386571633
3955.223880597015,0.0392875071679858,0.0050135482373203,25.45338383838384,-0.0607124928320141,4+A,alto,2.0,Recoleta,5,134.0,0.1814377703147513,3.2208911003287373,0.0014373274573867,1.0447534381885877,0.3343869191202226,media,0,2,1.5372475819922933,-0.0170761699077895,1.8968179068415352,0.2901543836520793
3250.0,0.0694958805482295,0.0327045571692104,14.3893421036087,-0.0305041194517704,4+A,alto,6.0,Caballito,2,120.0,0.529640962434157,0.2944699341390824,0.0014709557236647,0.6815238874122538,0.2822013725531903,media,0,2,0.5567885167723164,-1.1642371368982076,-0.2177302838166832,0.9221570493432772
2859.0501621209232,0.0468905159003123,0.0119829729086196,21.32627421131313,-0.0531094840996876,3A,alto,6.0,Caballito,2,52.43,1.948562558031508,0.6411655363385667,0.0014709557236647,0.6815238874122538,0.2822013725531903,media,0,2,0.3901805920029682,0.1288391916359468,-1.037802167292621,0.0807889906636221
3681.384674231799,0.0442619495998749,0.0095734537998853,22.592768936748893,-0.055738050400125,3A,alto,6.0,Caballito,7,78.43,0.2079539381489399,0.8824904534435623,0.0014709557236647,0.6815238874122538,0.2822013725531903,media,0,2,2.256483328401517,-1.158781182367729,0.305778891166972,-0.7353746464822011
3173.394262503173,0.0490744203644985,0.0139848853341236,20.37721469907408,-0.0509255796355014,monoamb,alto,1.0,Constitucion,5,39.39,0.1885821392295118,1.4445656423627362,0.0018408245339653,1.3599759089981835,0.497858621461092,alta,0,2,0.8837067536091466,-1.5464110870355774,1.483226908992444,-1.1506790479656257
1777.6523702031604,0.0879033654015764,0.049578084951445,11.376128723076922,-0.0120966345984235,2A,medio,10.0,Floresta,2,35.44,2.5686968923002658,1.2355346250118446,0.0007950753514594,0.4818638493693606,0.3093771634352494,alta,0,0,-1.0611053522674772,1.5973830527126882,-1.7921011567604257,-0.3144884221526726
3592.7980386147715,0.0472385081018085,0.0123019657599911,21.169169818928207,-0.0527614918981915,monoamb,bajo,14.0,Palermo,4,32.63,0.6067743496665345,0.7248969547155525,0.0020354411558041,0.3173293561387364,0.7185047022536231,alta,0,2,2.2001886431040165,-1.0430398859160803,-0.1884785071226744,-0.8994117283882725
1999.9775331386209,0.0689387490867826,0.0321938533295507,14.505630189795918,-0.0310612509132173,2A,alto,1.0,San Telmo,2,44.51,0.7710641994184345,0.3430032707994757,0.0018408245339653,1.3599759089981835,0.497858621461092,alta,0,1,-0.8215738208678998,-1.7234505457112117,0.5278194418947182,-0.290434775687222
2455.809417665088,0.0695980501884786,0.032798212672772,14.368218610893518,-0.0304019498115213,monoamb,alto,1.0,Constitucion,3,35.89,0.4861900762923565,0.9360002392917952,0.0018408245339653,1.3599759089981835,0.497858621461092,alta,0,1,-0.2748219289202359,-1.630293033936272,0.9270339086088584,-0.7652083612754244
2312.7825409197194,0.0689387490867826,0.0321938533295507,14.505630189795918,-0.0310612509132173,2A,alto,1.0,San Telmo,2,38.49,0.7710641994184345,0.3430032707994757,0.0018408245339653,1.3599759089981835,0.497858621461092,alta,0,1,-0.5979976549895775,-1.7013879876591824,0.5319657445963597,-0.4293841422881947
1999.977846699158,0.0679765892949224,0.0313118735203455,14.710946965306125,-0.0320234107050775,2A,alto,1.0,San Telmo,2,45.14,0.7710641994184345,0.3430032707994757,0.0018408245339653,1.3599759089981835,0.497858621461092,alta,0,1,-0.8136907557763265,-1.7202736218417558,0.5338989523379031,-0.2755383316349711
2349.1337688156773,0.0741637051680185,0.036983396404017,13.483684475236112,-0.0258362948319814,monoamb,alto,1.0,Constitucion,3,35.21,0.4861900762923565,0.9360002392917952,0.0018408245339653,1.3599759089981835,0.497858621461092,alta,0,1,-0.3883380717537396,-1.653034441389198,0.8976962059525643,-0.7841538764408676
2389.696281578201,0.0728634684526757,0.0357915127482861,13.724298626402778,-0.0271365315473242,monoamb,alto,1.0,Constitucion,3,35.23,0.4861900762923565,0.9360002392917952,0.0018408245339653,1.3599759089981835,0.497858621461092,alta,0,1,-0.3487203439485163,-1.6458521773643426,0.9062666139672554,-0.7829027279881653
2439.4430669464045,0.0549561245774575,0.0193764475293361,18.196334033535354,-0.0450438754225424,3A,alto,6.0,Caballito,2,52.43,1.948562558031508,0.6411655363385667,0.0014709557236647,0.6815238874122538,0.2822013725531903,media,0,2,0.0227101638328144,0.0741629354326555,-1.104401995778418,0.0948539344180149
2999.8812351543943,0.0635061988176591,0.0272140155828542,15.74649433626517,-0.0364938011823408,monoamb,bajo,14.0,Palermo,6,42.1,0.6067743496665345,0.7248969547155525,0.0020354411558041,0.3173293561387364,0.7185047022536231,alta,0,2,2.1399411262166828,-1.228653687121568,-0.2053390279905186,-1.1072250011009768
2200.0,0.0321226780370749,-0.0015542117993479,31.13065476190476,-0.067877321962925,4+A,alto,5.0,Boedo,2,250.0,0.7575850982658776,1.042909631993161,0.0013072260551381,0.7262366972989581,0.8153691824811038,media,0,1,-0.0663917156151504,-0.1778610627846049,1.1078371700849738,3.176567753469917
4090.909090909091,0.0321861553316541,-0.001496024279317,31.06925911764706,-0.0678138446683458,2A,bajo,13.0,Belgrano,2,55.0,1.9081466885300653,2.803412467198673,0.001811257462251,0.3242107629327673,0.3362126271488234,alta,0,2,1.947561425152732,1.1984752966703047,-0.4714941569594099,-0.0568675214275801
3582.153582153582,0.0382628651794056,0.0040742930811218,26.135000484444443,-0.0617371348205943,2A,medio,12.0,Villa Urquiza,4,46.62,1.1425470970100784,2.0016435036205737,0.0016590377581003,0.4997101681025006,0.2333980703538691,alta,0,2,1.7611177785151535,0.1205126248313842,-0.2731261759243785,-0.5839443506907352
1662.3376623376623,0.0432649376585884,0.0086595261870393,23.11340438974359,-0.0567350623414116,2A,alto,5.0,Almagro,4,77.0,0.4458408844066887,1.049296402050867,0.0013072260551381,0.7262366972989581,0.8153691824811038,alta,0,1,-0.1405129262772712,-0.4597747837413942,0.6266512242853071,-0.1565380350438893
3619.835702418312,0.0691108092954117,0.0323515751874607,14.469516566150087,-0.0308891907045882,4+A,alto,6.0,Caballito,7,108.34,0.2079539381489399,0.8824904534435623,0.0014709557236647,0.6815238874122538,0.2822013725531903,media,0,2,2.0327005592715106,-1.27013893556734,0.3101855792904671,-0.3286336307630558
4572.907679033649,0.0281316285501416,-0.0052126738290368,35.547177733333335,-0.0718683714498583,2A,alto,5.0,Almagro,2,46.36,0.2670758830111516,2.0078018656492795,0.0013072260551381,0.7262366972989581,0.8153691824811038,alta,0,2,1.54499556487989,0.2451898120289312,1.19226868636914,-0.6901965850533528
3353.396388650044,0.0382301618758335,0.0040443150528474,26.1573572,-0.0617698381241664,3A,alto,3.0,Balvanera,4,58.15,0.244002419013312,2.6399248688800543,0.0010344625327268,0.9331491918927998,0.3306390495886265,media,0,2,0.6534805499658785,0.3106443787830705,1.1008080403471334,-0.7285462530215039
3125.0,0.0511191878796859,0.0158592555563788,19.562126111111112,-0.048880812120314,3A,alto,2.0,Recoleta,3,64.0,0.1641750225025041,2.180356578301642,0.0014373274573867,1.0447534381885877,0.3343869191202226,media,0,2,0.3528227838518083,-0.542170494560891,1.1039127474881267,-0.399974296609954
4083.316147659311,0.0279692526277743,-0.0053615184245402,35.75354741538462,-0.0720307473722256,2A,alto,3.0,Balvanera,4,48.49,0.5786908595852156,1.471552617816246,0.0010344625327268,0.9331491918927998,0.3306390495886265,alta,0,2,1.2994291570732055,0.026109279849073,0.5706211311360111,-0.7898533227879696
761.5384615384615,0.1912064168873507,0.1442725488134048,5.22995,0.0912064168873507,4+A,alto,1.0,San Nicolas,2,130.0,0.3821373597442125,1.514715251415508,0.0018408245339653,1.3599759089981835,0.497858621461092,alta,0,1,-2.674616795622541,-1.959009543358988,0.87623479355358,0.6220492921595292
2639.257294429708,0.0240977735454007,-0.0089103742500492,41.49760964912281,-0.0759022264545992,4+A,bajo,14.0,Palermo,4,377.0,0.9129014525766856,0.3996733510653255,0.0020354411558041,0.3173293561387364,0.7185047022536231,alta,0,2,1.8823776818700184,-1.1573872556628713,0.7862460267059587,5.230187378137176
2191.011235955056,0.0622605493406432,0.0260721702289229,16.06153512280702,-0.0377394506593568,4+A,bajo,15.0,Chacarita,1,89.0,0.9150039356758524,0.2769201801078206,0.0016924644253836,0.3560200247570848,0.3145034612612011,media,0,2,0.0871215635817588,-0.9236702480526277,-1.0227417593836137,0.8593653229763891
3735.1100343226326,0.0345399918105986,0.0006616591597154,28.951946644444448,-0.0654600081894013,2A,bajo,15.0,Chacarita,6,49.53,0.1960536636148081,0.8955531050730626,0.0016924644253836,0.3560200247570848,0.3145034612612011,alta,0,2,2.6161987201390926,-1.111828923755696,-0.1668303423430787,-0.9382876425114224
4495.175075820237,0.0309608035195415,-0.0026192634404202,32.298903333333335,-0.0690391964804584,3A,bajo,15.0,Chacarita,6,72.54,0.1960536636148081,0.8955531050730626,0.0016924644253836,0.3560200247570848,0.3145034612612011,alta,0,2,3.207438297325807,-1.0659882071777342,-0.0068880427594834,-0.6211356996931819
5369.272237196766,0.013937335206849,-0.0182241093937216,71.74972727272727,-0.0860626647931509,3A,bajo,15.0,Chacarita,1,185.5,0.1960536636148081,0.8955531050730626,0.0016924644253836,0.3560200247570848,0.3145034612612011,media,0,2,2.8038712713186174,-0.8008441180039395,0.3840499670394776,2.186953905070339
3212.290502793296,0.0548679283241963,0.0192956009638466,18.225583333333333,-0.0451320716758037,monoamb,bajo,13.0,Nuñez,5,35.8,2.165094482565271,3.0378944955903098,0.001811257462251,0.3242107629327673,0.3362126271488234,alta,0,2,1.8498273135536527,1.2518718107476683,-0.662897935301687,-0.914862882618048
963.855421686747,0.3549943602755971,0.2944114969192973,2.81694616,0.2549943602755971,monoamb,alto,1.0,Monserrat,1,12.45,0.3459339638585159,2.0544822839118915,0.0018408245339653,1.3599759089981835,0.497858621461092,alta,0,1,-4.141507532053332,-2.183175014082222,0.0019576802547595,-1.9793342605039417
2890.4227782571184,0.044506755616642,0.0097978593152551,22.46849913333333,-0.0554932443833579,2A,alto,5.0,Almagro,1,46.36,0.2670758830111516,2.0078018656492795,0.0013072260551381,0.7262366972989581,0.8153691824811038,alta,0,1,-0.0492700794800202,0.1270957928577496,0.957222589268336,-0.3805173617381489
1660.133732995158,0.0887485900688992,0.0503528742298243,11.26778464,-0.0112514099311007,2A,bajo,15.0,Chacarita,2,43.37,0.4856887616583777,0.266156913202988,0.0016924644253836,0.3560200247570848,0.3145034612612011,alta,0,1,-0.2796291690624984,-1.3825408538079813,-1.0794240927926038,-0.209236064589127
3663.6257099071486,0.0527880001150592,0.0173890001054709,18.943699284313723,-0.0472119998849407,4+A,medio,12.0,Villa Urquiza,6,110.93,0.6687499313327882,1.9739877533815489,0.0016590377581003,0.4997101681025006,0.2333980703538691,media,0,2,2.237385792181928,-0.4021393039651466,0.2134318836833232,0.0065797985457786
3165.7128941921346,0.0582444162210699,0.022390714869314,17.169027777777778,-0.04175558377893,3A,medio,12.0,Villa Urquiza,6,82.13,0.6687499313327882,1.9739877533815489,0.0016590377581003,0.4997101681025006,0.2333980703538691,media,0,2,1.8183947449482316,-0.4359571660950945,0.0468493419937403,-0.4478601229330055
1500.0,0.0870919497209465,0.0488342872442009,11.4821175,-0.0129080502790535,monoamb,alto,5.0,Boedo,1,45.0,0.3093537161080688,1.7922106344647826,0.0013072260551381,0.7262366972989581,0.8153691824811038,media,0,1,-1.38428631644792,-0.1938787968874825,0.5692366653662793,-0.4023108790970043
4308.263395739186,0.0580192304612262,0.0221842945894573,17.23566465894945,-0.0419807695387737,4+A,alto,6.0,Caballito,7,108.43,0.2079539381489399,0.8824904534435623,0.0014709557236647,0.6815238874122538,0.2822013725531903,media,0,2,2.6188363081396178,-1.188332476730138,0.4113023499740909,-0.3595230263645879
1947.86594099112,0.0689106699358512,0.0321681141078636,14.511540824242424,-0.0310893300641487,2A,alto,3.0,Balvanera,3,34.91,0.3831811545223629,2.623370866775351,0.0010344625327268,0.9331491918927998,0.3306390495886265,alta,0,1,-0.8650776957134106,0.2604932207395115,0.6680203802631611,-0.8883331141147587
1488.095238095238,0.0749748088902061,0.0377269081493556,13.33781325757576,-0.0250251911097938,4+A,bajo,7.0,Parque Chacabuco,1,84.0,1.2274825108131109,0.9538262561022878,0.0007389240721516,0.4306612690454279,0.2791624172439522,media,0,0,-1.3565358482649328,0.617320076594595,-1.1174932386485368,0.6357997521321394
3299.241174529858,0.0553791202029931,0.0197641935194103,18.05734717948718,-0.0446208797970068,monoamb,bajo,14.0,Palermo,3,30.31,0.313529184385198,1.284995490660368,0.0020354411558041,0.3173293561387364,0.7185047022536231,alta,0,2,1.6574228499058146,-0.9635842893826416,0.072238656982266,-0.8429669659651081
3299.241174529858,0.0553791202029931,0.0197641935194103,18.05734717948718,-0.0446208797970068,monoamb,bajo,14.0,Palermo,3,30.31,0.313529184385198,1.284995490660368,0.0020354411558041,0.3173293561387364,0.7185047022536231,alta,0,2,1.6574228499058146,-0.9635842893826416,0.072238656982266,-0.8429669659651081
3299.241174529858,0.0553791202029931,0.0197641935194103,18.05734717948718,-0.0446208797970068,monoamb,bajo,14.0,Palermo,3,30.31,0.313529184385198,1.284995490660368,0.0020354411558041,0.3173293561387364,0.7185047022536231,alta,0,2,1.6574228499058146,-0.9635842893826416,0.072238656982266,-0.8429669659651081
1227.2727272727273,0.0934786927004825,0.054688801642109,10.697625,-0.0065213072995174,4+A,alto,5.0,Boedo,1,154.0,0.3516376217462923,1.4045427796146277,0.0013072260551381,0.7262366972989581,0.8153691824811038,media,0,1,-1.5601634001269211,-0.4664474399443123,0.7532797273095958,1.4912852054959589
1514.2857142857142,0.1190530520241995,0.0781319643555162,8.399616666666667,0.0190530520241995,4+A,alto,1.0,San Telmo,1,105.0,0.6413545757363511,0.9813532367330778,0.0018408245339653,1.3599759089981835,0.497858621461092,alta,0,1,-1.8040745872401205,-1.686321787839417,0.7736568598541314,0.6874619522307086
5021.672481234803,0.0329803063642583,-0.0007680524994298,30.321125248361184,-0.0670196936357416,4+A,bajo,14.0,Palermo,2,94.59,0.8510707680973397,0.425104685473148,0.0020354411558041,0.3173293561387364,0.7185047022536231,media,0,2,2.8977567204017967,-0.8363243780733952,-0.0905231079405025,0.4726960070295809
4452.054794520548,0.0412564614899245,0.0068184230324308,24.238627450980392,-0.0587435385100754,3A,bajo,14.0,Palermo,2,58.4,0.9187398017480178,1.5470233923274843,0.0020354411558041,0.3173293561387364,0.7185047022536231,alta,0,2,2.3577722534039864,-0.2459506643706084,0.0640432845445016,-0.1967358440905651
4572.907679033649,0.0281316285501416,-0.0052126738290368,35.547177733333335,-0.0718683714498583,2A,alto,5.0,Almagro,3,46.36,0.2670758830111516,2.0078018656492795,0.0013072260551381,0.7262366972989581,0.8153691824811038,alta,0,2,1.7911007238841326,0.202566196769204,1.2234589189033955,-0.8738244621577873
331.858407079646,1.0413167901417515,0.9235403909632722,0.9603225545454548,0.9413167901417516,monoamb,bajo,15.0,Chacarita,2,13.56,0.4856887616583777,0.266156913202988,0.0016924644253836,0.3560200247570848,0.3145034612612011,alta,0,1,-8.732742168053294,-4.936852099185644,-5.066745808176263,-4.715551305081349
389.2733564013841,0.9466516274015924,0.8367639917847929,1.0563548100000002,0.8466516274015923,monoamb,alto,1.0,San Nicolas,2,11.56,0.2729964290681013,2.46125603797842,0.0018408245339653,1.3599759089981835,0.497858621461092,alta,0,1,-8.969695258538385,-4.267829237361792,-2.1748719858851464,-4.7361465532348594
340.6510219530658,1.0413167901417515,0.9235403909632722,0.9603225545454548,0.9413167901417516,monoamb,bajo,15.0,Chacarita,2,13.21,0.4856887616583777,0.266156913202988,0.0016924644253836,0.3560200247570848,0.3145034612612011,alta,0,1,-8.726553273063665,-4.93613162213543,-5.067281074419825,-4.722527093523476
348.8372093023256,1.0413167901417515,0.9235403909632722,0.9603225545454548,0.9413167901417516,monoamb,bajo,15.0,Chacarita,2,12.9,0.4856887616583777,0.266156913202988,0.0016924644253836,0.3560200247570848,0.3145034612612011,alta,0,1,-8.72078284031845,-4.935469637863481,-5.067722238665701,-4.728752419394844
362.0273531777957,1.0413167901417515,0.9235403909632722,0.9603225545454548,0.9413167901417516,monoamb,bajo,15.0,Chacarita,2,12.43,0.4856887616583777,0.266156913202988,0.0016924644253836,0.3560200247570848,0.3145034612612011,alta,0,1,-8.711469530215489,-4.9344193701742505,-5.068326735531799,-4.738282237779188
2184.375,0.0706941558660416,0.0338029762105381,14.145440846551724,-0.0293058441339583,2A,alto,1.0,Retiro,2,32.0,0.0680573026029934,2.5184294398429388,0.0018408245339653,1.3599759089981835,0.497858621461092,alta,0,1,-0.7847266625459444,-1.0778841864715465,1.6438842692282232,-0.8103900493719959
2184.375,0.0609432378155531,0.024864634664257,16.408711382000003,-0.0390567621844468,monoamb,alto,1.0,Retiro,2,32.0,0.0680573026029934,2.5184294398429388,0.0018408245339653,1.3599759089981835,0.497858621461092,alta,0,1,-0.7082147768545031,-1.0421451094593617,1.6824763964101768,-0.7678473576115765
2409.850483729112,0.0600121852845462,0.0240111698441673,16.66328255267703,-0.0399878147154537,3A,alto,5.0,Almagro,3,56.85,1.0139950674304172,1.5390511445285815,0.0013072260551381,0.7262366972989581,0.8153691824811038,alta,0,1,-0.0100114718711222,0.2397299629974043,0.3900347846108059,-0.4408336501335218
3609.756097560976,0.0426338632248822,0.0080810412894754,23.45553333333333,-0.0573661367751177,monoamb,bajo,13.0,Belgrano,4,41.0,0.8558615347459271,1.7388886747369237,0.001811257462251,0.3242107629327673,0.3362126271488234,alta,0,2,2.0505464151253423,-0.2551040465538359,-0.3594076086300863,-0.7026467554927915
3129.0184312044576,0.0829783463971407,0.0450634841973789,12.051336805555556,-0.0170216536028593,4+A,bajo,13.0,Nuñez,1,116.65,2.824412931662373,3.858026754261275,0.001811257462251,0.3242107629327673,0.3362126271488234,alta,0,0,0.5907555508371731,2.1696917525818336,-0.673147244320279,1.0992178839761555
1678.376268540203,0.2179500258436224,0.1687875236899872,4.5882077606060605,0.1179500258436224,monoamb,alto,2.0,Recoleta,1,12.81,1.130165190258543,3.1843499880507298,0.0014373274573867,1.0447534381885877,0.3343869191202226,alta,0,1,-2.570158081251313,0.0890831622436479,-0.0797300768855367,-1.4149140449862254
1292.9411764705883,0.0852761702572863,0.0471698227358457,11.726605416060607,-0.0147238297427137,4+A,bajo,7.0,Flores,1,85.0,2.5440990879855687,1.4137801027154546,0.0007389240721516,0.4306612690454279,0.2791624172439522,media,0,0,-1.6065926514039524,1.7494647477377738,-1.7092941486801017,0.7690094264800795
3529.4117647058824,0.0354994360275597,0.0015411496919297,28.1694616,-0.0645005639724402,2A,medio,12.0,Villa Urquiza,4,51.0,1.1425470970100784,2.0016435036205737,0.0016590377581003,0.4997101681025006,0.2333980703538691,alta,0,2,1.7468836662016818,0.1250538826253541,-0.2507558476995251,-0.4913157033093012
3278.3505154639174,0.0482256489430999,0.0132068448645083,20.73585367777778,-0.0517743510569,2A,bajo,14.0,Palermo,2,48.5,1.2329806668680567,0.9055876900458324,0.0020354411558041,0.3173293561387364,0.7185047022536231,alta,0,2,1.4686616539048971,-0.4466886047949033,-0.4932655425246831,-0.161073467000859
2116.903633491311,0.0648527010413926,0.0284483092879432,15.419558228758172,-0.0351472989586073,monoamb,bajo,7.0,Flores,4,31.65,1.848122753662612,1.5180260290173235,0.0007389240721516,0.4306612690454279,0.2791624172439522,alta,0,0,-0.1371064750016659,1.3320237326357889,-1.250324238141033,-0.7978879853934383
1792.134831460674,0.0721117070403093,0.0351023981202836,13.867373843209876,-0.0278882929596906,4+A,alto,3.0,Balvanera,1,89.0,0.289482856880402,3.060134668725652,0.0010344625327268,0.9331491918927998,0.3306390495886265,media,0,1,-1.4824364780099577,0.4559021566646801,0.981256396270689,0.3523166015194175
3381.3091482649843,0.0372588832942317,0.0031539763530457,26.839237024444447,-0.0627411167057682,2A,medio,12.0,Villa Urquiza,6,50.72,1.1425470970100784,2.0016435036205737,0.0016590377581003,0.4997101681025006,0.2333980703538691,alta,0,2,2.1177772990153647,0.0246491173794559,-0.2085881701324773,-0.8536180470033924
3015.151515151515,0.0697567128945812,0.0329436534866994,14.335537878787878,-0.0302432871054187,2A,alto,1.0,San Telmo,3,66.0,0.8624556890750743,0.1345644448622014,0.0018408245339653,1.3599759089981835,0.497858621461092,alta,0,1,0.1725235973961427,-1.763796166713695,0.5938580623657369,-0.2019642306579025
2833.333333333333,0.0814398826514605,0.0436532257638388,12.278996082051282,-0.0185601173485394,monoamb,bajo,14.0,Palermo,4,24.0,0.6413902454646654,0.7272538344255989,0.0020354411558041,0.3173293561387364,0.7185047022536231,alta,0,2,1.3763313326130595,-1.1830688360735002,-0.435358798854815,-1.1015793280087391
1877.80269058296,0.0813837816990025,0.0436017998907523,12.287460463541665,-0.0186162183009974,2A,medio,4.0,Parque Patricios,2,35.68,0.8419995616041887,0.4697139736906862,0.0003390684780865,0.6643909367912209,0.3621231466264265,alta,0,1,-1.4339339665785664,0.4413504551644369,-0.846407140158843,-0.5769951444400061
1641.2174093694816,0.0808847909488702,0.043144391703131,12.363263702222222,-0.0191152090511297,3A,alto,6.0,Caballito,1,96.27,0.867184616874487,0.5012718256933103,0.0014709557236647,0.6815238874122538,0.2822013725531903,media,0,1,-0.9680829108141072,-0.8969593291913827,-0.6187980993106684,0.8699012499448695
2474.169741697417,0.0703757534051777,0.0335111072880796,14.209439353958333,-0.0296242465948222,monoamb,alto,1.0,Constitucion,3,35.23,0.4861900762923565,0.9360002392917952,0.0018408245339653,1.3599759089981835,0.497858621461092,alta,0,1,-0.2679634577404382,-1.6316783250543596,0.9230936626476964,-0.781964716901585
2773.0,0.0590853050473961,0.0231615296267797,16.92468202030667,-0.0409146949526038,monoamb,alto,1.0,San Telmo,2,26.0,0.7710641994184345,0.3430032707994757,0.0018408245339653,1.3599759089981835,0.497858621461092,alta,0,1,-0.1936636534572839,-1.6307973163844625,0.56396516306331,-0.6525204797802314
1718.1220657276997,0.2933388745965149,0.2378939683801386,3.409026510296296,0.1933388745965149,monoamb,bajo,13.0,Colegiales,2,10.65,0.4333227819469407,1.615440689997397,0.001811257462251,0.3242107629327673,0.3362126271488234,alta,0,1,-1.7880269743553292,-1.5518687977827663,-1.4983257423878829,-1.7689719818116532
3991.130820399113,0.0397284443977051,0.0054177406978963,25.170882352941177,-0.0602715556022949,4+A,medio,12.0,Coghlan,6,135.3,0.7673369086505947,1.806255057420372,0.0016590377581003,0.4997101681025006,0.2333980703538691,media,0,2,2.5956875607672987,-0.3653338407172999,0.267465106292368,0.4663851402626626
2500.0,0.0567990976440955,0.0210658395070875,17.6059135,-0.0432009023559044,3A,medio,11.0,Villa Gral. Mitre,2,60.0,2.128351246170971,1.1014426829549506,0.0010693665978338,0.579459732816385,2.659087709873237,alta,0,3,-0.2627826053354801,2.150014403010545,1.504041070914382,-0.6343959064230855
2627.8906797477225,0.053282854839275,0.0178426169360021,18.767763157894738,-0.0467171451607249,4+A,bajo,14.0,Palermo,2,171.24,0.6623863911750295,1.051870108700128,0.0020354411558041,0.3173293561387364,0.7185047022536231,alta,0,2,1.0215367673808005,-0.9039613380515534,0.2324111304633121,1.8884830125436
5025.616003903391,0.0372227096211305,0.003120817152703,26.86531985925926,-0.0627772903788694,2A,bajo,14.0,Palermo,4,40.99,0.5416559448204078,0.99450215275058,0.0020354411558041,0.3173293561387364,0.7185047022536231,alta,0,2,3.312225991761654,-0.8308957530403779,0.1308466709826307,-0.9134514008463313
813.3333333333334,0.0775796527534742,0.0401146816906847,12.889977777777778,-0.0224203472465257,4+A,alto,1.0,San Nicolas,2,300.0,0.3821373597442125,1.514715251415508,0.0018408245339653,1.3599759089981835,0.497858621461092,alta,0,1,-1.6555918385357735,-1.63378220966689,1.9431587030681536,3.998649256995428
2701.6153846153848,0.060646512390125,0.0245926363576146,16.488994347560002,-0.0393534876098749,monoamb,alto,1.0,San Telmo,2,26.0,0.7710641994184345,0.3430032707994757,0.0018408245339653,1.3599759089981835,0.497858621461092,alta,0,1,-0.2576621770771273,-1.6407919425376414,0.5518867494825336,-0.6509525988142079
3282.5074121135112,0.0483708444452942,0.0133399407415197,20.673610549242422,-0.0516291555547057,3A,medio,10.0,Villa Real,2,47.22,2.5049547402729657,4.518322486683284,0.0007950753514594,0.4818638493693606,0.3093771634352494,media,0,0,0.2226277607789531,3.4957977249299304,-0.2614070138210979,-0.4043120465703326
546.0480156188036,0.1057510350382554,0.0659384487850674,9.456172222222223,0.0057510350382554,4+A,alto,1.0,Monserrat,1,327.81,0.1973536847483825,1.7515938513019549,0.0018408245339653,1.3599759089981835,0.497858621461092,alta,0,1,-2.309231453744938,-1.7342239555258092,2.061969585717345,4.518158279207318
2989.903410805916,0.0634331276595249,0.0271470336878978,15.764633353213558,-0.036566872340475,2A,bajo,14.0,Palermo,5,66.26,0.6067743496665345,0.7248969547155525,0.0020354411558041,0.3173293561387364,0.7185047022536231,media,0,2,1.8999511462426,-1.1997664829964982,-0.1499562020838592,-0.5118229956611887
698.9320388349514,0.3242992568682529,0.2662743187958985,3.0835716666666664,0.2242992568682529,3A,alto,1.0,Constitucion,1,103.0,0.4120620010844987,1.1128553079931385,0.0018408245339653,1.3599759089981835,0.497858621461092,alta,0,1,-4.009767317167688,-2.5815689866818987,0.0561560895393866,-0.1882132815704977
3546.067415730337,0.0404936532633761,0.0061191821580947,24.695228002666667,-0.0595063467366239,2A,medio,12.0,Saavedra,5,44.5,2.951854854889445,3.998666535406726,0.0016590377581003,0.4997101681025006,0.2333980703538691,alta,0,0,1.8719620955156269,2.406555242032408,-0.5135408284223395,-0.734295122339404
3483.14606741573,0.0412251515158757,0.0067897222228861,24.25703637777778,-0.0587748484841242,2A,medio,12.0,Saavedra,5,44.5,2.951854854889445,3.998666535406726,0.0016590377581003,0.4997101681025006,0.2333980703538691,alta,0,0,1.8206092066919075,2.400108207175403,-0.5216359899398476,-0.730100712024002
3772.4550898203593,0.0405707840314968,0.0061898853622054,24.6482789,-0.0594292159685031,3A,medio,12.0,Saavedra,5,66.8,2.951854854889445,3.998666535406726,0.0016590377581003,0.4997101681025006,0.2333980703538691,alta,0,0,2.0472618171825983,2.407447340500847,-0.4147343582660862,-0.3825080423438
1562.5,0.1388158586602166,0.0962478704385319,7.203787878787879,0.0388158586602166,2A,alto,1.0,San Telmo,2,64.0,0.6413545757363511,0.9813532367330778,0.0018408245339653,1.3599759089981835,0.497858621461092,alta,0,1,-1.6997686957483304,-1.775742344794199,0.5827897808949896,-0.2843097068856638
947.6427386875148,0.1534214626239075,0.1096363407385819,6.5179928733398125,0.0534214626239075,2A,alto,1.0,Monserrat,2,42.21,0.4790518806940473,2.03104316165028,0.0018408245339653,1.3599759089981835,0.497858621461092,alta,0,1,-2.309965503840842,-1.4215095261464883,0.8574451464641528,-0.7563411680106367
3548.895899053628,0.0354994360275597,0.0015411496919297,28.1694616,-0.0645005639724402,2A,medio,12.0,Villa Urquiza,6,50.72,1.1425470970100784,2.0016435036205737,0.0016590377581003,0.4997101681025006,0.2333980703538691,alta,0,2,2.253070413842879,0.0411281893355166,-0.1877746802446956,-0.8656135112632325
4638.671875,0.0336310446576881,-0.0001715423971191,29.73443168888889,-0.0663689553423118,2A,medio,12.0,Villa Urquiza,6,40.96,0.960383958275372,2.338774317217819,0.0016590377581003,0.4997101681025006,0.2333980703538691,alta,0,2,3.041333136719733,0.164501821897895,0.0922460193363901,-1.204089364115254
2553.520763476915,0.0688473910837521,0.0321101084934394,14.5248786375,-0.0311526089162478,4+A,bajo,13.0,Nuñez,2,77.54,2.4339957348434043,3.384484265981683,0.001811257462251,0.3242107629327673,0.3362126271488234,media,0,0,0.5310046536079153,1.6393844411034926,-0.735425066799558,0.3680944250036894
3091.7874396135267,0.0488117245378946,0.0137440808264033,20.486881163636365,-0.0511882754621053,monoamb,medio,11.0,Villa Del Parque,5,31.05,0.2497342839269297,3.431778833066146,0.0010693665978338,0.579459732816385,2.659087709873237,alta,0,3,0.8793295517559839,1.9769769735588436,3.409628295385854,-2.160936045601346
2394.3521126760565,0.0601405748030117,0.0241288602360941,16.62770938381389,-0.0398594251969882,3A,alto,2.0,Recoleta,1,71.0,0.1641750225025041,2.180356578301642,0.0014373274573867,1.0447534381885877,0.3343869191202226,media,0,1,-0.7361366612958502,-0.5376034354062639,0.9706825515823247,0.132560992324366
1737.207833228048,0.0567990976440955,0.0210658395070875,17.6059135,-0.0432009023559044,4+A,bajo,7.0,Flores,1,94.98,2.4800668641873185,1.6124874518124974,0.0007389240721516,0.4306612690454279,0.2791624172439522,media,0,0,-1.0627910623607164,1.9329335130409064,-1.418680350246572,0.9851963431598736
2851.9493543938825,0.0346412079038165,0.0007544405784984,28.86735366666668,-0.0653587920961835,4+A,medio,11.0,Villa Del Parque,5,159.54,0.2497342839269297,3.431778833066146,0.0010693665978338,0.579459732816385,2.659087709873237,media,0,3,0.8845974524764321,1.9432574611092728,3.909159683231614,0.1110537429372501
2597.528471044342,0.0294062492467099,-0.0040442715238492,34.00637706666667,-0.0705937507532901,4+A,medio,11.0,Villa Del Parque,5,206.35,0.2497342839269297,3.431778833066146,0.0010693665978338,0.579459732816385,2.659087709873237,media,0,3,0.7659903733377972,1.9212409837139337,4.07762497604905,0.9586836813053498
4684.876301354529,0.034677579550179,0.0007877812543307,28.83707608695652,-0.0653224204498209,3A,bajo,13.0,Belgrano,7,89.33,0.2870708800557021,1.19723428407036,0.001811257462251,0.3242107629327673,0.3362126271488234,alta,0,2,3.681411368168813,-1.0062049231318486,0.1388171503083676,-0.5550601487282657
2815.07145950628,0.0524299362868574,0.0170607749296193,19.07307295833333,-0.0475700637131425,4+A,bajo,13.0,Colegiales,2,92.36,0.5551940334794394,1.3530949811140771,0.001811257462251,0.3242107629327673,0.3362126271488234,media,0,2,0.9496169677730204,-0.6985061765340516,-0.3184318937050591,0.5794718971628449
3789.490395300841,0.0428313262502605,0.0082620490627388,23.34739751361111,-0.0571686737497394,2A,bajo,13.0,Belgrano,6,62.99,0.2870708800557021,1.19723428407036,0.001811257462251,0.3242107629327673,0.3362126271488234,media,0,2,2.708313843578796,-1.0324399709884422,-0.0936101929533932,-0.7492083019135403
3501.768569984841,0.0455253373541311,0.0107315592412868,21.96579,-0.0544746626458688,monoamb,bajo,13.0,Belgrano,6,39.58,0.2870708800557021,1.19723428407036,0.001811257462251,0.3242107629327673,0.3362126271488234,alta,0,2,2.4662205613655,-1.0465438430406364,-0.2124552285337553,-1.1247361016802149
2055.555555555556,0.0748366489229637,0.0376002615127167,13.362436912820511,-0.0251633510770362,2A,alto,3.0,Balvanera,2,36.0,0.4256603506072922,1.5789112775216454,0.0010344625327268,0.9331491918927998,0.3306390495886265,alta,0,1,-1.0398989412879205,-0.2282115673455984,0.2302075974872027,-0.6308041215787596
2340.7170586891984,0.0507862897537377,0.0155540989409263,19.69035353535353,-0.0492137102462622,4+A,alto,2.0,Recoleta,2,175.16,0.9478240781333956,1.9493643353508727,0.0014373274573867,1.0447534381885877,0.3343869191202226,media,0,1,-0.3981859533701126,-0.1671319026038999,0.9090758991308512,1.8897878506068608
3007.9455164585697,0.0482256489430999,0.0132068448645083,20.73585367777778,-0.0517743510569,2A,bajo,14.0,Palermo,2,52.86,0.7993904127435527,0.6697908783959668,0.0020354411558041,0.3173293561387364,0.7185047022536231,alta,0,2,1.2874469811344742,-0.8986630424931583,-0.3526905779257205,-0.0937059814456612
5339.805825242719,0.0354994360275597,0.0015411496919297,28.1694616,-0.0645005639724402,monoamb,bajo,15.0,Chacarita,6,24.72,0.1960536636148081,0.8955531050730626,0.0016924644253836,0.3560200247570848,0.3145034612612011,alta,0,2,3.758831444906512,-1.0055340431586235,-0.1274619342262279,-1.5521599730595546
3437.5,0.0387266574846106,0.0044994360275597,25.822006466666668,-0.0612733425153894,2A,medio,12.0,Saavedra,2,48.0,2.2557483161509646,3.264768293679837,0.0016590377581003,0.4997101681025006,0.2333980703538691,alta,0,0,1.1041669590554262,1.6510082794367988,-0.4871540661326881,-0.1351968197949569
4285.714285714285,0.0378660650960636,0.0037105596713917,26.408870250000003,-0.0621339349039363,2A,bajo,13.0,Belgrano,4,63.0,0.7744179596229597,1.5874450571458183,0.001811257462251,0.3242107629327673,0.3362126271488234,media,0,2,2.5960074847767247,-0.3467805566563531,-0.2160031154160997,-0.3857579312900738
3684.2105263157896,0.0486849408377961,0.0136278624346464,20.54023241666667,-0.0513150591622038,2A,bajo,13.0,Belgrano,4,57.0,0.7744179596229597,1.5874450571458183,0.001811257462251,0.3242107629327673,0.3362126271488234,media,0,2,2.071899635487996,-0.4191053428127556,-0.3301652855177998,-0.4642455072241283
3936.0,0.0519503941866727,0.0166211946711166,19.249132093333333,-0.0480496058133272,monoamb,medio,12.0,Saavedra,5,25.0,2.951854854889445,3.998666535406726,0.0016590377581003,0.4997101681025006,0.2333980703538691,alta,0,0,2.05442515637052,2.3987231710421644,-0.5969657599940368,-1.1611998403718649
3890.1098901098894,0.036101121383959,0.0020926946019624,27.69997057333333,-0.0638988786160409,2A,medio,12.0,Saavedra,5,45.5,2.951854854889445,3.998666535406726,0.0016590377581003,0.4997101681025006,0.2333980703538691,alta,0,0,2.1563615191198107,2.4426913380457744,-0.4641177260022857,-0.738533530380704
3196.974905465796,0.0488594388336305,0.013787818930828,20.46687444375,-0.0511405611663694,4+A,alto,6.0,Caballito,2,87.27,1.2443742604634984,0.4300064244493367,0.0014709557236647,0.6815238874122538,0.2822013725531903,media,0,2,0.6519320930634216,-0.491537253418884,-0.5915784951236447,0.5472916483249501
1583.3333333333333,0.2466276608230464,0.1950753557544592,4.054695230303031,0.1466276608230464,monoamb,alto,2.0,Recoleta,1,12.0,0.4444969675796278,2.478211956776305,0.0014373274573867,1.0447534381885877,0.3343869191202226,alta,0,1,-2.8321363730903117,-0.8807452341719346,-0.0903385727808157,-1.5752468008652707
1650.0,0.0573619250662052,0.0215817646440214,17.433166666666665,-0.0426380749337947,4+A,alto,1.0,Retiro,1,200.0,0.4025181077877909,2.421180300805765,0.0018408245339653,1.3599759089981835,0.497858621461092,alta,0,1,-1.2238564004565349,-0.9231916030200102,2.0136988997573044,2.4002977960872607
1859.436816383524,0.0906368579427056,0.0520837864474801,11.033039126666669,-0.0093631420572943,2A,bajo,13.0,Nuñez,2,42.97,1.7695612881613292,2.69494206993046,0.001811257462251,0.3242107629327673,0.3362126271488234,alta,0,0,-0.1298371669045069,0.7015446348358875,-0.8954039099084949,-0.2637242607447371
3410.6412005457028,0.0511191878796859,0.0158592555563788,19.562126111111112,-0.048880812120314,2A,bajo,15.0,Chacarita,2,36.65,0.8365621114067924,0.4919155273702941,0.0016924644253836,0.3560200247570848,0.3145034612612011,alta,0,2,1.269624922742208,-0.7671635460265728,-0.9166851605272144,-0.3365234181157954
3176.470588235294,0.0930874100278232,0.0543301258588379,10.742591288135593,-0.0069125899721767,monoamb,alto,6.0,Caballito,5,17.0,1.206127015429027,1.3232883384245389,0.0014709557236647,0.6815238874122538,0.2822013725531903,alta,0,2,0.9577276316874264,-0.3042742613263365,-0.5884008461163079,-1.4680262234782295
2807.0175438596493,0.0670417499211273,0.0304549374277,14.916078431372547,-0.0329582500788726,3A,bajo,14.0,Palermo,2,57.0,0.291676390865619,1.1634775945351217,0.0020354411558041,0.3173293561387364,0.7185047022536231,alta,0,2,0.981869561224924,-1.087114274052605,0.0186740223031733,-0.1918762120579169
2085.951244031164,0.0728807698686286,0.0358073723795762,13.721040568075118,-0.0271192301313713,2A,bajo,7.0,Parque Chacabuco,7,39.79,0.951861178889026,0.735612254814744,0.0007389240721516,0.4306612690454279,0.2791624172439522,alta,0,2,0.5570796066092997,0.1183813072468363,-0.9629022531779292,-1.2964331072643422
2398.0815347721823,0.0685139115331902,0.0318044189054243,14.595575958549222,-0.0314860884668097,3A,alto,2.0,Recoleta,1,50.04,0.7033526442948497,2.022285686067441,0.0014373274573867,1.0447534381885877,0.3343869191202226,media,0,1,-0.8087023032267179,-0.2533774416473398,0.5179275124964413,-0.1744839439762851
3320.3125,0.0356318781587721,0.0016625549788745,28.064756944444444,-0.0643681218412278,4+A,bajo,13.0,Belgrano,4,256.0,1.255019303171682,2.1702081566175058,0.001811257462251,0.3242107629327673,0.3362126271488234,alta,0,2,1.9897383380826692,0.1448481490193592,0.3606287307124288,3.030276633043836
3226.558297974063,0.0444106032185104,0.0097097196169679,22.5171451754386,-0.0555893967814895,4+A,bajo,14.0,Palermo,2,167.33,0.5419700515989978,1.1270732607686915,0.0020354411558041,0.3173293561387364,0.7185047022536231,alta,0,2,1.521226841584841,-0.8802734105588107,0.3940712558576073,1.76797392865103
3597.122302158273,0.055706807304786,0.0200645733627205,17.95112749019608,-0.0442931926952139,2A,bajo,13.0,Belgrano,3,36.14,2.0216004028089025,2.81455109103404,0.001811257462251,0.3242107629327673,0.3362126271488234,alta,0,2,1.6398193352738033,1.13752926280057,-0.6987903102081128,-0.5911122787258797
2293.577981651376,0.085813439899043,0.0476623199074561,11.653186274509803,-0.0141865601009569,4+A,medio,12.0,Coghlan,2,109.0,0.6429509953778638,1.5718582875673544,0.0016590377581003,0.4997101681025006,0.2333980703538691,media,0,1,0.0150459984296547,-0.6622247480562973,-0.292180373008076,0.7555257430871208
2797.202797202797,0.049902064358741,0.0147435589955126,20.039251138211384,-0.0500979356412589,3A,alto,3.0,Balvanera,5,50.05,0.2827794361471435,2.134359358228442,0.0010344625327268,0.9331491918927998,0.3306390495886265,media,0,2,0.4193152234521709,-0.0400247006697794,0.8092273034655311,-0.9874688553399888
2839.011356045424,0.0890796953969304,0.0506563874471862,11.225902777777778,-0.0109203046030695,4+A,bajo,13.0,Belgrano,2,119.76,1.0281394793725482,1.948332960028422,0.001811257462251,0.3242107629327673,0.3362126271488234,alta,0,2,0.667463753203985,-0.1972421070561252,-0.4024537736965192,0.8954311122610238
1688.1028938906752,0.0862129160669307,0.0480285063946865,11.599190070588234,-0.0137870839330692,3A,alto,1.0,San Nicolas,1,49.76,0.1876412274880348,2.554664159499893,0.0018408245339653,1.3599759089981835,0.497858621461092,media,0,1,-1.5053290445202776,-1.027224537367525,1.5234021751869196,-0.3215902850737745
1083.3333333333333,0.3276871017928589,0.2693798433101206,3.051691673333333,0.2276871017928589,monoamb,alto,1.0,San Nicolas,3,12.0,0.5885319492819894,2.1039535107842684,0.0018408245339653,1.3599759089981835,0.497858621461092,alta,0,1,-3.3525303601478096,-1.9615530344091907,0.0688317806185016,-2.220661950364243
1083.3333333333333,0.3276871017928589,0.2693798433101206,3.051691673333333,0.2276871017928589,monoamb,alto,1.0,San Nicolas,3,12.0,0.5885319492819894,2.1039535107842684,0.0018408245339653,1.3599759089981835,0.497858621461092,alta,0,1,-3.3525303601478096,-1.9615530344091907,0.0688317806185016,-2.220661950364243
1885.458402074004,0.0873286126277969,0.0490512282421471,11.451000650406504,-0.0126713873722031,3A,alto,3.0,Balvanera,1,42.43,0.0447121168074638,3.301607705402652,0.0010344625327268,0.9331491918927998,0.3306390495886265,media,0,1,-1.5659154704948717,0.3826688908033088,0.9778226165381306,-0.5691864712071292
1163.5514018691588,0.1165668035481921,0.0758529032525094,8.578771739130435,0.0165668035481921,4+A,bajo,7.0,Flores,2,214.0,1.7635042131714038,1.4684763441791575,0.0007389240721516,0.4306612690454279,0.2791624172439522,media,0,0,-1.6272109157076715,0.9830561083014326,-0.9112418988424,2.545110651002172
2826.086956521739,0.0611682590013336,0.0250709040845558,16.34834825,-0.0388317409986663,3A,bajo,13.0,Belgrano,1,69.0,1.277142602977987,2.151802998968208,0.001811257462251,0.3242107629327673,0.3362126271488234,alta,0,2,0.5944069163673097,0.2595202864488817,-0.5674691050577467,0.3566635736025672
2538.7870239774334,0.0688473910837521,0.0321101084934394,14.5248786375,-0.0311526089162478,4+A,bajo,13.0,Colegiales,1,77.99,0.4371854897972805,1.6612119998490231,0.001811257462251,0.3242107629327673,0.3362126271488234,media,0,2,0.3561331877879591,-0.6480063402459387,-0.3161112473963074,0.437987765187799
3613.2969327123815,0.0454392781152764,0.01065267160567,22.007391875,-0.0545607218847235,2A,bajo,13.0,Belgrano,7,62.27,0.2870708800557021,1.19723428407036,0.001811257462251,0.3242107629327673,0.3362126271488234,media,0,2,2.805848074352764,-1.0947681766034807,-0.0898988933970015,-0.9357594193498804
4030.8334671591456,0.0407324206212637,0.0063380522361584,24.550468269444444,-0.0592675793787362,2A,bajo,13.0,Belgrano,7,62.27,0.2870708800557021,1.19723428407036,0.001811257462251,0.3242107629327673,0.3362126271488234,media,0,2,3.1454626154062804,-1.0525263459068694,-0.036763429393552,-0.9642353517760632
4255.660831861249,0.0385805191544799,0.0043654758916066,25.919817097222225,-0.06141948084552,2A,bajo,13.0,Belgrano,7,62.27,0.2870708800557021,1.19723428407036,0.001811257462251,0.3242107629327673,0.3362126271488234,media,0,2,3.325330173293764,-1.0311829051078905,-0.0096661204914491,-0.9812376344615494
4402.777777777777,0.0403148169398154,0.0059552488614975,24.80477590888889,-0.0596851830601845,2A,medio,12.0,Saavedra,5,36.0,2.951854854889445,3.998666535406726,0.0016590377581003,0.4997101681025006,0.2333980703538691,alta,0,0,2.489919317832022,2.463203123954769,-0.4726780701142882,-0.9784247186127644
2034.773159467536,0.0853123963279138,0.0472030299672543,11.72162596577778,-0.0146876036720861,2A,bajo,15.0,Chacarita,2,36.81,0.9639937082319676,0.463089147821925,0.0016924644253836,0.3560200247570848,0.3145034612612011,alta,0,2,0.0040462081739437,-0.8988391948825664,-1.2434804357120786,-0.3019119549916942
4249.7934128202105,0.0280436078101447,-0.0052933595073672,35.65875,-0.0719563921898552,4+A,bajo,13.0,Belgrano,2,254.13,1.3477435423742417,1.5326642374805008,0.001811257462251,0.3242107629327673,0.3362126271488234,alta,0,2,2.2532217320205734,0.047721347369324,0.1209746808883586,3.356071174306836
3822.58064516129,0.0341513561784118,0.0003054098302108,29.281414031578947,-0.0658486438215881,3A,alto,1.0,Retiro,2,62.0,0.4725303138781417,2.6888271933686108,0.0018408245339653,1.3599759089981835,0.497858621461092,alta,0,2,0.6956572096196396,-0.4841800417634544,1.8770318835110844,-0.2937753550916042
4148.044692737431,0.0424903148638557,0.0079494552918677,23.534775,-0.0575096851361442,monoamb,bajo,13.0,Nuñez,5,35.8,2.165094482565271,3.0378944955903098,0.001811257462251,0.3242107629327673,0.3362126271488234,alta,0,2,2.6252990140930894,1.3532446877915942,-0.5365758643897715,-0.9707016790478196
1533.3333333333333,0.0823018924862944,0.0444434014457699,12.150388888888887,-0.0176981075137055,monoamb,bajo,15.0,Chacarita,2,45.0,0.9639937082319676,0.463089147821925,0.0016924644253836,0.3560200247570848,0.3145034612612011,media,0,1,-0.3315058054558775,-0.9223619478514026,-1.24347733249864,-0.0908345703915625
3279.6429264506114,0.0283754848256494,-0.0049891389098213,35.24168859649123,-0.0716245151743505,4+A,bajo,14.0,Palermo,1,257.65,1.02066339776874,0.6257016402876875,0.0020354411558041,0.3173293561387364,0.7185047022536231,alta,0,2,1.502180606947139,-0.7454328941799421,0.3216120587986222,3.655854070538941
3455.687133886805,0.0292405910703338,-0.0041961248521939,34.199035087719295,-0.0707594089296661,4+A,bajo,14.0,Palermo,1,237.29,1.02066339776874,0.6257016402876875,0.0020354411558041,0.3173293561387364,0.7185047022536231,alta,0,2,1.6122451531735815,-0.7267688274649108,0.2593294335725785,3.285662412221852
833.3333333333334,0.1753388144273229,0.1297272465583794,5.703243764172336,0.0753388144273229,2A,alto,1.0,San Nicolas,3,42.0,0.6746394788747512,1.8914198011646155,0.0018408245339653,1.3599759089981835,0.497858621461092,alta,0,1,-2.3151531019057763,-1.484254643513021,0.6373622373683159,-0.9876467247137048
2616.43118785976,0.0613430254556231,0.0252311066676545,16.30177175925926,-0.0386569745443768,3A,alto,1.0,Retiro,3,76.44,0.0276927308844844,2.5401908642891184,0.0018408245339653,1.3599759089981835,0.497858621461092,alta,0,1,-0.1290299935938768,-1.1025356488820826,1.9373464307323631,-0.2565237045071614
2777.777777777778,0.0536333999369018,0.01816394994216,18.64509803921569,-0.0463666000630981,3A,bajo,14.0,Palermo,2,72.0,0.2532877033828287,1.2914359117974985,0.0020354411558041,0.3173293561387364,0.7185047022536231,alta,0,2,1.069294326866005,-1.008632086172609,0.1896380194643286,0.1088195687744334
2461.538461538461,0.0692239002537414,0.0324552418992629,14.445877743589744,-0.0307760997462585,4+A,medio,12.0,Villa Urquiza,1,65.0,1.2220231414460854,2.6765676530133504,0.0016590377581003,0.4997101681025006,0.2333980703538691,media,0,0,-0.0489544094317226,0.4671983793519525,-0.3167699705123771,0.2292409015673054
1642.766765078026,0.069996320588359,0.0331632938726625,14.286465225520834,-0.0300036794116409,2A,medio,4.0,La Boca,1,47.42,1.4469532455426968,0.7526632250588957,0.0003390684780865,0.6643909367912209,0.3621231466264265,alta,0,0,-1.7705639947837457,1.0857167093198044,-1.0314592155952986,-0.0592433615151943
3525.060980407585,0.0676051259708847,0.030971365473311,14.791777777777778,-0.0323948740291152,4+A,bajo,13.0,Belgrano,1,127.09,1.811419180781512,2.258917092089677,0.001811257462251,0.3242107629327673,0.3362126271488234,alta,0,2,1.0728470643688564,0.6836682298863339,-0.5726878185021295,1.2958352267934958
2549.618320610687,0.0642316166909004,0.0278789819666587,15.568656862745096,-0.0357683833090995,3A,bajo,14.0,Palermo,1,65.5,0.8865647504389531,1.1300946539189094,0.0020354411558041,0.3173293561387364,0.7185047022536231,alta,0,2,0.5720554197911929,-0.6462408509742622,-0.3215479305652871,0.261407449244024
4568.115942028986,0.0368339265019033,0.0027644326267447,27.148884057971014,-0.0631660734980966,3A,bajo,13.0,Belgrano,6,86.25,0.2870708800557021,1.19723428407036,0.001811257462251,0.3242107629327673,0.3362126271488234,alta,0,2,3.332115356906185,-0.9767638776985872,0.0783381661954107,-0.4194390401704442
4403.846153846154,0.031623951745075,-0.0020113775670145,31.621601501960782,-0.0683760482549249,2A,bajo,13.0,Belgrano,5,52.0,0.7867196461179015,1.6843243776476922,0.001811257462251,0.3242107629327673,0.3362126271488234,alta,0,2,2.967147427442484,-0.2939226070858329,-0.161945451766386,-0.7493438758581321
3928.571428571429,0.0487955884306093,0.0137292893947252,20.493655925925925,-0.0512044115693906,monoamb,bajo,13.0,Belgrano,5,28.0,0.7867196461179015,1.6843243776476922,0.001811257462251,0.3242107629327673,0.3362126271488234,alta,0,2,2.4751802607124325,-0.3719878340363253,-0.3557172176455344,-1.1760405571871688
2272.7272727272725,0.0624790074085051,0.0262724234577963,16.00537590909091,-0.0375209925914949,monoamb,bajo,15.0,Villa Crespo,3,33.0,0.1613700397201059,1.36479812317447,0.0016924644253836,0.3560200247570848,0.3145034612612011,alta,0,2,0.5723462419480352,-0.944294969130438,-0.3651945852858245,-0.6626318126687244
2500.0,0.0879549517681813,0.0496253724541662,11.36945652173913,-0.0120450482318186,4+A,bajo,7.0,Flores,2,132.0,1.7000000059130589,0.1920290116890446,0.0007389240721516,0.4306612690454279,0.2791624172439522,media,0,0,-0.4284532553827286,0.5009222484031638,-1.4055386582059377,1.2197609218327214
2039.836813054956,0.0711659282246608,0.0342354342059391,14.051668051643194,-0.0288340717753391,2A,bajo,7.0,Flores,1,41.67,2.299178471026118,1.422069192879558,0.0007389240721516,0.4306612690454279,0.2791624172439522,alta,0,0,-0.9756320702358836,1.699071766937274,-1.6142285074706453,-0.0265725872189815
3153.153153153153,0.0492645234668175,0.0141591465112494,20.298582623529413,-0.0507354765331824,3A,alto,1.0,San Nicolas,3,46.62,0.167287950526813,1.3246722682785956,0.0018408245339653,1.3599759089981835,0.497858621461092,media,0,1,0.3838638747458279,-1.5449719806330944,1.4130039742603342,-0.6518400588079781
2469.844916714532,0.0594409161391697,0.0234875064609056,16.823428455555554,-0.0405590838608302,3A,bajo,15.0,Chacarita,1,52.23,1.015541034088288,0.4473765585054174,0.0016924644253836,0.3560200247570848,0.3145034612612011,media,0,2,0.2846595322682507,-0.7152486341550306,-1.1138602141070182,0.2136433538786462
3526.7857142857147,0.0404423954744351,0.0060721958515655,24.726527404444443,-0.0595576045255648,2A,medio,12.0,Saavedra,5,44.8,2.951854854889445,3.998666535406726,0.0016590377581003,0.4997101681025006,0.2333980703538691,alta,0,0,1.8585451904262769,2.405422592313164,-0.513849823606303,-0.7267135568476244
4592.14501510574,0.0464933497905031,0.0116189039746279,21.50845238095238,-0.0535066502094968,3A,bajo,14.0,Palermo,4,82.75,0.5416559448204078,0.99450215275058,0.0020354411558041,0.3173293561387364,0.7185047022536231,alta,0,2,2.9473311056163918,-0.9139922310819608,0.2088967695156499,-0.1938500040289173
1770.0,0.0900121293173378,0.051511118540893,11.10961386631016,-0.0099878706826621,3A,bajo,7.0,Flores,1,50.0,2.2023613753715634,1.3433403032576132,0.0007389240721516,0.4306612690454279,0.2791624172439522,media,0,0,-1.3109397218479408,1.4988277898262317,-1.6575362673454423,0.0579602192309657
4668.084630023508,0.0348023190449638,0.0009021257912168,28.733717391304346,-0.0651976809550361,3A,bajo,13.0,Belgrano,7,89.33,0.2870708800557021,1.19723428407036,0.001811257462251,0.3242107629327673,0.3362126271488234,alta,0,2,3.6682599256829778,-1.0076671277277842,0.1369357341642432,-0.553633323637556
2021.0597826086955,0.0930741516016691,0.05431797230153,10.74412157179487,-0.0069258483983308,3A,alto,6.0,Caballito,3,58.88,0.7617569560861535,0.2908533297775483,0.0014709557236647,0.6815238874122538,0.2822013725531903,media,0,1,-0.3071041896709588,-1.168776216728881,-0.7270025811605672,-0.2264956776143589
3258.4269662921347,0.0636541611528657,0.0273496477234602,15.709892046153849,-0.0363458388471343,monoamb,bajo,14.0,Palermo,4,26.7,1.3697494235562375,0.7256818672313269,0.0020354411558041,0.3173293561387364,0.7185047022536231,alta,0,2,1.8195108261931705,-0.5737686245292031,-0.7095149405618965,-0.9299271091351582
3183.5205992509364,0.0651519061211684,0.028722580611071,15.348745102564104,-0.0348480938788315,monoamb,bajo,14.0,Palermo,4,26.7,1.3697494235562375,0.7256818672313269,0.0020354411558041,0.3173293561387364,0.7185047022536231,alta,0,2,1.7534572722249815,-0.5837414309577252,-0.7216332330907832,-0.9276689518201056
798.1927710843373,0.0714318312145197,0.0344791786133097,13.999361111111112,-0.0285681687854802,4+A,alto,1.0,San Nicolas,1,332.0,0.1244084053095307,2.490733928339383,0.0018408245339653,1.3599759089981835,0.497858621461092,alta,0,1,-1.8822840074186984,-1.261573957521141,2.536876671569718,4.637238491956804
3735.881841876629,0.0396272774261131,0.0053250043072704,25.235142683333333,-0.0603727225738868,2A,alto,2.0,Recoleta,2,34.53,1.454100314893792,1.4722729605477962,0.0014373274573867,1.0447534381885877,0.3343869191202226,alta,0,2,0.6402512872740566,0.148117903893558,0.120688982648493,-0.5050941786125035
2572.220023743569,0.0699065817158099,0.0330810332394924,14.30480471875,-0.0300934182841901,4+A,alto,6.0,Caballito,2,75.81,0.2483084245869632,0.617776691856658,0.0014709557236647,0.6815238874122538,0.2822013725531903,media,0,1,0.0289649877022068,-1.2140613181167472,-0.168940666235229,0.1843579267762248
2391.304347826087,0.0540841007767077,0.0185770923786488,18.489722222222223,-0.0459158992232922,4+A,alto,2.0,Recoleta,1,161.0,0.7956208661939816,2.8955228116621474,0.0014373274573867,1.0447534381885877,0.3343869191202226,media,0,1,-0.67549871530949,0.2598823220066103,1.2374024785686493,1.71227850184603
4103.448275862069,0.0465370758008345,0.011658986150765,21.48824314358974,-0.0534629241991654,monoamb,bajo,14.0,Palermo,5,29.0,0.4352776936435176,1.2123794025229813,0.0020354411558041,0.3173293561387364,0.7185047022536231,alta,0,2,2.803046894831748,-0.9184270117380068,0.140399905965477,-1.265785823614216
2800.0,0.0486849408377961,0.0136278624346464,20.54023241666667,-0.0513150591622038,2A,medio,12.0,Villa Urquiza,1,75.0,0.8575606016410869,1.761549820292382,0.0016590377581003,0.4997101681025006,0.2333980703538691,media,0,2,0.4004654895645716,-0.1816988405299172,-0.3039309668354756,0.4771639281335931
3448.9795918367345,0.045372060248242,0.0105910552275551,22.03999541851852,-0.054627939751758,2A,bajo,14.0,Palermo,3,49.0,0.2946660253459917,1.1385331166223531,0.0020354411558041,0.3173293561387364,0.7185047022536231,alta,0,2,1.8600697676642024,-1.0183497202864586,0.149326605813476,-0.4896636368266142
3038.8165816180267,0.0392875071679858,0.0050135482373203,25.45338383838384,-0.0607124928320141,4+A,alto,2.0,Recoleta,2,174.41,0.984181826957863,3.135428323095919,0.0014373274573867,1.0447534381885877,0.3343869191202226,media,0,1,0.1525658880227219,0.5630548739182819,1.4140980256295137,1.750038399491046
2808.809447813597,0.0580899862269159,0.0222491540413395,17.21467097777778,-0.0419100137730841,monoamb,medio,12.0,Villa Urquiza,6,31.33,0.432595583568675,1.5640573134940623,0.0016590377581003,0.4997101681025006,0.2333980703538691,alta,0,2,1.551471207849546,-0.8117107682585682,-0.1856378702010353,-1.2651335672471185
1000.0,0.2603291975354379,0.207635097740818,3.841290218181818,0.1603291975354379,monoamb,alto,2.0,Recoleta,2,18.0,2.4303610332756898,1.6395378884650298,0.0014373274573867,1.0447534381885877,0.3343869191202226,alta,0,1,-3.097958894959982,-0.0296494649353309,-1.4999209359696437,-1.3103768946189556
2989.750198255353,0.0508469870092299,0.015609738091794,19.6668486928926,-0.04915301299077,2A,bajo,14.0,Palermo,4,50.44,0.6067743496665345,0.7248969547155525,0.0020354411558041,0.3173293561387364,0.7185047022536231,alta,0,2,1.7441286966335543,-1.1022423502287566,-0.1883844770637762,-0.5419190997060438
2482.0143884892086,0.0548679283241963,0.0192956009638466,18.225583333333333,-0.0451320716758037,4+A,alto,1.0,Retiro,2,139.0,0.39129267997043,2.783955970295494,0.0018408245339653,1.3599759089981835,0.497858621461092,alta,0,1,-0.4009144337353774,-0.6914692987726225,2.039245485144908,1.0618521354919837
2550.4985937100487,0.060093445307453,0.0240856581984986,16.64075,-0.0399065546925469,4+A,bajo,14.0,Palermo,3,156.44,1.51318447059041,1.36805618849705,0.0020354411558041,0.3173293561387364,0.7185047022536231,alta,0,2,1.1312792188958638,-0.1941588360375041,-0.1643161920001402,1.5206379251899689
3060.1092896174864,0.0563376049757372,0.0206428045610925,17.750133333333334,-0.0436623950242627,monoamb,bajo,13.0,Belgrano,3,36.6,2.092197981016215,2.927127217080467,0.001811257462251,0.3242107629327673,0.3362126271488234,alta,0,2,1.240979635247225,1.212150962434256,-0.7414613078852488,-0.5230243216305933
2909.090909090909,0.0650699337469765,0.0286474392680618,15.368080808080808,-0.0349300662530234,4+A,alto,2.0,Recoleta,1,110.0,0.5144683048762304,2.4839611163603035,0.0014373274573867,1.0447534381885877,0.3343869191202226,media,0,1,-0.3954253273023281,-0.1372792983299909,1.05583111611327,0.7344157953537087
1169.67722830915,0.084120182586825,0.0461101673712563,11.887753559829058,-0.0158798174131749,3A,medio,4.0,Nueva Pompeya,3,67.54,2.9531325129617403,2.6376300140820903,0.0003390684780865,0.6643909367912209,0.3621231466264265,media,0,0,-1.805224295430618,2.971662441746552,-1.1219030419840403,-0.0474482825860139
1706.554878048781,0.0958167037729377,0.0568319784585262,10.43659362745098,-0.0041832962270622,4+A,medio,12.0,Villa Urquiza,2,131.2,1.4036503858740788,2.858912306429415,0.0016590377581003,0.4997101681025006,0.2333980703538691,media,0,1,-0.5322105157096739,0.4703932583051313,-0.2463310852062585,1.1514545504461813
2397.9591836734694,0.0625394319804669,0.0263278126487613,15.98991177777778,-0.0374605680195331,monoamb,alto,5.0,Almagro,3,39.2,0.2670758830111516,2.0078018656492795,0.0013072260551381,0.7262366972989581,0.8153691824811038,media,0,1,-0.0593393827810154,-0.0497463054177227,0.8817192493856574,-0.8902326165008868
2429.8785060746964,0.0507510455801409,0.0155217917817958,19.70402754404145,-0.049248954419859,3A,alto,5.0,Almagro,3,66.67,0.2670758830111516,2.0078018656492795,0.0013072260551381,0.7262366972989581,0.8153691824811038,alta,0,1,0.0708239769873972,-0.0198729243163402,1.030055790239707,-0.3760529768806574
2807.800751879699,0.063362126432963,0.0270819492302161,15.782298611111113,-0.0366378735670369,4+A,alto,2.0,Recoleta,2,85.12,0.8385174629949379,2.5967171992683507,0.0014373274573867,1.0447534381885877,0.3343869191202226,media,0,1,-0.2294469156371207,0.1248166703920374,0.863005745353777,0.1816854692021333
1296.5964343598057,0.2662457702066978,0.213058622689473,3.755928213333334,0.1662457702066978,monoamb,alto,1.0,San Nicolas,3,12.34,0.5885319492819894,2.1039535107842684,0.0018408245339653,1.3599759089981835,0.497858621461092,alta,0,1,-2.715643753203163,-1.7237827158499195,0.3308546064460894,-1.9718565636789007
931.4285714285714,0.1161315047352621,0.0754538793406569,8.610927777777777,0.0161315047352621,4+A,alto,1.0,Monserrat,1,175.0,0.2195979476200708,0.94408721391409,0.0018408245339653,1.3599759089981835,0.497858621461092,alta,0,1,-2.161764752412226,-2.070497786826357,1.2012794014692756,1.9037800798235736
2619.04761904762,0.0650101817416992,0.0285926665965576,15.382205882352942,-0.0349898182583007,3A,bajo,14.0,Palermo,4,63.0,0.5479332833638211,1.5275862741592086,0.0020354411558041,0.3173293561387364,0.7185047022536231,alta,0,2,1.3410428344460352,-0.8059138552563428,0.0885272933849545,-0.4225818177890899
3200.557103064067,0.0549156810903618,0.0193393743328316,18.209735,-0.0450843189096381,monoamb,bajo,13.0,Belgrano,3,35.9,1.7978311562794311,2.534815796729706,0.001811257462251,0.3242107629327673,0.3362126271488234,alta,0,2,1.3708492122941585,0.810577212226732,-0.7098187844768933,-0.5516695886863413
3012.8205128205127,0.0751807358314519,0.0379156745121642,13.301279761904762,-0.024819264168548,3A,bajo,14.0,Palermo,1,78.0,0.8855550880801134,0.2764821277522845,0.0020354411558041,0.3173293561387364,0.7185047022536231,alta,0,2,0.8608205832551563,-1.1124044189798938,-0.5860998169725035,0.443465180010363
2349.791790600833,0.0647078327590962,0.0283155133625048,15.454079627777777,-0.0352921672409038,monoamb,medio,12.0,Saavedra,2,33.62,2.2097045735913463,3.228477206428166,0.0016590377581003,0.4997101681025006,0.2333980703538691,alta,0,0,0.1059476707358988,1.4467603587689917,-0.7201109839792643,-0.3682028142828214
4460.573650947982,0.0324994291945312,-0.0012088565716797,30.769771186266667,-0.0675005708054688,2A,alto,6.0,Caballito,7,41.14,0.2079539381489399,0.8824904534435623,0.0014709557236647,0.6815238874122538,0.2822013725531903,alta,0,2,2.89391335216242,-1.0483401943986763,0.2822790020269898,-1.4087761683589826
3392.8571428571427,0.0425993232330716,0.0080493796303156,23.47455133333333,-0.0574006767669283,3A,alto,1.0,Constitucion,5,56.0,0.1885821392295118,1.4445656423627362,0.0018408245339653,1.3599759089981835,0.497858621461092,alta,0,2,1.1023907991333175,-1.51876067896714,1.5868782633776193,-0.8661194624829835
2961.4500893540976,0.0514129763157761,0.0161285616227947,19.45034253333333,-0.0485870236842238,2A,alto,5.0,Almagro,3,39.17,0.4252515191459606,1.680500390283761,0.0013072260551381,0.7262366972989581,0.8153691824811038,alta,0,2,0.4475039467055454,-0.0331289716662902,0.770783216541437,-0.8594360012851099
4216.867469879519,0.0344851664267722,0.0006114025578746,28.99797517647059,-0.0655148335732277,2A,bajo,13.0,Belgrano,2,49.8,2.0216004028089025,2.81455109103404,0.001811257462251,0.3242107629327673,0.3362126271488234,alta,0,2,2.016722661207141,1.2874469276361935,-0.5455208375953083,-0.1556695980381383
2527.4725274725274,0.0515118425112256,0.0162191889686234,19.4130116736181,-0.0484881574887743,3A,bajo,15.0,Villa Ortuzar,2,91.0,0.2866752723485819,0.9321371373818236,0.0016924644253836,0.3560200247570848,0.3145034612612011,media,0,2,0.6429577454152077,-1.0148919680256216,-0.3443508151261059,0.5772753008936801
2527.3656044757968,0.0697005288702808,0.0328921514644241,14.34709343254902,-0.0302994711297191,3A,alto,1.0,San Nicolas,3,41.11,0.265956547272382,3.140456656015123,0.0018408245339653,1.3599759089981835,0.497858621461092,media,0,1,-0.3025225035011853,-0.6347660183349195,1.8568760511568632,-0.9011309025902016
3315.0,0.0599688813738565,0.0239714745927018,16.675315214999998,-0.0400311186261434,3A,bajo,13.0,Belgrano,4,60.0,1.7447056204086884,2.641597968946943,0.001811257462251,0.3242107629327673,0.3362126271488234,alta,0,2,1.6694112301410646,0.7607125076193255,-0.5357485731779458,-0.3776729660333583
3976.858125716668,0.0380408048276537,0.0038707377586826,26.2875615942029,-0.0619591951723462,3A,bajo,13.0,Belgrano,6,95.93,0.2870708800557021,1.19723428407036,0.001811257462251,0.3242107629327673,0.3362126271488234,alta,0,2,2.899147882955829,-1.0219467816134378,0.059599032508693,-0.1909156306114327
2789.4736842105262,0.0643008652574666,0.0279424598193444,15.551890258333335,-0.0356991347425333,3A,medio,12.0,Saavedra,2,57.0,2.2097045735913463,3.228477206428166,0.0016590377581003,0.4997101681025006,0.2333980703538691,alta,0,0,0.4402387408401662,1.461593464470929,-0.597867245305251,-0.0210002367984381
3609.756097560976,0.0426338632248822,0.0080810412894754,23.45553333333333,-0.0573661367751177,monoamb,bajo,13.0,Belgrano,4,41.0,0.8558615347459271,1.7388886747369237,0.001811257462251,0.3242107629327673,0.3362126271488234,alta,0,2,2.0505464151253423,-0.2551040465538359,-0.3594076086300863,-0.7026467554927915
3609.756097560976,0.0426338632248822,0.0080810412894754,23.45553333333333,-0.0573661367751177,monoamb,bajo,13.0,Belgrano,4,41.0,0.8558615347459271,1.7388886747369237,0.001811257462251,0.3242107629327673,0.3362126271488234,alta,0,2,2.0505464151253423,-0.2551040465538359,-0.3594076086300863,-0.7026467554927915
2572.220023743569,0.0655374203585717,0.0290759686620241,15.258458366666668,-0.0344625796414282,3A,alto,6.0,Caballito,2,75.81,0.2483084245869632,0.617776691856658,0.0014709557236647,0.6815238874122538,0.2822013725531903,media,0,1,0.0632481980216418,-1.198047462455518,-0.1516484246325455,0.2034203251996439
2331.288343558282,0.0627779500276845,0.0265464541920441,15.929159833333337,-0.0372220499723154,2A,alto,5.0,Almagro,2,40.75,0.8000341173358612,1.814163195175532,0.0013072260551381,0.7262366972989581,0.8153691824811038,alta,0,1,-0.3519151773406245,0.2671776885979863,0.4959186276530642,-0.585464208688306
2607.1428571428573,0.0732467157961302,0.0361428228131194,13.652489249938922,-0.0267532842038697,monoamb,bajo,14.0,Palermo,2,42.0,0.2946660253459917,1.1385331166223531,0.0020354411558041,0.3173293561387364,0.7185047022536231,alta,0,2,0.7812747938299193,-1.1243931546136556,-0.0869965103297489,-0.4477076755524959
2700.0,0.0512769631509195,0.0160038828883429,19.50193495384616,-0.0487230368490804,2A,alto,3.0,Balvanera,3,40.0,0.4048092757791788,1.4574135978554288,0.0010344625327268,0.9331491918927998,0.3306390495886265,alta,0,1,-0.1348759655199075,-0.2265420620317096,0.3900283928586455,-0.7119092609311489
1235.4152367879203,0.1124148807539391,0.0720469740244441,8.89561945263158,0.012414880753939,3A,alto,1.0,Constitucion,2,58.28,0.4978338945004585,1.0885503069162883,0.0018408245339653,1.3599759089981835,0.497858621461092,alta,0,1,-1.7356113132000917,-1.7420178345263608,0.7545620086289514,-0.2562203366740606
3570.408454727221,0.0641641230374101,0.0278171127842926,15.585033390341234,-0.0358358769625898,monoamb,bajo,14.0,Palermo,4,35.01,0.1070458107929219,0.8960817071505373,0.0020354411558041,0.3173293561387364,0.7185047022536231,alta,0,2,2.050068855562023,-1.3757270268746298,0.079242882921506,-1.011879957242282
2117.594052714576,0.0725094863541645,0.0354670291579841,13.791298908333331,-0.0274905136458354,3A,medio,11.0,Villa Gral. Mitre,1,44.39,2.219806632557933,0.9692105766447922,0.0010693665978338,0.579459732816385,2.659087709873237,media,0,3,-0.9133869102944512,2.1171439107844674,1.2266981051775254,-0.7160476717739548
3513.757782687286,0.0389590838370475,0.0047124935172935,25.667954723541666,-0.0610409161629524,4+A,bajo,13.0,Belgrano,2,99.58,1.2884105255981413,1.7595019102415062,0.001811257462251,0.3242107629327673,0.3362126271488234,media,0,2,1.544196728387159,0.1255298308552802,-0.4275277183282346,0.7431539070102124
2400.0,0.0567990976440955,0.0210658395070875,17.6059135,-0.0432009023559044,4+A,alto,6.0,Caballito,2,100.0,0.6759017611788627,0.5369008359367254,0.0014709557236647,0.6815238874122538,0.2822013725531903,media,0,1,0.0192798851677453,-0.9261628418747192,-0.3012688170166555,0.7368958734213618
3026.315789473684,0.0463036122098605,0.0114449778590387,21.596587226666664,-0.0536963877901395,monoamb,medio,12.0,Saavedra,3,38.0,2.2097045735913463,3.228477206428166,0.0016590377581003,0.4997101681025006,0.2333980703538691,media,0,0,0.9892073505031328,1.509652412224234,-0.5443782923512506,-0.4765655646400362
805.6781124112795,0.1551832489204753,0.1112513115104357,6.443994483660131,0.0551832489204753,3A,medio,4.0,Nueva Pompeya,2,52.13,3.1981085564143505,2.907380897175788,0.0003390684780865,0.6643909367912209,0.3621231466264265,media,0,0,-2.8931806745417874,3.0567920829278585,-1.5543586867896473,-0.3826505182433475
2791.068580542265,0.0856331595631206,0.0474970629328606,11.677719298245616,-0.0143668404368793,4+A,bajo,14.0,Palermo,1,100.32,1.1619173983333824,0.8800731793544718,0.0020354411558041,0.3173293561387364,0.7185047022536231,alta,0,2,0.604745102755086,-0.6632568332986347,-0.4971223320384232,0.7891467126907553
1466.6666666666667,0.1064983080826791,0.0666234490757892,9.389820533333332,0.0064983080826791,2A,alto,3.0,Balvanera,2,30.0,0.210273426601922,2.067143585911525,0.0010344625327268,0.9331491918927998,0.3306390495886265,alta,0,1,-1.735086070550565,-0.2750888394037171,0.3240944651246131,-0.8718955263268348
1503.7593984962407,0.1410428510451399,0.0982892801247115,7.090043859649123,0.0410428510451398,4+A,bajo,14.0,Palermo,1,113.05,0.2803794562972065,1.236058860991034,0.0020354411558041,0.3173293561387364,0.7185047022536231,alta,0,1,-0.7626696583392887,-1.394975080817101,-0.1790420983156939,0.7660614004580859
3205.958549222798,0.0542173204784548,0.0186992104385836,18.44429033333333,-0.0457826795215451,monoamb,bajo,13.0,Belgrano,2,30.88,1.7465936582412251,2.624468147469862,0.001811257462251,0.3242107629327673,0.3362126271488234,alta,0,2,1.128519150716277,0.8690719988538537,-0.6964994359594404,-0.4653384378554471
3334.379905808477,0.0521460642212741,0.0168005588695013,19.176902704615387,-0.0478539357787258,3A,alto,6.0,Caballito,4,63.7,1.1865161231015835,0.4984871123821507,0.0014709557236647,0.6815238874122538,0.2822013725531903,media,0,2,1.203387790590047,-0.573124545039042,-0.5604654390128747,-0.2642605972769345
3711.1111111111113,0.0624214495942181,0.0262196621280333,16.02013420868435,-0.0375785504057818,4+A,alto,6.0,Caballito,4,117.0,1.1865161231015835,0.4984871123821507,0.0014709557236647,0.6815238874122538,0.2822013725531903,media,0,2,1.42404463857706,-0.6178155383685344,-0.377826681246849,0.551825003455501
2869.5652173913045,0.0630981175728257,0.0268399411084236,15.848333333333333,-0.0369018824271742,4+A,alto,2.0,Recoleta,1,115.0,0.7015009019213225,2.956851825526203,0.0014373274573867,1.0447534381885877,0.3343869191202226,media,0,1,-0.4253898621360461,0.2457227810856093,1.147568845056291,0.8178040436148538
3507.042253521127,0.0506812189339965,0.0154577840228301,19.731175,-0.0493187810660034,monoamb,bajo,13.0,Nuñez,5,35.5,2.165094482565271,3.0378944955903098,0.001811257462251,0.3242107629327673,0.3362126271488234,alta,0,2,2.096192383136145,1.285024800177416,-0.6230501224636829,-0.9362899355416732
432.56997455470736,0.1410428510451399,0.0982892801247115,7.090043859649123,0.0410428510451398,4+A,bajo,14.0,Palermo,1,393.0,0.6982282937743001,0.8878889589618261,0.0020354411558041,0.3173293561387364,0.7185047022536231,alta,0,1,-1.3814633313314866,-1.4975090565090907,0.3942609999846311,5.731495453218284
3414.634146341464,0.0495770923786487,0.0144456680137613,20.17060606060606,-0.0504229076213512,4+A,alto,2.0,Recoleta,2,123.0,1.6503298580058785,1.5174028650184828,0.0014373274573867,1.0447534381885877,0.3343869191202226,media,0,2,0.3727492206386626,0.2072744245691685,0.2851064105958842,1.014182426482303
1989.1304347826087,0.0744906198611089,0.0372830682060165,13.42450904375,-0.025509380138891,4+A,alto,6.0,Caballito,1,92.0,1.2321533021269313,0.6070722382194081,0.0014709557236647,0.6815238874122538,0.2822013725531903,media,0,1,-0.6749777358315385,-0.5339804122846059,-0.7371653658320253,0.8246056056275024
3141.304347826087,0.0501168508624372,0.0149404466239008,19.953368633333334,-0.0498831491375627,4+A,medio,12.0,Villa Urquiza,1,92.0,1.2224513922969116,2.655216523091714,0.0016590377581003,0.4997101681025006,0.2333980703538691,media,0,2,0.6088294848272472,0.5520798699030609,-0.0954820636956341,0.6931838220492822
2008.6083213773315,0.0695499154825659,0.0327540891923521,14.378162691666668,-0.030450084517434,4+A,alto,6.0,Caballito,2,97.58,0.6406803430255176,0.8511989769968494,0.0014709557236647,0.6815238874122538,0.2822013725531903,media,0,1,-0.3773716302418682,-0.8559212087291685,-0.2616621348877383,0.654840797713162
5416.666666666667,0.039322452215143,0.0050455811972144,25.430763944444447,-0.0606775477848569,2A,bajo,14.0,Palermo,3,36.0,0.2509853820559589,0.9644369039660832,0.0020354411558041,0.3173293561387364,0.7185047022536231,alta,0,2,3.3340291526330863,-0.9934203050670336,0.2501080086100684,-0.9061861716254338
3185.185185185185,0.0557611271573808,0.0201143665609324,17.933640350877194,-0.0442388728426191,4+A,bajo,14.0,Palermo,2,135.0,1.3253151582014266,1.2625370447551394,0.0020354411558041,0.3173293561387364,0.7185047022536231,alta,0,2,1.373473833430579,-0.2752973183182017,-0.1406257258949687,1.268211143716744
1056.149732620321,0.0399031635347759,0.0055778999068779,25.06066966666668,-0.060096836465224,4+A,medio,11.0,Villa Del Parque,1,374.0,0.8589854746059528,2.6410106360433603,0.0010693665978338,0.579459732816385,2.659087709873237,media,0,3,-1.3046690580462652,1.89051174954979,3.7804864367184217,4.824058914139301
3084.175084175084,0.0520865087565941,0.0167459663602113,19.19882948333333,-0.0479134912434058,3A,bajo,13.0,Belgrano,2,74.25,0.4158654080315466,0.5064482550826488,0.001811257462251,0.3242107629327673,0.3362126271488234,alta,0,2,1.170979626540066,-1.21320915720891,-0.5883602436732338,0.2945716771209764
3870.967741935484,0.0461492668358276,0.0113034945995086,21.668816615384618,-0.0538507331641723,monoamb,bajo,14.0,Palermo,3,31.0,1.6529186771977382,1.3715213576219378,0.0020354411558041,0.3173293561387364,0.7185047022536231,alta,0,2,2.130316349198164,0.1073533199305495,-0.5256335273076063,-0.6852391841267992
4138.46954711088,0.0452442321573287,0.0104738794775513,22.102264804112,-0.0547557678426712,monoamb,alto,2.0,Recoleta,5,38.42,0.1536494960279648,2.982243397281912,0.0014373274573867,1.0447534381885877,0.3343869191202226,media,0,2,1.5820600827617168,-0.1194951496793862,1.4733103325632744,-1.3640710879243412
3750.0,0.0380969766477438,0.0039222285937651,26.24880208333333,-0.0619030233522561,4+A,bajo,13.0,Belgrano,7,212.0,0.2870708800557021,1.19723428407036,0.001811257462251,0.3242107629327673,0.3362126271488234,alta,0,2,3.0417315247358827,-1.1427645171517595,0.4903069627350696,1.622936521499276
3703.703703703704,0.0468592555563788,0.0119543175933472,21.34050121212121,-0.0531407444436211,monoamb,alto,2.0,Recoleta,5,27.0,0.0642048997390249,2.0806877264507726,0.0014373274573867,1.0447534381885877,0.3343869191202226,alta,0,2,1.2830056933503775,-0.6802302177420215,1.115323399492115,-1.44993922993403
3095.2380952380954,0.0506822717439621,0.015458749098632,19.730765129310345,-0.0493177282560378,2A,alto,1.0,Monserrat,1,31.5,0.5371097699506605,1.0840597310712738,0.0018408245339653,1.3599759089981835,0.497858621461092,alta,0,1,-0.1634116376551095,-1.3212104319861275,1.0022707720028283,-0.4706830710580507
2918.9189189189187,0.0493047722604996,0.0141960412387913,20.282012351999995,-0.0506952277395003,monoamb,medio,12.0,Coghlan,5,37.0,1.5317675912642,2.5624441131420066,0.0016590377581003,0.4997101681025006,0.2333980703538691,media,0,2,1.4102768311589595,0.5745411773476125,-0.382482984672332,-0.8962512649648359
3236.842105263158,0.069267192248897,0.0324949262281555,14.436849070000005,-0.030732807751103,monoamb,alto,1.0,Monserrat,1,19.0,0.5371097699506605,1.0840597310712738,0.0018408245339653,1.3599759089981835,0.497858621461092,alta,0,1,-0.2131983639009371,-1.3739160814700535,0.8953496023803568,-0.7806643748782729
2700.0,0.0454582111478244,0.0106700268855057,21.998225947521867,-0.0545417888521755,2A,alto,1.0,Retiro,1,50.0,0.1581174802556527,2.651325351939924,0.0018408245339653,1.3599759089981835,0.497858621461092,alta,0,1,-0.455278638262238,-0.7880228125500586,1.819504451402885,-0.2706148979660672
1584.1584158415842,0.0833168213623223,0.0453737529154621,12.00237819504983,-0.0166831786376776,4+A,medio,10.0,Floresta,1,101.0,2.9048586777199827,1.4016909859544353,0.0007950753514594,0.4818638493693606,0.3093771634352494,media,0,0,-1.385887229620739,1.9361422499536176,-1.704833567159068,1.0563893752928066
2590.909090909091,0.0665147327674276,0.029971838370142,15.034263213483149,-0.0334852672325723,4+A,bajo,15.0,Chacarita,3,110.0,0.9639937082319676,0.463089147821925,0.0016924644253836,0.3560200247570848,0.3145034612612011,media,0,2,0.8395054183572944,-0.8798950622748087,-0.8280466118032725,0.7741018777131493
3008.849557522124,0.0779447334723141,0.0404493390162879,12.829603174603175,-0.0220552665276858,3A,bajo,14.0,Palermo,2,113.0,1.653895223415247,1.3207621232773494,0.0020354411558041,0.3173293561387364,0.7185047022536231,media,0,2,1.0550249654078585,-0.0894913139524895,-0.4769267518077949,0.8578018489337853
2514.825389852844,0.0595274385789647,0.0235668186973843,16.79897579791667,-0.0404725614210352,4+A,bajo,13.0,Belgrano,2,91.06,1.327641115397965,2.234596086828533,0.001811257462251,0.3242107629327673,0.3362126271488234,media,0,2,0.6358628988991956,0.2714281825262102,-0.4733388879895242,0.59115631722567
2224.757558471192,0.0873832271447623,0.0491012915493655,11.443843775,-0.0126167728552376,3A,alto,5.0,Almagro,1,35.06,1.0139950674304172,1.5390511445285815,0.0013072260551381,0.7262366972989581,0.8153691824811038,media,0,1,-0.8626921225179226,0.2256705644403076,0.1254651698832697,-0.5413062683145433
2216.848045143088,0.0851986464661433,0.0470987592606313,11.737275666666669,-0.0148013535338566,monoamb,alto,2.0,Recoleta,2,24.81,1.341406794867552,2.0330695358181456,0.0014373274573867,1.0447534381885877,0.3343869191202226,alta,0,1,-0.8439232884338806,0.1080301474280945,0.0403523851723612,-0.7531754751007781
2953.129233270117,0.0586229218803738,0.0227376783903426,17.058173968888887,-0.0413770781196261,2A,bajo,15.0,Paternal,1,36.91,1.0314774896112653,1.157004050950065,0.0016924644253836,0.3560200247570848,0.3145034612612011,alta,0,2,0.606357852715022,-0.2925734971887078,-0.8807851598166682,-0.1574435258353717
3740.417657943431,0.0421477403012723,0.0076354286094996,23.72606438333333,-0.0578522596987277,2A,alto,6.0,Caballito,7,37.83,0.2079539381489399,0.8824904534435623,0.0014709557236647,0.6815238874122538,0.2822013725531903,alta,0,2,2.2943992209174144,-1.124968911915698,0.1726425954543952,-1.4225474205437334
3751.325556733828,0.0421477403012723,0.0076354286094996,23.72606438333333,-0.0578522596987277,2A,alto,6.0,Caballito,7,37.72,0.2079539381489399,0.8824904534435623,0.0014709557236647,0.6815238874122538,0.2822013725531903,alta,0,2,2.302248436044456,-1.1242550141719518,0.1731474595596342,-1.425695837467943
3382.7319587628867,0.0527420192409458,0.017346850970867,18.96021453846154,-0.0472579807590541,3A,alto,6.0,Caballito,4,62.08,1.106025665685156,0.789367046405355,0.0014709557236647,0.6815238874122538,0.2822013725531903,media,0,2,1.2225740420660174,-0.477076354735567,-0.4177283014347574,-0.3354295891571336
3018.867924528302,0.0650699337469765,0.0286474392680618,15.368080808080808,-0.0349300662530234,4+A,alto,2.0,Recoleta,1,106.0,1.3763576134466151,1.8602792947448628,0.0014373274573867,1.0447534381885877,0.3343869191202226,media,0,1,-0.3015091410140618,0.1620771528603551,0.3674187626367707,0.8221824356422428
3698.630136986301,0.0394438178083996,0.005156832991033,25.35251544,-0.0605561821916003,monoamb,medio,12.0,Coghlan,5,36.5,0.7673369086505947,1.806255057420372,0.0016590377581003,0.4997101681025006,0.2333980703538691,media,0,2,2.0875335004305904,-0.2843468480260244,-0.1429936040805723,-0.9922279877247604
4156.626506024097,0.0512100664359165,0.0159425608995901,19.527410714285715,-0.0487899335640834,3A,bajo,14.0,Palermo,2,83.0,0.9556997602429856,0.5496097099444549,0.0020354411558041,0.3173293561387364,0.7185047022536231,alta,0,2,2.115921799331477,-0.8085764367347895,-0.2873078215920627,0.3014440124715263
3622.4059662775617,0.0457585712569359,0.0109453569855246,21.853829185027777,-0.054241428743064,3A,medio,12.0,Villa Urquiza,6,61.68,0.960383958275372,2.338774317217819,0.0016590377581003,0.4997101681025006,0.2333980703538691,alta,0,2,2.2204150465305927,0.0477287116392348,0.0349655687447228,-0.7858425861334828
5208.333333333333,0.0290449931134579,-0.0043754229793302,34.42934195555556,-0.070955006886542,2A,medio,12.0,Villa Urquiza,6,42.24,0.960383958275372,2.338774317217819,0.0016590377581003,0.4997101681025006,0.2333980703538691,alta,0,2,3.490955329543067,0.2146954953732809,0.1620905158073209,-1.2292123359149874
4551.323434473854,0.0362547431770822,0.002233514578992,27.582597816666667,-0.0637452568229177,monoamb,medio,12.0,Villa Urquiza,6,30.98,0.960383958275372,2.338774317217819,0.0016590377581003,0.4997101681025006,0.2333980703538691,alta,0,2,2.952148025164111,0.1551956644372541,0.0386604608724499,-1.3747631266602878
3060.0387346675275,0.0539231939659134,0.018429594468754,18.544895553333333,-0.0460768060340865,monoamb,medio,12.0,Villa Urquiza,6,30.98,0.960383958275372,2.338774317217819,0.0016590377581003,0.4997101681025006,0.2333980703538691,alta,0,2,1.7324445948761484,0.001181385889793,-0.1545126544719129,-1.2767981250308704
3379.310344827586,0.0565093063295848,0.0208001974687861,17.696200235897436,-0.0434906936704151,monoamb,bajo,14.0,Palermo,3,29.0,0.2121230455784906,1.2423891715491189,0.0020354411558041,0.3173293561387364,0.7185047022536231,alta,0,2,1.7083558039186892,-1.0570084244570972,0.1085690731307171,-0.8895859888076482
3841.913607055758,0.0263366055956142,-0.0068581115373536,37.969965277777774,-0.0736633944043857,4+A,bajo,13.0,Belgrano,2,299.33,1.3477435423742417,1.5326642374805008,0.001811257462251,0.3242107629327673,0.3362126271488234,alta,0,2,1.9948349600696629,0.0044828626985049,0.2569898348929875,4.178981355356827
3695.860965012577,0.0395365578824449,0.0052418447255745,25.29304657662222,-0.060463442117555,2A,medio,12.0,Villa Urquiza,6,43.73,0.960383958275372,2.338774317217819,0.0016590377581003,0.4997101681025006,0.2333980703538691,alta,0,2,2.3129947437002434,0.0848909898911003,0.0009431840624583,-1.0721448070863964
3610.0254885301615,0.0375964843784463,0.0034634440135758,26.59823163075556,-0.0624035156215536,2A,medio,12.0,Villa Urquiza,6,47.08,0.960383958275372,2.338774317217819,0.0016590377581003,0.4997101681025006,0.2333980703538691,alta,0,2,2.2677651008563022,0.0850053484904529,0.0136062163423327,-0.996715197090044
1764.7058823529412,0.0795187367017337,0.0418921753099226,12.5756525,-0.0204812632982662,2A,alto,5.0,Boedo,1,42.5,0.6140114957005937,1.5284242810391946,0.0013072260551381,0.7262366972989581,0.8153691824811038,alta,0,1,-1.1268392983277475,-0.0688264986608903,0.3551384668067216,-0.3795491550709809
2719.318987940412,0.0697436119971849,0.0329316443307528,14.338230719113936,-0.030256388002815,monoamb,bajo,14.0,Palermo,5,42.29,0.6067743496665345,0.7248969547155525,0.0020354411558041,0.3173293561387364,0.7185047022536231,alta,0,2,1.641607899062084,-1.2257889961776731,-0.2837172695006,-0.914650794597439
4279.58833619211,0.0531086360332401,0.0176829163638034,18.829329365079364,-0.0468913639667599,3A,bajo,14.0,Palermo,1,116.6,1.018191493295664,0.5587297553641688,0.0020354411558041,0.3173293561387364,0.7185047022536231,media,0,2,1.9609617315000885,-0.734731603960979,-0.2248089745081724,1.040584315054461
5123.456790123457,0.028888294792378,-0.0045190631069867,34.61609649122807,-0.0711117052076219,4+A,bajo,14.0,Palermo,1,162.0,1.018191493295664,0.5587297553641688,0.0020354411558041,0.3173293561387364,0.7185047022536231,alta,0,2,2.786754896314831,-0.6206459564148022,0.1044793265486031,1.8181813526826096
4810.126582278481,0.0252392470291302,-0.0078640235566305,39.62083333333333,-0.0747607529708697,4+A,bajo,14.0,Palermo,1,197.5,1.018191493295664,0.5587297553641688,0.0020354411558041,0.3173293561387364,0.7185047022536231,alta,0,2,2.6070187377515213,-0.6457247094931253,0.2210214276421602,2.473741064293013
1321.428571428571,0.064803472101821,0.0284031827600026,15.43127192982456,-0.0351965278981789,4+A,bajo,14.0,Palermo,2,280.0,0.1761895205303548,1.1435622254615434,0.0020354411558041,0.3173293561387364,0.7185047022536231,alta,0,1,0.0421189132925066,-1.3845888170393807,0.7633181754936018,3.765396197507858
2375.0,0.0865438882524508,0.0483318975647466,11.5548309671848,-0.0134561117475491,3A,alto,2.0,Recoleta,2,40.0,1.1964776994167607,2.155022576920988,0.0014373274573867,1.0447534381885877,0.3343869191202226,media,0,1,-0.7352112107495609,0.0642019041698603,0.2238292255231727,-0.5494421830686856
2410.929547281007,0.0615323557811035,0.0254046594660115,16.251612461538464,-0.0384676442188965,4+A,bajo,15.0,Chacarita,2,74.66,0.8361963445600603,0.160137707059735,0.0016924644253836,0.3560200247570848,0.3145034612612011,media,0,2,0.4958493299289773,-1.0599056266514697,-1.0218653303690184,0.4088371669579825
3005.170185264972,0.0452316255002335,0.010462323375214,22.108425,-0.0547683744997664,monoamb,bajo,13.0,Colegiales,1,46.42,0.2121537743934907,1.0643526989606222,0.001811257462251,0.3242107629327673,0.3362126271488234,alta,0,2,0.8872649818664634,-0.9888986149950292,-0.3911224455428404,-0.0297255184238249
2490.4967885699302,0.0623564409346415,0.0261600708567547,16.03683573038017,-0.0376435590653584,3A,bajo,15.0,Villa Crespo,3,76.29,0.78897092345638,1.05727680200878,0.0016924644253836,0.3560200247570848,0.3145034612612011,media,0,2,0.7604997082028147,-0.6666275014891253,-0.6356081403680452,0.1578665093966189
2782.989368355222,0.0526508489397514,0.0172632781947721,18.99304607878788,-0.0473491510602485,monoamb,bajo,15.0,Villa Ortuzar,4,31.98,0.3341591924020128,0.7555357480851259,0.0016924644253836,0.3560200247570848,0.3145034612612011,alta,0,2,1.2865373786471814,-1.114595919742882,-0.5666299731861838,-0.8059228611212883
2876.797998749218,0.0509339734308465,0.0156894756449426,19.63326111515152,-0.0490660265691534,monoamb,bajo,15.0,Villa Ortuzar,4,31.98,0.3341591924020128,0.7555357480851259,0.0016924644253836,0.3560200247570848,0.3145034612612011,alta,0,2,1.368013042358697,-1.1026886241234033,-0.5520822574145469,-0.8094437684162415
2939.337085678549,0.0498502718684881,0.0146960825461141,20.060071139393937,-0.0501497281315118,monoamb,bajo,15.0,Villa Ortuzar,4,31.98,0.3341591924020128,0.7555357480851259,0.0016924644253836,0.3560200247570848,0.3145034612612011,alta,0,2,1.421852431859814,-1.0949735722302287,-0.5426247390979962,-0.8120566650736559
2365.7894736842104,0.0616008011156764,0.0254674010227034,16.233555114358975,-0.0383991988843235,monoamb,medio,11.0,Villa Gral. Mitre,5,38.0,1.7885848964739024,1.7272435611618344,0.0010693665978338,0.579459732816385,2.659087709873237,media,0,3,0.308079681806943,2.092731216695265,1.8932673200565495,-1.662608607994244
2428.5714285714284,0.0551285359486809,0.0195344912862908,18.13942603030303,-0.044871464051319,monoamb,alto,2.0,Recoleta,1,35.0,1.46380495099553,2.102075354831204,0.0014373274573867,1.0447534381885877,0.3343869191202226,alta,0,1,-0.6988298717108727,0.3914968359151517,0.1417302890651525,-0.2795221236788988
2100.991884580704,0.0670375615971084,0.0304510981306827,14.91701034727273,-0.0329624384028915,monoamb,medio,11.0,Villa Santa Rita,3,33.27,2.178567308342179,1.3065545261535718,0.0010693665978338,0.579459732816385,2.659087709873237,alta,0,3,-0.4085694751549567,2.2039271399739224,1.4118633897161694,-1.2803456280069865
2170.5882352941176,0.0634949262281555,0.0272036823758092,15.749289894545456,-0.0365050737718444,monoamb,medio,11.0,Villa Santa Rita,3,34.0,2.178567308342179,1.3065545261535718,0.0010693665978338,0.579459732816385,2.659087709873237,alta,0,3,-0.3299337653721133,2.220671971117345,1.434268101530629,-1.2606619121445934
2132.3529411764707,0.0646334559398328,0.0282473346115134,15.47186337878788,-0.0353665440601671,monoamb,medio,11.0,Villa Santa Rita,3,34.0,2.178567308342179,1.3065545261535718,0.0010693665978338,0.579459732816385,2.659087709873237,alta,0,3,-0.3665850094569982,2.2142105851361773,1.4266021357641745,-1.2611410789781825
1959.287531806616,0.0719209353285625,0.0349275240511823,13.90415732820513,-0.0280790646714374,monoamb,medio,11.0,Villa Santa Rita,3,39.3,2.178567308342179,1.3065545261535718,0.0010693665978338,0.579459732816385,2.659087709873237,media,0,3,-0.5464237164597038,2.174201141757074,1.4025661145492556,-1.182616622609936
2007.63358778626,0.0701889989898519,0.0333399157406975,14.247246924615384,-0.029811001010148,monoamb,medio,11.0,Villa Santa Rita,3,39.3,2.178567308342179,1.3065545261535718,0.0010693665978338,0.579459732816385,2.659087709873237,media,0,3,-0.4977867107900941,2.1834426282337995,1.4134162506292616,-1.180735288249397
2000.0,0.0704568959325612,0.0335854879381811,14.193074883076925,-0.0295431040674387,monoamb,medio,11.0,Villa Santa Rita,3,39.3,2.178567308342179,1.3065545261535718,0.0010693665978338,0.579459732816385,2.659087709873237,media,0,3,-0.5054225582239372,2.1820038491966334,1.411725103060648,-1.18100805389773
1250.0,0.1874370222255153,0.140817270373389,5.335125303030304,0.0874370222255153,monoamb,medio,11.0,Villa Santa Rita,1,20.0,2.178567308342179,1.3065545261535718,0.0010693665978338,0.579459732816385,2.659087709873237,alta,0,3,-2.469430024373391,1.8043167328437992,0.7547929115520784,-1.5638443810506275
2000.0,0.0704568959325612,0.0335854879381811,14.193074883076925,-0.0295431040674387,monoamb,medio,11.0,Villa Santa Rita,3,39.3,2.178567308342179,1.3065545261535718,0.0010693665978338,0.579459732816385,2.659087709873237,media,0,3,-0.5054225582239372,2.1820038491966334,1.411725103060648,-1.18100805389773
3107.6316261280103,0.0461101628416803,0.0112676492715403,21.68719298245614,-0.0538898371583196,4+A,bajo,14.0,Palermo,1,167.33,0.5419700515989978,1.1270732607686915,0.0020354411558041,0.3173293561387364,0.7185047022536231,alta,0,2,1.1755732614353047,-0.850996980950937,0.3463259968043095,1.9581466916297852
1861.868109007697,0.0685682514520257,0.0318542304976902,14.58400905409783,-0.0314317485479742,2A,alto,1.0,San Nicolas,4,48.07,0.167287950526813,1.3246722682785956,0.0018408245339653,1.3599759089981835,0.497858621461092,alta,0,1,-0.4568148948049229,-1.736437829483668,1.266305626947775,-0.7434902696842147
1353.6767236434553,0.072202242767918,0.0351853892039248,13.849985286666668,-0.0277977572320819,4+A,alto,1.0,Monserrat,2,87.17,0.4282800152878678,1.839665773117077,0.0018408245339653,1.3599759089981835,0.497858621461092,media,0,1,-1.3468955676386385,-1.2608028796026178,1.3332546970255092,0.3231877673253231
1571.428571428571,0.0390061090450195,0.0047555999579345,25.63700980392157,-0.0609938909549804,4+A,medio,12.0,Villa Urquiza,2,350.0,0.8575606016410869,1.761549820292382,0.0016590377581003,0.4997101681025006,0.2333980703538691,media,0,1,-0.0226915563085532,-0.4149846111497937,0.6555403419443557,5.150015950013533
2950.0,0.0567990976440955,0.0210658395070875,17.6059135,-0.0432009023559044,monoamb,alto,6.0,Caballito,1,30.0,1.381799956383644,0.9482995276356632,0.0014709557236647,0.6815238874122538,0.2822013725531903,alta,0,2,0.1134736213925485,-0.0918561004425534,-0.7692043191610262,-0.2725562011670789
3513.777310608905,0.0229202563832914,-0.0099897649819828,43.62952941176471,-0.0770797436167086,4+A,medio,12.0,Saavedra,6,266.38,2.9404042101704904,4.003478516989246,0.0016590377581003,0.4997101681025006,0.2333980703538691,media,0,0,2.349786629112693,2.297605977284266,0.3923503619058646,2.928549374588253
1234.0991076514144,0.111413614609572,0.071129146725441,8.97556374509804,0.011413614609572,3A,alto,1.0,Constitucion,1,52.67,0.2012220401583892,1.3742737330521706,0.0018408245339653,1.3599759089981835,0.497858621461092,media,0,1,-1.98612987383031,-1.755535068491202,0.9674784189944696,-0.2273550628918165
952.6401741970604,0.1752657870160662,0.1296603047647274,5.705620115740741,0.0752657870160662,monoamb,alto,1.0,San Nicolas,2,36.74,0.2453990637061785,2.720022300302706,0.0018408245339653,1.3599759089981835,0.497858621461092,alta,0,1,-2.504757098006261,-1.3053085758246366,1.1226831786401534,-1.0347156259667916
4413.702239789196,0.0527387251354961,0.0173438313742047,18.96139880952381,-0.0472612748645038,3A,bajo,14.0,Palermo,6,75.9,0.4669747471637306,1.1285632843963431,0.0020354411558041,0.3173293561387364,0.7185047022536231,alta,0,2,3.253105979326372,-1.0123674192083612,0.2949023481857786,-0.7050966943193604
3475.0,0.0459708371697846,0.0111399340723025,21.752921233665777,-0.0540291628302153,2A,alto,2.0,Recoleta,1,40.0,1.1734767858225104,1.7909734737238892,0.0014373274573867,1.0447534381885877,0.3343869191202226,alta,0,2,0.1484151625765743,0.1146664984596568,0.3262846061455644,-0.2902786465491651
3132.8847771236333,0.0486032546954508,0.0135529834708299,20.574753815686275,-0.0513967453045491,2A,bajo,13.0,Belgrano,1,47.56,1.6320054562522417,2.5272938131779163,0.001811257462251,0.3242107629327673,0.3362126271488234,alta,0,2,0.8869346553893808,0.7858952845286691,-0.6249271444041181,0.0274105197225087
2393.2561851556266,0.0789055242678104,0.0413300639121595,12.673383888888887,-0.0210944757321895,4+A,alto,1.0,San Nicolas,2,100.24,0.167287950526813,1.3246722682785956,0.0018408245339653,1.3599759089981835,0.497858621461092,alta,0,1,-0.6173372600380146,-1.6862248854508666,1.395026175314542,0.4022373785671925
2968.75,0.0448413928769175,0.0101046101371744,22.30082376666667,-0.0551586071230824,monoamb,alto,5.0,Almagro,4,32.0,0.6129877210637048,0.7483254166733115,0.0013072260551381,0.7262366972989581,0.8153691824811038,alta,0,2,0.7803672913703957,-0.4001186973914014,0.3693205552774022,-1.0330645685734376
2217.9671294080104,0.0858115863687774,0.0476606208380459,11.653437983333337,-0.0141884136312225,3A,bajo,13.0,Belgrano,2,62.67,1.4206452314071676,2.3153691965177914,0.001811257462251,0.3242107629327673,0.3362126271488234,alta,0,2,0.1955865350328891,0.2818154696815875,-0.7250411052980172,0.0348992479603465
2560.9756097560976,0.0649132544503949,0.0285038165795286,15.405174312500002,-0.0350867455496051,3A,alto,2.0,Recoleta,2,82.0,0.1761349060752751,3.237928701780832,0.0014373274573867,1.0447534381885877,0.3343869191202226,alta,0,1,-0.4409615574272253,-0.0326099409129912,1.4080358828773647,0.0076819971254577
1131.9882950870167,0.0906849756324597,0.0521278943297547,11.02718496670203,-0.0093150243675402,4+A,medio,10.0,Floresta,1,129.86,3.177901479936676,0.9024233276003324,0.0007950753514594,0.4818638493693606,0.3093771634352494,media,0,0,-1.7396118269493062,1.8004463627842977,-1.9915332247813555,1.646292790705381
1484.8484848484848,0.0869373943532074,0.0486926114904401,11.502530153333336,-0.0130626056467925,monoamb,alto,1.0,San Nicolas,2,33.0,0.2467203730196604,2.6042436774695137,0.0018408245339653,1.3599759089981835,0.497858621461092,alta,0,1,-1.423477725263841,-1.0071989939970634,1.460679811575023,-0.76537697925693
2495.862068965517,0.0836891307956793,0.045715036562706,11.94898298611111,-0.0163108692043206,3A,bajo,13.0,Nuñez,7,145.0,2.171619462390828,3.046285987585226,0.001811257462251,0.3242107629327673,0.3362126271488234,media,0,2,1.653903121658974,0.9665642457301232,-0.3805594862336418,0.5308316415943571
4348.309255437371,0.0373268987803475,0.0032163238819852,26.790331709166665,-0.0626731012196524,2A,bajo,13.0,Belgrano,6,62.99,0.2870708800557021,1.19723428407036,0.001811257462251,0.3242107629327673,0.3362126271488234,media,0,2,3.1566053355117174,-0.978818905440547,-0.0256420418373634,-0.7907886220037315
3180.0,0.0375088380668555,0.0033831015612842,26.660383300000003,-0.0624911619331444,2A,alto,6.0,Caballito,7,50.0,0.3276525270752239,0.4561298499760419,0.0014709557236647,0.6815238874122538,0.2822013725531903,alta,0,2,1.9461053930047896,-1.2854582208744063,-0.0277313843004289,-1.0777609044670364
3166.6666666666665,0.0464933497905031,0.0116189039746279,21.50845238095238,-0.0535066502094968,4+A,alto,5.0,Boedo,4,120.0,0.4232383592472221,1.875322343160568,0.0013072260551381,0.7262366972989581,0.8153691824811038,media,0,2,0.9163681439653664,0.0100804709879833,1.2005450648019202,0.310245328713533
1216.2162162162165,0.098745862355345,0.0595170404923996,10.127006602073294,-0.0012541376446549,4+A,medio,10.0,Velez Sarsfield,1,111.0,3.3370717014043976,0.8246480980148486,0.0007950753514594,0.4818638493693606,0.3093771634352494,media,0,0,-1.750152529658523,1.8596165303597332,-2.197251132486107,1.3089321042116668
4227.733934611048,0.0482792329974812,0.0132559635810244,20.71283941176471,-0.0517207670025187,2A,bajo,13.0,Belgrano,2,35.48,1.6861121026974717,2.568039752575838,0.001811257462251,0.3242107629327673,0.3362126271488234,alta,0,2,1.9208871749618672,0.87668716225381,-0.5598489333931995,-0.4846244300476758
2168.292682926829,0.066127183421416,0.0296165848029647,15.122374011111113,-0.0338728165785839,2A,medio,11.0,Villa Gral. Mitre,1,41.0,1.8266307230162788,1.6042623379884278,0.0010693665978338,0.579459732816385,2.659087709873237,alta,0,3,-0.849106138296689,2.1960942224458537,1.6808177743501287,-0.8582174009105551
3291.1043789589644,0.0422414176219753,0.0077212994868107,23.673447916666667,-0.0577585823780246,3A,bajo,15.0,Chacarita,7,72.62,0.9639937082319676,0.463089147821925,0.0016924644253836,0.3560200247570848,0.3145034612612011,alta,0,2,2.502211829448307,-0.8987719140377978,-0.6841232298281548,-0.5714831405673056
3157.894736842105,0.0662656139181114,0.0297434794249355,15.090783,-0.0337343860818885,3A,bajo,13.0,Belgrano,2,57.0,0.5633253967510619,1.461061734967847,0.001811257462251,0.3242107629327673,0.3362126271488234,alta,0,2,1.0667270537077538,-0.6468362870908873,-0.4380990961741177,-0.1296367748444146
2636.3636363636365,0.0739771033612439,0.0368123447478069,13.517696078431372,-0.026022896638756,4+A,medio,12.0,Villa Urquiza,2,110.0,0.1987043689340437,1.2720838749639132,0.0016590377581003,0.4997101681025006,0.2333980703538691,media,0,2,0.3719528385177278,-1.0733086770973577,-0.0833760826124765,0.749464565176835
2200.0,0.0611860534039522,0.0250872156202895,16.34359375,-0.0388139465960477,3A,bajo,15.0,Parque Chas,1,75.0,0.4430916818213152,1.4009286700234287,0.0016924644253836,0.3560200247570848,0.3145034612612011,alta,0,2,0.0560710553795014,-0.6615736575042204,-0.4145279298638695,0.4668874082943781
3273.809523809524,0.0378588705436954,0.0037039646650541,26.413888888888888,-0.0621411294563045,4+A,alto,2.0,Recoleta,4,168.0,0.5357937178561464,3.215170756222205,0.0014373274573867,1.0447534381885877,0.3343869191202226,media,0,2,0.8236427453917909,0.2216107783479708,1.7463275574508388,1.1855343425798095
1665.432098765432,0.107580185631949,0.0676151701626199,9.295392028985509,0.007580185631949,3A,bajo,13.0,Belgrano,1,81.0,1.7559547061180398,1.9071337672240487,0.001811257462251,0.3242107629327673,0.3362126271488234,alta,0,0,-0.5995199767990508,0.22791127245575,-1.1468902907930725,0.5792537199478281
3340.0,0.0459154382152868,0.0110891516973462,21.77916707037037,-0.0540845617847131,2A,bajo,14.0,Palermo,1,50.0,0.7477634917274357,1.3713792399778042,0.0020354411558041,0.3173293561387364,0.7185047022536231,alta,0,2,1.272570446402685,-0.4963895282951362,-0.0792767629549736,-0.0537165722307908
3842.97520661157,0.0223896546226155,-0.010476149929269,44.66348484848485,-0.0776103453773844,4+A,alto,2.0,Recoleta,3,242.0,1.22583068919468,1.5427248842354562,0.0014373274573867,1.0447534381885877,0.3343869191202226,media,0,2,1.2081756251810485,-0.0665086094611809,1.1240311635872935,2.860509290935645
2449.438202247191,0.0562780050051588,0.0205881712547289,17.76893121759259,-0.0437219949948411,3A,alto,1.0,Retiro,2,89.0,0.5260095842991385,2.4509281865631616,0.0018408245339653,1.3599759089981835,0.497858621461092,alta,0,1,-0.450554833269985,-0.7485191637573521,1.6597426604206893,0.256660353187746
3082.9965222295327,0.0480541146226722,0.0130496050707829,20.809872533333337,-0.0519458853773277,4+A,medio,11.0,Villa Del Parque,5,106.39,0.2497342839269297,3.431778833066146,0.0010693665978338,0.579459732816385,2.659087709873237,media,0,3,0.918738667255837,1.937419396376936,3.6835373086682135,-0.8771780452491531
1145.7378551787351,0.0757177410873908,0.0384079293301083,13.206944444444444,-0.0242822589126091,4+A,alto,1.0,San Nicolas,2,218.2,0.5331159797435472,1.7799236500422124,0.0018408245339653,1.3599759089981835,0.497858621461092,alta,0,1,-1.454544247038441,-1.3150784058341105,1.6972598380790755,2.57654873818136
2740.740740740741,0.0575666530176644,0.021769431932859,17.371167986666666,-0.0424333469823356,3A,medio,12.0,Saavedra,2,54.0,2.261154924195444,3.3057710931447413,0.0016590377581003,0.4997101681025006,0.2333980703538691,media,0,0,0.4528176041558773,1.5622194923708732,-0.5858995037771946,-0.0364494227589543
589.848233643668,0.1023212717397174,0.0627944990947409,9.773138888888887,0.0023212717397174,4+A,alto,1.0,San Nicolas,1,313.64,0.2276497717266812,2.430806434428246,0.0018408245339653,1.3599759089981835,0.497858621461092,alta,0,1,-2.283992084935071,-1.3345416661887035,2.254669864454788,4.234082668663082
2477.4774774774774,0.0573154530772236,0.0215391653207883,17.447301666666668,-0.0426845469227763,4+A,medio,11.0,Villa Devoto,2,111.0,1.159355779515376,4.454462284530071,0.0010693665978338,0.579459732816385,2.659087709873237,media,0,3,-0.3749568586041799,3.177644524932788,3.3998038621510105,-0.1813211767374825
4166.666666666667,0.0534701025311751,0.0180142606535771,18.70204006840948,-0.0465298974688249,monoamb,bajo,14.0,Palermo,4,36.0,1.582946137172121,1.2797875463921635,0.0020354411558041,0.3173293561387364,0.7185047022536231,alta,0,2,2.540027514610665,-0.0451700132133385,-0.4763843843765806,-0.8522753063349342
1730.46670162559,0.0567990976440955,0.0210658395070875,17.6059135,-0.0432009023559044,4+A,bajo,7.0,Flores,1,95.35,2.5440990879855687,1.4137801027154546,0.0007389240721516,0.4306612690454279,0.2791624172439522,media,0,0,-1.060498746871877,1.8742820776053424,-1.5231123585925603,1.0176584628331469
3225.806451612903,0.0603547211566159,0.0243251610602312,16.568712121212123,-0.039645278843384,4+A,alto,2.0,Recoleta,2,106.95,1.1453802085551184,1.6185129906521991,0.0014373274573867,1.0447534381885877,0.3343869191202226,media,0,1,0.1431633269145476,-0.1429689766705686,0.474696912638601,0.6403104151751611
2594.4444444444443,0.0684143306740979,0.0317131364512564,14.616820630222223,-0.031585669325902,2A,bajo,15.0,Parque Chas,5,36.0,0.8238407784107799,1.4177713777858534,0.0016924644253836,0.3560200247570848,0.3145034612612011,alta,0,2,1.2453071257103885,-0.5321622651700519,-0.6236428186753706,-0.9579667595311014
1666.6666666666667,0.0922985336716552,0.0536069891990173,10.834408307692309,-0.0077014663283447,2A,alto,3.0,Balvanera,2,36.0,0.2412192228407571,2.403046441138439,0.0010344625327268,0.9331491918927998,0.3306390495886265,alta,0,1,-1.4884651869436227,-0.016725114521234,0.5219960482617216,-0.7557219057066138
3355.140186915888,0.0843651711280121,0.0463347402006777,11.853232638888889,-0.0156348288719878,4+A,bajo,13.0,Colegiales,2,107.0,0.2414956330895664,0.9376112815472586,0.001811257462251,0.3242107629327673,0.3362126271488234,alta,0,2,1.1165865791150056,-1.232872774605406,-0.328437758594137,0.6182417860685017
2675.964969185858,0.0619626519753769,0.0257990976440955,16.13875404166667,-0.038037348024623,3A,alto,2.0,Recoleta,1,61.66,0.6156395975022199,2.9036984487647484,0.0014373274573867,1.0447534381885877,0.3343869191202226,media,0,1,-0.5823096943629663,0.1787032169819501,0.9705871613645984,-0.0673959424718773
3470.5882352941176,0.032083788596352,-0.0015898604533439,31.168388888888888,-0.0679162114036479,4+A,alto,1.0,Retiro,2,170.0,0.5260095842991385,2.4509281865631616,0.0018408245339653,1.3599759089981835,0.497858621461092,alta,0,1,0.5223727492479746,-0.6436740839917634,2.1319339209082533,1.6178912626813304
1888.212927756654,0.0800631662321121,0.0423912357127694,12.490138063,-0.0199368337678878,2A,alto,6.0,Caballito,1,39.45,0.0989448255306601,0.7980316741268139,0.0014709557236647,0.6815238874122538,0.2822013725531903,alta,0,1,-0.8174929367744663,-1.2420627988679198,-0.2837828954440383,-0.2488073521417562
904.1591320072332,0.1618774282856723,0.1173876425951996,6.177513508771931,0.0618774282856723,3A,alto,1.0,San Nicolas,2,55.3,0.5814644797083012,1.9492309434222168,0.0018408245339653,1.3599759089981835,0.497858621461092,alta,0,1,-2.3986709591117843,-1.4318690539624073,0.7836627596068356,-0.5451543141973157
3583.333333333333,0.0621745378269478,0.0259933263413688,16.083754458832153,-0.0378254621730522,monoamb,bajo,14.0,Palermo,4,36.0,0.2776840164524738,1.7567607741089315,0.0020354411558041,0.3173293561387364,0.7185047022536231,alta,0,2,2.041619209532827,-0.7963640844192907,0.3082869547414653,-1.0376106623486934
3625.0,0.0528819184962268,0.0174750919548746,18.910055240740743,-0.0471180815037731,2A,bajo,14.0,Palermo,4,40.0,0.2776840164524738,1.7567607741089315,0.0020354411558041,0.3173293561387364,0.7185047022536231,alta,0,2,2.1468551497532404,-0.7620306546790082,0.3629306405890652,-0.934030628067103
4307.692307692308,0.0327687101792858,-0.0009620156689879,30.51691673333333,-0.0672312898207141,2A,alto,5.0,Almagro,2,42.25,0.2670758830111516,2.0078018656492795,0.0013072260551381,0.7262366972989581,0.8153691824811038,alta,0,2,1.3141763158469075,0.2146011479389571,1.1371792049512726,-0.7490919813458433
4229.596853490659,0.0371376176040959,0.0030428161370879,26.92687534942222,-0.062862382395904,3A,alto,6.0,Caballito,7,81.36,0.2079539381489399,0.8824904534435623,0.0014709557236647,0.6815238874122538,0.2822013725531903,media,0,2,2.711345880303292,-1.1014836049309806,0.3898457816939181,-0.7188852371761534
3835.2703385548257,0.0415666123668153,0.007102728002914,24.05777,-0.0584333876331846,monoamb,bajo,13.0,Belgrano,6,39.58,0.2870708800557021,1.19723428407036,0.001811257462251,0.3242107629327673,0.3362126271488234,alta,0,2,2.739046103073267,-1.0120736879792045,-0.1692256482327895,-1.1466118423657612
4522.667020148462,0.0349594375722033,0.001046151107853,28.6045791765,-0.0650405624277966,2A,alto,6.0,Caballito,7,37.72,0.2079539381489399,0.8824904534435623,0.0014709557236647,0.6815238874122538,0.2822013725531903,alta,0,2,2.91781505929962,-1.051742378345894,0.2653436593091717,-1.484876042058442
1913.4530468060047,0.0707804139872575,0.033882046154986,14.128202191358024,-0.0292195860127424,monoamb,medio,10.0,Monte Castro,4,33.97,2.3420282750265606,2.9383300189467048,0.0007950753514594,0.4818638493693606,0.3093771634352494,media,0,0,-0.3993779314796595,2.311584351823472,-0.9263877265301276,-0.8221792857075216
1911.764705882353,0.0707804139872575,0.033882046154986,14.128202191358024,-0.0292195860127424,monoamb,medio,10.0,Monte Castro,4,34.0,2.3420282750265606,2.9383300189467048,0.0007950753514594,0.4818638493693606,0.3093771634352494,media,0,0,-0.4005859845449889,2.3114666540150504,-0.926419092494696,-0.8214716445021901
4421.768707482994,0.0483338475144466,0.0133060268882428,20.68943507344633,-0.0516661524855533,2A,bajo,14.0,Palermo,7,58.8,0.4655721233166613,1.9246011416093924,0.0020354411558041,0.3173293561387364,0.7185047022536231,media,0,2,3.500493430304865,-0.6138685365229651,0.5678147986840372,-1.2282344173998936
3731.3432835820895,0.0569918481302942,0.0212425274527697,17.54636904761905,-0.0430081518697057,3A,bajo,14.0,Palermo,7,83.08,0.4655721233166613,1.9246011416093924,0.0020354411558041,0.3173293561387364,0.7185047022536231,alta,0,2,2.944890884306633,-0.7003985860102199,0.5640301420835148,-0.7726426536436595
5573.770491803279,0.0343327992675669,0.0004717326619363,29.126666666666665,-0.065667200732433,3A,alto,1.0,Puerto Madero,7,122.0,0.9804966176460111,0.7392154838645926,0.0018408245339653,1.3599759089981835,0.497858621461092,alta,0,2,3.2954749894947293,-1.2819692045255275,1.4252805362448586,-0.1664389766490288
3888.8888888888887,0.0433466370749318,0.0087344173186875,23.069840418561988,-0.0566533629250681,3A,bajo,14.0,Palermo,2,54.0,0.7172366462205676,0.8252642323741897,0.0020354411558041,0.3173293561387364,0.7185047022536231,media,0,2,1.959750243358677,-0.8062007910717267,-0.1570354563855271,-0.1806426283349567
2166.3778162911613,0.0876328935080331,0.0493301523823637,11.411240231481482,-0.0123671064919668,2A,bajo,14.0,Palermo,2,40.39,0.2277799585135247,1.3092419053674242,0.0020354411558041,0.3173293561387364,0.7185047022536231,alta,0,2,0.3421187693146357,-1.1612391921188436,-0.0894402175889915,-0.5094841167795611
2540.5786873676784,0.0567990976440955,0.0210658395070875,17.6059135,-0.0432009023559044,monoamb,alto,1.0,Monserrat,7,42.51,0.3569209721941325,2.0442453635762963,0.0018408245339653,1.3599759089981835,0.497858621461092,alta,0,2,0.8341452587187003,-1.2657735743057783,1.598456683127785,-1.452353631076326
2645.788336933045,0.1912622675770564,0.1443237452789683,5.2284227969696975,0.0912622675770564,monoamb,alto,2.0,Recoleta,3,9.26,1.2511656210629394,2.736406508240565,0.0014373274573867,1.0447534381885877,0.3343869191202226,alta,0,1,-1.153181319434938,0.013978701190162,-0.069281074209904,-1.7854858474778463
2215.568862275449,0.0818570173917739,0.0440355992757927,12.21642361111111,-0.018142982608226,4+A,bajo,13.0,Belgrano,1,167.0,0.6467707773053387,1.5658994073425123,0.001811257462251,0.3242107629327673,0.3362126271488234,alta,0,1,0.0686786880941664,-0.6643241645463646,-0.2193483047010841,1.9669686552446248
3444.4444444444443,0.0439734949502675,0.0093090370377452,22.740971604166667,-0.0560265050497324,3A,alto,2.0,Recoleta,4,90.0,0.6713580931692995,2.105512232951999,0.0014373274573867,1.0447534381885877,0.3343869191202226,alta,0,2,0.8989519801977259,-0.230242351788144,0.986002984769762,-0.0738547256311059
3583.333333333333,0.0382403227161992,0.0040536291565159,26.150406925734025,-0.0617596772838007,3A,alto,5.0,Almagro,6,60.0,0.5506277847358692,1.1525519747752069,0.0013072260551381,0.7262366972989581,0.8153691824811038,alta,0,2,1.7699363355242983,-0.2732827633549511,0.7873461748275907,-1.0106794244520998
2484.770759858929,0.0309384318421597,-0.0026397708113535,32.322258771929825,-0.0690615681578402,4+A,bajo,14.0,Palermo,3,311.9,0.7521608221131487,1.5693637503872435,0.0020354411558041,0.3173293561387364,0.7185047022536231,alta,0,2,1.3932864216132408,-0.6166533685275443,0.9843941094400368,4.176213268542239
2497.058823529412,0.0602110575732461,0.0241934694421423,16.608245068333336,-0.0397889424267538,2A,alto,2.0,Recoleta,2,34.0,1.1552381295697596,2.519419171699272,0.0014373274573867,1.0447534381885877,0.3343869191202226,alta,0,1,-0.4567133413738223,0.3322871667319267,0.4687662494497236,-0.5870820769795694
2176.470588235294,0.0818570173917739,0.0440355992757927,12.21642361111111,-0.018142982608226,4+A,bajo,13.0,Belgrano,1,170.0,1.2711920857745302,1.9306568866202287,0.001811257462251,0.3242107629327673,0.3362126271488234,alta,0,2,0.0229645021492339,-0.0310636399172665,-0.4147509661849723,2.075699986587317
2447.007481296758,0.0542666538000912,0.0187444326500836,18.42752279666667,-0.0457333461999087,monoamb,alto,5.0,Almagro,3,32.08,0.7655816560364558,1.851800726309008,0.0013072260551381,0.7262366972989581,0.8153691824811038,alta,0,1,0.0391399295213673,0.2625126848328182,0.5709447596384983,-0.9005862342624477
3557.692307692308,0.0345402506302706,0.0006618964110813,28.951729699483227,-0.0654597493697294,2A,alto,2.0,Recoleta,2,52.0,0.3467381956435473,2.0958796282879613,0.0014373274573867,1.0447534381885877,0.3343869191202226,alta,0,2,0.5458134142992452,-0.3197869636154349,1.0031716026497228,-0.3669002794106816
2072.4029380902416,0.0808847909488702,0.043144391703131,12.363263702222222,-0.0191152090511297,2A,medio,12.0,Villa Urquiza,2,38.12,0.6687499313327882,1.9739877533815489,0.0016590377581003,0.4997101681025006,0.2333980703538691,alta,0,1,-0.1595123655416646,-0.389458291854424,-0.416549810750409,-0.4311672434651936
3687.060721281253,0.0399368655310046,0.0056087934034209,25.039521422222226,-0.0600631344689953,3A,alto,6.0,Caballito,7,86.79,0.2079539381489399,0.8824904534435623,0.0014709557236647,0.6815238874122538,0.2822013725531903,media,0,2,2.2989558494954165,-1.147228349871154,0.3535076072690812,-0.5752016601826122
2839.5061728395062,0.0658415139890355,0.0293547211566159,15.187986111111112,-0.0341584860109644,3A,medio,12.0,Coghlan,2,81.0,0.7423750360653061,1.8070221409488256,0.0016590377581003,0.4997101681025006,0.2333980703538691,media,0,2,0.5429943697714945,-0.3467972621000786,-0.2379973159139009,0.296605374349269
3614.259898143585,0.0487576363062744,0.0136944999474182,20.509607843137253,-0.0512423636937255,3A,bajo,14.0,Palermo,2,60.87,1.0932655783993988,0.3779436650990433,0.0020354411558041,0.3173293561387364,0.7185047022536231,alta,0,2,1.7356425961778057,-0.8110816920300167,-0.537015335501818,0.0329931278701304
1471.428571428571,0.0723774909299761,0.0353460333524781,13.816450213333331,-0.0276225090700238,3A,alto,3.0,Balvanera,2,70.0,0.3161645802407583,2.680428837164401,0.0010344625327268,0.9331491918927998,0.3306390495886265,media,0,1,-1.4668144176645246,0.2243043507046467,0.7664237251296288,-0.0818392027761858
3484.848484848485,0.0481557566982549,0.0131427769734003,20.76594925641026,-0.051844243301745,2A,bajo,15.0,Chacarita,2,33.0,0.7830690811066626,0.2702774820637276,0.0016924644253836,0.3560200247570848,0.3145034612612011,alta,0,2,1.3535651479742072,-0.9039261059330616,-0.9626450283604878,-0.3827735470915945
2256.8503462812405,0.0715589058531045,0.0345956636986792,13.974500980392158,-0.0284410941468954,3A,bajo,14.0,Palermo,1,66.42,0.3671645122076056,1.063143295157409,0.0020354411558041,0.3173293561387364,0.7185047022536231,alta,0,2,0.3096415990848099,-1.097641405883118,-0.1180618662574081,0.2152176710037437
2307.692307692308,0.0981526273355067,0.0589732417242144,10.188214285714286,-0.0018473726644932,3A,bajo,14.0,Palermo,1,117.0,0.2424451823545694,1.88570923064898,0.0020354411558041,0.3173293561387364,0.7185047022536231,media,0,1,0.1345020875955636,-0.8794761515537318,0.3238460278330883,0.8659541461032195
2497.368421052632,0.0959198502185003,0.0569265293669586,10.42537074153111,-0.0040801497814996,3A,bajo,14.0,Palermo,1,38.0,0.672048689870636,1.7364514788104404,0.0020354411558041,0.3173293561387364,0.7185047022536231,media,0,2,0.2498393714110862,-0.5868111257241932,-0.2191781987489036,-0.4177591355711694
2198.7919889795485,0.0577765895847561,0.0219618737860264,17.308048245614035,-0.0422234104152439,4+A,bajo,14.0,Palermo,2,188.74,0.7232316217406245,0.9079731855825294,0.0020354411558041,0.3173293561387364,0.7185047022536231,alta,0,2,0.6894036800011608,-0.9875036457969856,0.1583429283437459,2.236762011228909
4481.896551724138,0.0582556192247669,0.0224009842893697,17.165726041666666,-0.041744380775233,4+A,bajo,13.0,Belgrano,7,116.0,0.8902016575355814,1.6761908775995322,0.001811257462251,0.3242107629327673,0.3362126271488234,alta,0,2,3.3402616874327133,-0.4378549042174233,-0.0259199739487024,-0.1405029455034218
2614.089499335401,0.0520072754657313,0.0166733358435871,19.22807897635245,-0.0479927245342686,2A,alto,1.0,Monserrat,7,45.14,0.3569209721941325,2.0442453635762963,0.0018408245339653,1.3599759089981835,0.497858621461092,alta,0,2,0.9264252142191248,-1.245270296918532,1.6329793411606472,-1.3954135569743498
1970.5882352941176,0.0686675658085334,0.0319452686578223,14.562916104938273,-0.0313324341914665,monoamb,medio,10.0,Floresta,4,34.0,3.216103838561429,0.9804961277664443,0.0007950753514594,0.4818638493693606,0.3093771634352494,media,0,0,-0.2745693941384693,1.9247873039686176,-2.079628661355339,-0.5363103703798834
3193.318594939818,0.0679518189245815,0.0312891673475331,14.716309523809525,-0.0320481810754184,3A,bajo,14.0,Palermo,4,81.42,0.5234067010975421,0.7889438032906325,0.0020354411558041,0.3173293561387364,0.7185047022536231,alta,0,2,1.772133801348993,-1.196104074086123,-0.0601603496649479,-0.1309611827041639
2288.6786695148,0.0567990976440955,0.0210658395070875,17.605913500000003,-0.0432009023559044,monoamb,alto,1.0,Retiro,3,32.77,0.310577300797845,2.3688436379971334,0.0018408245339653,1.3599759089981835,0.497858621461092,alta,0,1,-0.3499232733031053,-0.9684651032836163,1.558522952496194,-0.8873135376814807
2715.9855147439216,0.0763858607588215,0.0390203723622531,13.091428047886636,-0.0236141392411784,monoamb,bajo,14.0,Palermo,2,38.66,0.0416470082057017,1.6427738928393527,0.0020354411558041,0.3173293561387364,0.7185047022536231,alta,0,2,0.8168071162752188,-1.0449972978913633,0.2128428879307553,-0.6074999754091975
3170.2127659574467,0.0400262097491948,0.0056906922700952,24.983629633333337,-0.0599737902508051,2A,alto,5.0,Almagro,3,47.0,0.3911608271290275,1.7809289289146553,0.0013072260551381,0.7262366972989581,0.8153691824811038,alta,0,2,0.68881347802359,0.044854645634461,0.9154297241264407,-0.7143561864805507
4639.720558882235,0.0651475509463462,0.028718588367484,15.349771180555557,-0.0348524490536537,4+A,bajo,13.0,Belgrano,5,100.2,0.9307585081828914,1.7471315464382782,0.001811257462251,0.3242107629327673,0.3362126271488234,alta,0,2,2.897010754460979,-0.2935705800943737,-0.155796814191602,-0.0906906916513073
2189.334637964774,0.098700966035705,0.0594758855327296,10.131613095238096,-0.0012990339642949,3A,bajo,14.0,Palermo,1,81.76,0.3734307777843617,2.0344946289469035,0.0020354411558041,0.3173293561387364,0.7185047022536231,alta,0,1,0.019056443715168,-0.6975661171456844,0.1680874128448308,0.2840687739531292
3582.202111613876,0.0582938107399928,0.0224359931783267,17.154479820512822,-0.0417061892600072,monoamb,bajo,14.0,Palermo,4,26.52,0.1731695545419377,1.566919762722507,0.0020354411558041,0.3173293561387364,0.7185047022536231,alta,0,2,2.074279685438347,-0.9509165675305004,0.2773155812732645,-1.1795670299838237
3959.5117594522176,0.0416384362428519,0.0071685665559476,24.016271748717948,-0.058361563757148,monoamb,bajo,14.0,Palermo,7,33.59,0.4655721233166613,1.9246011416093924,0.0020354411558041,0.3173293561387364,0.7185047022536231,alta,0,2,3.204599326524519,-0.6030056320767487,0.4652170984589757,-1.5728767823548215
1930.555555555556,0.0582292907502418,0.0223768498543883,17.173487554385968,-0.0417707092497581,3A,alto,1.0,San Nicolas,2,72.0,0.1244084053095307,2.490733928339383,0.0018408245339653,1.3599759089981835,0.497858621461092,alta,0,1,-0.849187206046953,-1.0437527381620453,1.776476809019523,-0.0370165586029779
750.0,0.4827923299748121,0.4115596358102444,2.071283941176471,0.382792329974812,monoamb,bajo,7.0,Flores,2,12.0,1.9617543672651576,1.3426259425137057,0.0007389240721516,0.4306612690454279,0.2791624172439522,alta,0,1,-4.90433341397238,-0.1958532576363764,-3.273995318539646,-2.397231580836251
4999.861111111111,0.0331337273403707,-0.0006274166046601,30.180727623166668,-0.0668662726596292,3A,bajo,13.0,Belgrano,7,72.0,0.8902016575355814,1.6761908775995322,0.001811257462251,0.3242107629327673,0.3362126271488234,alta,0,2,3.889602386548256,-0.2903602819017484,-0.0423275146037806,-0.8389039390155157
4664.019851116625,0.0644543444029716,0.0280831490360573,15.51485798611111,-0.0355456555970283,4+A,bajo,13.0,Belgrano,7,100.75,0.8902016575355814,1.6761908775995322,0.001811257462251,0.3242107629327673,0.3362126271488234,alta,0,2,3.4155841365881265,-0.4412114588406345,-0.0903855515732956,-0.4479006532740726
1878.9144050104385,0.0804653883291353,0.0427599393017074,12.427703647058824,-0.0195346116708646,3A,alto,1.0,San Telmo,1,47.9,0.7710641994184345,0.3430032707994757,0.0018408245339653,1.3599759089981835,0.497858621461092,media,0,1,-1.2440931499416783,-1.7322014144070652,0.453226645690346,-0.0853173730250014
2201.070791195717,0.0633233183194308,0.0270463751261449,15.791970896969696,-0.0366766816805691,2A,bajo,7.0,Flores,2,33.62,2.353716815113296,0.2360155054967375,0.0007389240721516,0.4306612690454279,0.2791624172439522,media,0,0,-0.5109693702073779,1.118489956221432,-2.0207444912503214,-0.2241527549906683
2034.2923568730023,0.0730274112566942,0.0359417936519697,13.693488277777778,-0.0269725887433057,2A,alto,5.0,Almagro,1,34.41,0.7383398917979149,1.6809667948992024,0.0013072260551381,0.7262366972989581,0.8153691824811038,alta,0,1,-0.891548918220172,0.1442397717608774,0.362088330439964,-0.5164113755511722
3382.3529411764707,0.0481557566982549,0.0131427769734003,20.76594925641026,-0.051844243301745,monoamb,bajo,14.0,Palermo,5,34.0,0.3378627007252896,0.8956177874991976,0.0020354411558041,0.3173293561387364,0.7185047022536231,alta,0,2,2.283034170596472,-1.2055127700561536,0.0312147106634136,-1.0896560265810549
5000.0,0.0236664680244446,-0.009305737644259,42.25387577762417,-0.0763335319755553,2A,alto,2.0,Recoleta,4,54.0,0.1814377703147513,3.2208911003287373,0.0014373274573867,1.0447534381885877,0.3343869191202226,alta,0,2,2.128795322716337,0.1897274527414484,1.7253579025148151,-0.9392595857183372
3021.164021164021,0.0589357782349802,0.0230244633820652,16.967621875,-0.0410642217650197,3A,bajo,15.0,Parque Chas,4,56.7,0.8238407784107799,1.4177713777858534,0.0016924644253836,0.3560200247570848,0.3145034612612011,alta,0,2,1.3938606809700866,-0.4407449707982398,-0.5074197910284544,-0.4315475954506757
2191.3415285943347,0.0883156701173436,0.0499560309408983,11.323018878431371,-0.0116843298826563,2A,bajo,13.0,Belgrano,1,37.42,0.0775954840667944,1.0374472753360422,0.001811257462251,0.3242107629327673,0.3362126271488234,alta,0,1,-0.043390725163002,-1.3008341308276234,-0.5991267480370297,-0.2908343051094482
3627.869993042441,0.0726060530974981,0.0355555486727066,13.77295634920635,-0.0273939469025018,3A,bajo,14.0,Palermo,7,100.61,0.4655721233166613,1.9246011416093924,0.0020354411558041,0.3173293561387364,0.7185047022536231,media,0,2,2.756631085659577,-0.7735487114779335,0.5568850449650434,-0.5309268075358293
3918.291550603528,0.036340654890772,0.0023122669832076,27.517390729629632,-0.0636593451092279,2A,bajo,14.0,Palermo,6,53.85,0.4655721233166613,1.9246011416093924,0.0020354411558041,0.3173293561387364,0.7185047022536231,alta,0,2,2.980895249944959,-0.5546745056260666,0.5246348891987356,-1.0172419791816938
2263.157894736842,0.0557611271573808,0.0201143665609324,17.933640350877194,-0.0442388728426191,4+A,bajo,14.0,Palermo,1,190.0,0.5358216613616991,1.5532674239816082,0.0020354411558041,0.3173293561387364,0.7185047022536231,alta,0,2,0.4835912465816986,-0.7311620974784595,0.4756920367433606,2.3633418392560324
2660.172349194455,0.0839986655300004,0.0459987767358337,11.904951033333331,-0.0160013344699995,2A,bajo,14.0,Palermo,2,26.69,0.2847357633279013,1.2380442265781506,0.0020354411558041,0.3173293561387364,0.7185047022536231,alta,0,2,0.7235746504994545,-1.1072299540010488,-0.1394982515060221,-0.7705726964459915
4945.054945054945,0.0272635668691658,-0.0060083970365979,36.67898645833333,-0.0727364331308341,3A,alto,1.0,Puerto Madero,6,91.0,0.8878627071158358,0.2987612039868764,0.0018408245339653,1.3599759089981835,0.497858621461092,alta,0,2,2.65009791828598,-1.530303787637424,1.150363470636796,-0.3798855768324555
4655.086206896552,0.0560882542916653,0.0204142331006932,17.829044826388888,-0.0439117457083346,4+A,bajo,13.0,Belgrano,7,116.0,0.8902016575355814,1.6761908775995322,0.001811257462251,0.3242107629327673,0.3362126271488234,alta,0,2,3.482817253353088,-0.419545388846103,-0.0030289861124935,-0.1513763741376941
1972.3865877712035,0.0991541847572975,0.0598913360275228,10.08530303030303,-0.0008458152427024,4+A,alto,2.0,Recoleta,2,106.47,0.6783272340708014,2.8882644004095974,0.0014373274573867,1.0447534381885877,0.3343869191202226,media,0,1,-1.1143136238256273,-0.0304373524134747,0.9190125223529708,0.4399961329212169
3238.5938668661183,0.0491909044261797,0.0140916623906647,20.328961454666665,-0.0508090955738202,2A,medio,12.0,Saavedra,5,40.11,2.213183634547087,3.197029165872549,0.0016590377581003,0.4997101681025006,0.2333980703538691,alta,0,2,1.614923232904114,1.411410784894846,-0.4813719789962786,-0.8423815274084401
5530.293720044242,0.0392610509342026,0.0049892966896857,25.47053571428572,-0.0607389490657973,3A,bajo,14.0,Palermo,5,81.37,1.120690105923127,0.184586765209941,0.0020354411558041,0.3173293561387364,0.7185047022536231,alta,0,2,3.9553736807789313,-0.8822755442921419,-0.2573515242260316,-0.3332252114700813
3362.0689655172414,0.0567990976440955,0.0210658395070875,17.6059135,-0.0432009023559044,monoamb,bajo,14.0,Palermo,5,29.0,0.291676390865619,1.1634775945351217,0.0020354411558041,0.3173293561387364,0.7185047022536231,alta,0,2,2.1881191242860085,-1.1286850311945744,0.0977009217176523,-1.2387201431395096
3882.99249288118,0.0425993232330716,0.0080493796303156,23.47455133333333,-0.0574006767669283,2A,medio,12.0,Villa Urquiza,6,38.63,0.6687499313327882,1.9739877533815489,0.0016590377581003,0.4997101681025006,0.2333980703538691,alta,0,2,2.438126774053525,-0.3115450484782617,0.0112094199006893,-1.2025130551586745
5769.230769230769,0.0309813259876884,-0.0026004511779522,32.27750808333334,-0.0690186740123115,2A,bajo,13.0,Colegiales,5,57.2,0.1185037193151029,1.2527594245282243,0.001811257462251,0.3242107629327673,0.3362126271488234,media,0,2,3.986582819699798,-0.9162372308844842,0.1746764443678762,-0.8719536520454316
1677.1488469601677,0.0585740694454735,0.022692896991684,17.07240096969697,-0.0414259305545264,4+A,bajo,7.0,Flores,1,95.4,1.670711293893059,1.350817862320995,0.0007389240721516,0.4306612690454279,0.2791624172439522,media,0,0,-1.1034452410689175,1.2069265318941151,-1.0905883054809835,0.9048611338638304
3050.0,0.0593597127018211,0.0234130699766694,16.84644272156863,-0.0406402872981788,2A,bajo,13.0,Nuñez,1,40.0,2.481828942928653,3.368412107825548,0.001811257462251,0.3242107629327673,0.3362126271488234,alta,0,0,0.6996168561810762,1.7931447693579083,-0.8546656379104044,-0.094873732666512
2800.0,0.0244666170180344,-0.0085722677334684,40.87201754385965,-0.0755333829819655,4+A,bajo,14.0,Palermo,5,350.0,0.805479608645898,1.5103305968064782,0.0020354411558041,0.3173293561387364,0.7185047022536231,alta,0,2,2.1867323340093696,-0.6731680472953814,1.186243525196549,4.459358967979746
2531.645569620253,0.0732175868068419,0.036116121239605,13.657920775757576,-0.026782413193158,monoamb,bajo,15.0,Villa Crespo,1,25.28,0.8063360545300352,1.3419347547793987,0.0016924644253836,0.3560200247570848,0.3145034612612011,alta,0,2,0.1750166486880825,-0.4292356630584726,-0.8290156109022406,-0.4150390579044782
4000.0,0.0342532638252482,0.0003988251731442,29.19429824561404,-0.0657467361747517,4+A,bajo,14.0,Palermo,1,175.0,1.7937628536631245,1.2616803020739715,0.0020354411558041,0.3173293561387364,0.7185047022536231,alta,0,2,1.904118107289526,0.2073568460601894,-0.125532387104548,2.1923910039384142
2903.730176457449,0.0589836783227146,0.0230683717958217,16.95384262962963,-0.0410163216772854,2A,bajo,14.0,Palermo,1,44.77,0.5234067010975421,0.7889438032906325,0.0020354411558041,0.3173293561387364,0.7185047022536231,alta,0,2,0.8748796944118139,-1.0323574492490932,-0.2743105380260138,-0.1293460702536299
2726.5889432117337,0.0484750919548746,0.013435500958635,20.62915117171717,-0.0515249080451253,3A,alto,6.0,Caballito,4,53.18,1.117702788348764,1.2006105307243988,0.0014709557236647,0.6815238874122538,0.2822013725531903,media,0,2,0.7600504800883422,-0.2725014170671483,-0.3463992776713854,-0.4240789348298078
2795.9822163675285,0.0702462338354538,0.0333923810158326,14.235638630000002,-0.0297537661645461,3A,bajo,13.0,Belgrano,2,60.73,1.4583171714449468,2.315259186989568,0.001811257462251,0.3242107629327673,0.3362126271488234,alta,0,2,0.7354049029838988,0.4014262673464393,-0.6428134919000663,0.0070922550652084
2128.79191059074,0.0993984208771672,0.0601152191374032,10.060522,-0.0006015791228328,3A,bajo,13.0,Nuñez,1,56.37,2.69820885564026,3.6458562834676935,0.001811257462251,0.3242107629327673,0.3362126271488234,alta,0,0,-0.2859809637464877,1.8819417846411663,-1.0465939439946412,0.1222512713788079
1094.4466963923794,0.1735527983569586,0.1280900651605454,5.761935327272727,0.0735527983569586,monoamb,alto,2.0,Recoleta,1,24.67,0.8305386388646065,2.678858888018847,0.0014373274573867,1.0447534381885877,0.3343869191202226,alta,0,1,-2.617230194699633,-0.2682124004630544,0.0697739680869318,-0.9488904895485496
3647.752394988946,0.0430296194273451,0.0084438178083996,23.23980582,-0.0569703805726549,monoamb,alto,1.0,Monserrat,4,27.14,0.5169113257833045,0.7591329948706912,0.0018408245339653,1.3599759089981835,0.497858621461092,alta,0,2,1.0456286167728666,-1.569798713687355,1.0507161622398034,-1.1023624144421118
2274.6243739565944,0.0586229218803738,0.0227376783903426,17.058173968888887,-0.0413770781196261,2A,medio,12.0,Villa Urquiza,3,47.92,1.2633359993531934,2.5861347488092705,0.0016590377581003,0.4997101681025006,0.2333980703538691,alta,0,2,0.3849859333109429,0.401387461081119,-0.3438411164076785,-0.3466835667377347
4012.3456790123455,0.037137871536524,0.0030430489084803,26.92669123529412,-0.062862128463476,2A,bajo,13.0,Nuñez,5,48.6,2.165094482565271,3.0378944955903098,0.001811257462251,0.3242107629327673,0.3362126271488234,alta,0,2,2.575694627348137,1.3576375910036331,-0.4804564620756393,-0.7140514669219037
2873.0035060381765,0.064259996063447,0.0279049963914931,15.561781220973783,-0.0357400039365529,4+A,bajo,15.0,Villa Crespo,4,102.68,0.1399646311497367,1.0265094959032814,0.0016924644253836,0.3560200247570848,0.3145034612612011,media,0,2,1.2894425092045736,-1.1882866449674463,-0.149700479057174,0.2844895323763444
3735.632183908048,0.0458761942510002,0.0110531780634168,21.797797666666668,-0.0541238057489997,3A,bajo,13.0,Nuñez,5,69.6,2.165094482565271,3.0378944955903098,0.001811257462251,0.3242107629327673,0.3362126271488234,alta,0,2,2.3176364845529323,1.297394648015363,-0.4621943883576668,-0.3630737008672816
2560.859943092001,0.0683692842012261,0.0316718438511239,14.626451215384614,-0.0316307157987738,3A,alto,6.0,Caballito,2,63.26,0.1383520552503997,0.6777334312588765,0.0014709557236647,0.6815238874122538,0.2822013725531903,media,0,1,0.024799076428982,-1.2494599050236874,-0.1289108099770902,-0.0405763615140269
4773.548798639166,0.0348900791158634,0.0009825725228748,28.661442603187727,-0.0651099208841365,4+A,bajo,14.0,Palermo,5,94.06,0.93730567020539,1.009150567765982,0.0020354411558041,0.3173293561387364,0.7185047022536231,media,0,2,3.418139902980698,-0.6188462463673656,0.1357886028091262,-0.1041004813044663
2529.4117647058824,0.0440853461365509,0.0094115672918383,22.68327432209738,-0.0559146538634491,4+A,bajo,15.0,Chacarita,2,170.0,0.7134880530476466,0.0809632534459582,0.0016924644253836,0.3560200247570848,0.3145034612612011,media,0,2,0.7730612398826966,-1.1709229747251284,-0.5620635362463147,2.0802883302616726
3355.93220338983,0.0516355433128141,0.0163325813700796,19.36650485,-0.0483644566871858,2A,bajo,13.0,Nuñez,4,59.0,1.6418517594703663,2.52801961208007,0.001811257462251,0.3242107629327673,0.3362126271488234,media,0,2,1.769089104534769,0.661334159939118,-0.4886747452973898,-0.3673480677170092
1997.142857142857,0.0609432378155531,0.024864634664257,16.408711382000003,-0.0390567621844468,monoamb,alto,5.0,Almagro,1,35.0,0.7778770171152627,0.6911098620914657,0.0013072260551381,0.7262366972989581,0.8153691824811038,alta,0,1,-0.786247623946691,-0.3030383133896089,0.0340607638946864,-0.3604275919718769
3259.6153846153848,0.0707294533264713,0.033835332215932,14.138381578947367,-0.0292705466735286,4+A,bajo,14.0,Palermo,5,104.0,0.2691969230231213,1.2775590794937974,0.0020354411558041,0.3173293561387364,0.7185047022536231,alta,0,2,2.0400717212733355,-1.1839545979763857,0.357288747377335,-0.0264786766125709
2728.5553047404064,0.0550663433726365,0.0194774814249168,18.159912911466662,-0.0449336566273634,monoamb,medio,12.0,Villa Urquiza,6,35.44,0.960383958275372,2.338774317217819,0.0016590377581003,0.4997101681025006,0.2333980703538691,media,0,2,1.4855332753337414,-0.0253232926779893,-0.1703515108319704,-1.1671355783997983
2394.3517855315663,0.0669472030898406,0.0303682694990205,14.937143806561089,-0.0330527969101594,4+A,bajo,14.0,Palermo,3,97.73,0.7172366462205676,0.8252642323741897,0.0020354411558041,0.3173293561387364,0.7185047022536231,media,0,2,0.9603699910348134,-1.0490427114089405,-0.1850974651762826,0.4508158044807192
3500.0,0.0413821997121267,0.0069336830694495,24.16497931372549,-0.0586178002878732,2A,bajo,13.0,Belgrano,5,50.0,0.7867196461179015,1.6843243776476922,0.001811257462251,0.3242107629327673,0.3362126271488234,alta,0,2,2.2343022467853837,-0.3826753793271638,-0.2824745857665359,-0.7197863145972163
2940.5800040559725,0.0567011681653988,0.0209760708182822,17.636320949913646,-0.0432988318346011,3A,alto,2.0,Recoleta,2,49.31,1.437322650475901,1.615385760116853,0.0014373274573867,1.0447534381885877,0.3343869191202226,media,0,1,-0.0677105351979572,0.0925264580579905,0.1007863388933117,-0.2495765532603044
3619.9095022624433,0.0492954043537701,0.0141874539909559,20.285866666666667,-0.0507045956462298,monoamb,bajo,13.0,Belgrano,2,35.36,2.0216004028089025,2.81455109103404,0.001811257462251,0.3242107629327673,0.3362126271488234,alta,0,2,1.4601286222252765,1.205448654952939,-0.7055345910827684,-0.3954325774236495
3333.333333333333,0.0400430361519855,0.0057061164726534,24.97313131313131,-0.0599569638480144,4+A,alto,2.0,Recoleta,2,156.0,1.5601119455630352,2.195449789119387,0.0014373274573867,1.0447534381885877,0.3343869191202226,media,0,2,0.3811811145803758,0.5088549270602338,0.7256207858750509,1.5563516759939056
3165.327489651814,0.0491530652689288,0.0140569764965181,20.34461115555556,-0.0508469347310711,2A,medio,12.0,Villa Urquiza,2,41.07,0.4773280211963991,1.7820885363366703,0.0016590377581003,0.4997101681025006,0.2333980703538691,alta,0,2,0.8921594856148584,-0.4465877491925935,-0.1563978630917018,-0.3804649476807555
1108.5180863477246,0.291469053699964,0.2361799658916336,3.430895964102564,0.191469053699964,monoamb,bajo,14.0,Palermo,1,17.14,0.1377767138924322,1.6714189749605453,0.0020354411558041,0.3173293561387364,0.7185047022536231,alta,0,1,-2.295523525056573,-1.7912337356952432,-0.9211217624124544,-1.528518207886195
5211.3855169527,0.029141700887048,-0.0042867741868726,34.31508695652174,-0.0708582991129519,3A,bajo,13.0,Colegiales,5,95.56,0.6277577573278724,0.7544682560290827,0.001811257462251,0.3242107629327673,0.3362126271488234,alta,0,2,3.631534271128309,-0.8603111617116362,-0.1758201752270331,-0.0364547010580628
3362.745995423341,0.0753703525001267,0.0380894897917828,13.2678164136,-0.0246296474998732,monoamb,bajo,14.0,Palermo,5,21.85,0.6067743496665345,0.7248969547155525,0.0020354411558041,0.3173293561387364,0.7185047022536231,alta,0,2,2.0530835656976114,-1.1965592511095984,-0.3265077402983499,-1.361838526927447
2316.6023166023165,0.0546145169654764,0.0190633072183534,18.310150040000003,-0.0453854830345235,monoamb,alto,5.0,Boedo,4,33.67,0.6411997437897418,1.4660483927632906,0.0013072260551381,0.7262366972989581,0.8153691824811038,alta,0,2,0.2044370567192278,-0.0806365278576072,0.5242391354604888,-1.0275883167645894
1780.0,0.0717966121905702,0.0348135611746893,13.92823379111111,-0.0282033878094297,2A,medio,12.0,Saavedra,2,50.0,2.2097045735913463,3.228477206428166,0.0016590377581003,0.4997101681025006,0.2333980703538691,alta,0,0,-0.35406900170338,1.3775858680665662,-0.736198710267595,-0.0540824289853245
2435.4024354024355,0.0519503941866727,0.0166211946711166,19.249132093333337,-0.0480496058133272,monoamb,alto,5.0,Boedo,4,33.67,0.6411997437897418,1.4660483927632906,0.0013072260551381,0.7262366972989581,0.8153691824811038,alta,0,2,0.3114623108470525,-0.0637615985321913,0.5446012456801576,-1.0299100141788915
2435.4024354024355,0.0519503941866727,0.0166211946711166,19.249132093333337,-0.0480496058133272,monoamb,alto,5.0,Boedo,4,33.67,0.6411997437897418,1.4660483927632906,0.0013072260551381,0.7262366972989581,0.8153691824811038,alta,0,2,0.3114623108470525,-0.0637615985321913,0.5446012456801576,-1.0299100141788915
1525.4237288135594,0.0785221018684053,0.0409785933793715,12.735267857142857,-0.0214778981315946,4+A,alto,5.0,Boedo,2,147.5,1.082716214250526,1.3608885809289049,0.0013072260551381,0.7262366972989581,0.8153691824811038,media,0,1,-0.9883974398174858,0.0673204497171653,0.4389620438413467,1.329551443688871
2342.377513175873,0.0638989848496074,0.0275740694454735,15.64970088888889,-0.0361010151503925,3A,bajo,15.0,Villa Crespo,1,51.23,0.3224973809586275,0.9825437696266212,0.0016924644253836,0.3560200247570848,0.3145034612612011,media,0,2,0.142244481822148,-0.9547127734340176,-0.5843614890768459,0.0537763401677609
2162.55442670537,0.0551789891542471,0.0195807400580599,18.12284014853196,-0.0448210108457528,3A,alto,5.0,Boedo,4,68.9,0.6411997437897418,1.4660483927632906,0.0013072260551381,0.7262366972989581,0.8153691824811038,alta,0,1,0.1069634896875389,-0.111475539541082,0.6362951633521918,-0.4136941096445867
3225.8064516129034,0.0504784940582605,0.0152719528867388,19.810416666666665,-0.0495215059417394,3A,bajo,15.0,Chacarita,4,62.0,0.6881643522104982,0.4560383577071438,0.0016924644253836,0.3560200247570848,0.3145034612612011,alta,0,2,1.6488600725436506,-1.0000896400141588,-0.7092430976644633,-0.2657264890048663
2201.492537313433,0.0641675771927041,0.0278202790933121,15.584194444444444,-0.0358324228072958,4+A,alto,1.0,Retiro,2,134.0,0.1860202348186933,2.594513282216889,0.0018408245339653,1.3599759089981835,0.497858621461092,alta,0,1,-0.671024697323883,-0.9854017547053252,2.003106142465369,0.957679211154416
2711.980775832475,0.0539231939659134,0.018429594468754,18.544895553333333,-0.0460768060340865,monoamb,alto,5.0,Boedo,4,29.13,0.6411997437897418,1.4660483927632906,0.0013072260551381,0.7262366972989581,0.8153691824811038,alta,0,2,0.4940796913815391,-0.0519192668584388,0.5432818276471992,-1.148080900973382
1722.5180081428125,0.0735806492207601,0.0364489284523634,13.590529719298246,-0.0264193507792398,4+A,bajo,15.0,Villa Crespo,1,95.79,0.3690472440911077,0.9423530355847826,0.0016924644253836,0.3560200247570848,0.3145034612612011,media,0,1,-0.3583776835572513,-1.0397321241126816,-0.5524637148713771,0.8506669113289029
2784.14674091058,0.0701635912074121,0.0333166252734611,14.252406166666669,-0.0298364087925878,3A,bajo,13.0,Belgrano,1,61.06,1.5198041145020835,1.5357416836480513,0.001811257462251,0.3242107629327673,0.3362126271488234,alta,0,2,0.5105080518711244,0.0800669368664122,-0.9849133352994428,0.2721508386966285
779.5275590551181,0.1912064168873507,0.1442725488134048,5.22995,0.0912064168873507,4+A,alto,1.0,San Nicolas,2,127.0,0.3821373597442125,1.514715251415508,0.0018408245339653,1.3599759089981835,0.497858621461092,alta,0,1,-2.6631623925311443,-1.956268084429144,0.8669050280676766,0.568991805519886
3162.3931623931626,0.064803472101821,0.0284031827600026,15.43127192982456,-0.0351965278981789,4+A,bajo,14.0,Palermo,2,117.0,1.6529186771977382,1.3715213576219378,0.0020354411558041,0.3173293561387364,0.7185047022536231,alta,0,2,1.2696507360979157,-0.0085275828993222,-0.3791408596207749,0.960624420670424
4595.151323086674,0.0369885516806219,0.0029061723739034,27.035392156862745,-0.063011448319378,3A,bajo,14.0,Palermo,2,63.11,1.1828917438472368,0.5190766814759837,0.0020354411558041,0.3173293561387364,0.7185047022536231,alta,0,2,2.5341670774200007,-0.5726158077184764,-0.3986992443587306,0.007381512698816
2472.222222222222,0.0689534663478236,0.0322073441521716,14.50253414318108,-0.0310465336521763,2A,alto,1.0,San Nicolas,1,36.0,0.5814644797083012,1.9492309434222168,0.0018408245339653,1.3599759089981835,0.497858621461092,alta,0,1,-0.7891170277770206,-0.9440991574097783,1.1802508920394963,-0.4679202520622684
3054.397362552119,0.0480747562459624,0.0130685265587989,20.8009375,-0.0519252437540375,4+A,bajo,13.0,Belgrano,3,206.26,1.3197551020660718,1.5981884922742082,0.001811257462251,0.3242107629327673,0.3362126271488234,alta,0,2,1.448022586304464,-0.0990794725360696,-0.1601378658940783,2.403145241702512
1333.3333333333333,0.3461195012687072,0.286276209496315,2.8891755487179487,0.2461195012687072,monoamb,bajo,14.0,Palermo,2,12.0,0.3005920350924068,2.111407123414254,0.0020354411558041,0.3173293561387364,0.7185047022536231,alta,0,1,-2.3359677159900705,-1.6714563353155838,-1.0358379306353949,-2.0795034364975358
1333.3333333333333,0.3461195012687072,0.286276209496315,2.8891755487179487,0.2461195012687072,monoamb,bajo,14.0,Palermo,2,12.0,0.3005920350924068,2.111407123414254,0.0020354411558041,0.3173293561387364,0.7185047022536231,alta,0,1,-2.3359677159900705,-1.6714563353155838,-1.0358379306353949,-2.0795034364975358
2500.0,0.178917157578901,0.1330073944473259,5.589178888888888,0.078917157578901,monoamb,bajo,13.0,Belgrano,3,12.0,0.7744179596229597,1.5874450571458183,0.001811257462251,0.3242107629327673,0.3362126271488234,alta,0,2,-0.0783451396625607,-0.8997142392024524,-1.1369018832603273,-1.4739952048795115
1975.8507135016464,0.0662656139181114,0.0297434794249355,15.090783,-0.0337343860818885,2A,alto,5.0,Almagro,2,45.55,0.2031905690575122,1.3375550414905473,0.0013072260551381,0.7262366972989581,0.8153691824811038,alta,0,1,-0.6114499610449442,-0.445534847399234,0.6183330324633133,-0.5174891951888266
1666.6666666666667,0.2756426797434048,0.2216724564314544,3.627885206060606,0.1756426797434048,monoamb,alto,2.0,Recoleta,1,10.2,0.6387405136326498,2.004725066754762,0.0014373274573867,1.0447534381885877,0.3343869191202226,alta,0,1,-2.9840524214834803,-1.0896078333903132,-0.477716551181827,-1.6760886083023503
3797.46835443038,0.0454392781152764,0.01065267160567,22.007391875,-0.0545607218847235,4+A,bajo,13.0,Belgrano,4,79.0,1.8268061858599915,2.7228164161949846,0.001811257462251,0.3242107629327673,0.3362126271488234,media,0,2,2.139468232279168,0.93346990262004,-0.3846679361307301,-0.0440708928605723
5566.801619433198,0.0272469144064474,-0.0060236617940898,36.70140350877193,-0.0727530855935525,4+A,bajo,14.0,Palermo,5,158.08,1.1545685703625932,1.1007842593820825,0.0020354411558041,0.3173293561387364,0.7185047022536231,alta,0,2,4.081749175699403,-0.3755874087310361,0.3791802423068356,0.944804325057785
1650.0,0.0917790801059283,0.0531308234304343,10.895729166666667,-0.0082209198940716,3A,medio,12.0,Villa Urquiza,1,100.0,1.7733751855870146,3.179691963146404,0.0016590377581003,0.4997101681025006,0.2333980703538691,media,0,0,-0.8193167008675369,0.9738447399151478,-0.461436996885457,0.852150129110159
2102.376599634369,0.0716162535512509,0.03464823242198,13.963310706896552,-0.028383746448749,2A,alto,1.0,San Nicolas,2,32.82,0.9013425570013603,1.5081589172470933,0.0018408245339653,1.3599759089981835,0.497858621461092,alta,0,1,-0.8196657908248128,-1.0185515290676126,0.8304448946351703,-0.5934940885280872
3412.1929026387625,0.0425996424440004,0.0080496722403337,23.474375432013428,-0.0574003575559995,2A,alto,2.0,Recoleta,2,43.96,2.4303610332756898,1.6395378884650298,0.0014373274573867,1.0447534381885877,0.3343869191202226,alta,0,0,0.3728644612833592,0.8983409873421924,-0.3452417084439807,-0.2027341857345351
1482.521847690387,0.0699525728879913,0.033123191813992,14.29539985042735,-0.0300474271120086,3A,medio,4.0,Barracas,2,64.08,0.9512195607153818,0.3692370402864479,0.0003390684780865,0.6643909367912209,0.3621231466264265,media,0,1,-1.6128729130935642,0.4694449483893634,-0.8256596134822767,0.024738381701005
1134.98789346247,0.1079182855237815,0.0679250950634664,9.266270263157896,0.0079182855237815,3A,alto,1.0,San Nicolas,1,66.08,0.3024730138884057,2.866056673021333,0.0018408245339653,1.3599759089981835,0.497858621461092,alta,0,1,-2.080702924711879,-0.9040685613175256,1.5006217787134637,-0.0850597066697298
2818.840579710145,0.0616382639528889,0.0255017419568148,16.223688596491225,-0.0383617360471111,4+A,bajo,14.0,Palermo,1,138.0,1.02066339776874,0.6257016402876875,0.0020354411558041,0.3173293561387364,0.7185047022536231,alta,0,2,0.8438671056683857,-0.8285304092171729,-0.2795135031905169,1.5329296065397782
2100.0,0.0862129160669307,0.0480285063946865,11.599190070588234,-0.0137870839330692,2A,bajo,13.0,Belgrano,1,40.0,0.6835431425535731,1.74619312039804,0.001811257462251,0.3242107629327673,0.3362126271488234,alta,0,1,-0.123553238271768,-0.4962062699710214,-0.6592250266720524,-0.2054528604400597
2000.0,0.2044767515187439,0.1564370222255152,4.890531527777778,0.1044767515187439,monoamb,medio,12.0,Coghlan,1,12.5,0.7673369086505947,1.806255057420372,0.0016590377581003,0.4997101681025006,0.2333980703538691,alta,0,1,-1.4359054334568029,-0.807078864937022,-1.1478332903201112,-1.18592235705206
4684.363149676556,0.0365137056283471,0.0024708968259848,27.38697655555556,-0.0634862943716528,2A,bajo,14.0,Palermo,7,44.83,0.5416559448204078,0.99450215275058,0.0020354411558041,0.3173293561387364,0.7185047022536231,alta,0,2,3.8107534111245553,-0.9787234237084964,0.2128661753769875,-1.3559736969860718
2000.0,0.0601946958728186,0.0241784712167504,16.612759405128205,-0.0398053041271813,2A,medio,10.0,Villa Luro,3,46.0,3.649673276908528,0.8485005751938106,0.0007950753514594,0.4818638493693606,0.3093771634352494,alta,0,0,-0.425120625393758,2.234714688964109,-2.310239310030959,-0.0459239829026812
2081.0810810810813,0.0829856946098798,0.0450702200590565,12.050269684444446,-0.0170143053901201,2A,bajo,15.0,Villa Crespo,3,37.0,0.2699641741798004,1.2446611186242802,0.0016924644253836,0.3560200247570848,0.3145034612612011,alta,0,2,0.2782682801613564,-1.0182532161082194,-0.5486883137123054,-0.6369289780262344
2713.487629688747,0.0593864635979536,0.0234375916314575,16.838854166666668,-0.0406135364020463,3A,bajo,15.0,Chacarita,4,62.65,0.4856887616583777,0.266156913202988,0.0016924644253836,0.3560200247570848,0.3145034612612011,alta,0,2,1.216769350312544,-1.307824009839854,-0.7442677899141528,-0.2446202268123944
1627.450980392157,0.0903310950484411,0.0518035037944043,11.070385003787878,-0.0096689049515588,3A,medio,10.0,Floresta,2,51.0,1.9191352417302927,2.2929702446953963,0.0007950753514594,0.4818638493693606,0.3093771634352494,media,0,0,-1.2154199554652547,1.6588497654452137,-1.0332789303738494,-0.2198483846674592
3783.783783783784,0.0456421320354339,0.010838621032481,21.90958124444445,-0.054357867964566,2A,bajo,15.0,Agronomia,3,37.0,1.093317031749037,3.812474930993693,0.0016924644253836,0.3560200247570848,0.3145034612612011,alta,0,2,1.7017154776547088,1.151403597653942,0.2180706793422215,-0.779896721007521
2391.304347826087,0.0542173204784548,0.0186992104385836,18.44429033333333,-0.0457826795215451,2A,alto,5.0,Almagro,2,46.0,1.242251554899119,0.8842877431841417,0.0013072260551381,0.7262366972989581,0.8153691824811038,alta,0,1,-0.2069595400452047,0.1295948065941863,-0.0147644716704699,-0.3280236550163851
4107.751057900712,0.0342507121471932,0.0003964861349271,29.196473220833337,-0.0657492878528067,4+A,bajo,13.0,Belgrano,1,96.89,1.3677507704879932,1.5037727433084758,0.001811257462251,0.3242107629327673,0.3362126271488234,media,0,2,1.7732258872331064,0.1455622903855024,-0.5344549700843406,0.8641782518745009
2605.4658736901724,0.066677926342268,0.0301214324804123,14.997467000800924,-0.0333220736577319,monoamb,alto,1.0,Constitucion,3,35.31,0.4861900762923565,0.9360002392917952,0.0018408245339653,1.3599759089981835,0.497858621461092,alta,0,1,-0.1437261643047323,-1.6103111486620465,0.948868114892896,-0.7798846848453197
3551.7241379310344,0.0496302794948407,0.0144944228702707,20.148989894444444,-0.0503697205051592,2A,medio,12.0,Villa Urquiza,3,58.0,0.6687499313327882,1.9739877533815489,0.0016590377581003,0.4997101681025006,0.2333980703538691,media,0,2,1.414740311451417,-0.2400199710194559,-0.0677273414482022,-0.3144792959839931
3117.6470588235293,0.0803760815718333,0.0426780747741805,12.441512206666667,-0.0196239184281666,monoamb,alto,3.0,Balvanera,5,17.0,0.1082325183494416,1.9945702140751809,0.0010344625327268,0.9331491918927998,0.3306390495886265,alta,0,2,0.4017477270678484,-0.3121043259784998,0.6391603653290682,-1.7309703719193137
4500.0,0.0378660650960636,0.0037105596713917,26.408870250000003,-0.0621339349039363,4+A,bajo,13.0,Belgrano,3,80.0,1.4864539226882771,2.336734052145634,0.001811257462251,0.3242107629327673,0.3362126271488234,media,0,2,2.4800104831365406,0.6001260516472391,-0.28051129271229,0.0939285077494592
4009.531670866279,0.0656336266108355,0.0291641577265992,15.236092406249998,-0.0343663733891644,4+A,bajo,13.0,Colegiales,6,115.09,0.7839615653564445,0.7173412706124548,0.001811257462251,0.3242107629327673,0.3362126271488234,alta,0,2,2.730488299236761,-1.0271269619473706,-0.4146313547898955,0.1175847068091768
4082.5061246710825,0.0476812324829713,0.0127077964427237,20.97261224019608,-0.0523187675170286,4+A,medio,12.0,Villa Urquiza,6,110.21,0.6687499313327882,1.9739877533815489,0.0016590377581003,0.4997101681025006,0.2333980703538691,media,0,2,2.580731779735153,-0.3579517410555636,0.2656652252329768,-0.0325361072287313
4121.863799283155,0.0466740411075393,0.0117845376819111,21.42518574074074,-0.0533259588924606,monoamb,bajo,13.0,Nuñez,5,27.9,2.165094482565271,3.0378944955903098,0.001811257462251,0.3242107629327673,0.3362126271488234,alta,0,2,2.569314487252603,1.340727444736306,-0.5837811860610281,-1.120039308993501
2932.692307692308,0.0682700944230573,0.0315809198878025,14.64770202020202,-0.0317299055769426,4+A,alto,2.0,Recoleta,1,104.0,1.5067080775656132,1.8692993619242888,0.0014373274573867,1.0447534381885877,0.3343869191202226,media,0,1,-0.3915671948044942,0.2442524993162821,0.2740535802522391,0.8011434458439918
1562.5,0.0573154530772236,0.0215391653207883,17.447301666666668,-0.0426845469227763,4+A,medio,11.0,Villa Santa Rita,1,176.0,1.161665364070044,2.030063664146085,0.0010693665978338,0.579459732816385,2.659087709873237,media,0,3,-1.1583316773535357,1.8640975174009649,2.659569970087597,1.4185137472649505
1343.7576349865624,0.11157924554466,0.071280975082605,8.962240200842242,0.01157924554466,2A,alto,1.0,Constitucion,2,40.93,0.4885717684217459,1.051778794741702,0.0018408245339653,1.3599759089981835,0.497858621461092,alta,0,1,-1.6582216747634704,-1.7486844986301755,0.6960695698230176,-0.5580706102704022
2010.0153011545417,0.0829663829677293,0.0450525177204185,12.053074561403507,-0.0170336170322706,4+A,bajo,14.0,Palermo,2,143.78,0.7172366462205676,0.8252642323741897,0.0020354411558041,0.3173293561387364,0.7185047022536231,alta,0,2,0.3343037253557391,-1.113690187075152,-0.1454187616008919,1.3916866338436449
2765.4867256637167,0.0548111292265522,0.0192435351243395,18.244469948186527,-0.0451888707734478,3A,alto,2.0,Recoleta,2,54.24,0.7825348833760613,3.2156548375810963,0.0014373274573867,1.0447534381885877,0.3343869191202226,media,0,1,-0.2322921245726971,0.4541740047069201,1.0331284073279547,-0.3602233083316011
3060.7476635514017,0.0655064426710252,0.0290475724484397,15.265674019607845,-0.0344935573289748,4+A,medio,12.0,Villa Urquiza,4,107.0,1.0924581852462023,2.54738547095497,0.0016590377581003,0.4997101681025006,0.2333980703538691,media,0,2,1.181075130589353,0.2053222093066702,0.0154627021308175,0.3309597686891671
1142.4489795918366,0.0476266217147966,0.0126577365718969,20.996660354965293,-0.0523733782852033,4+A,medio,10.0,Velez Sarsfield,2,245.0,3.3370717014043976,0.8246480980148486,0.0007950753514594,0.4818638493693606,0.3093771634352494,media,0,0,-1.0855543935207237,1.925579877245156,-1.4867031760302745,3.6325758591976136
2913.155001832173,0.0535840543812222,0.0181187165161203,18.66226831,-0.0464159456187777,3A,bajo,13.0,Nuñez,2,54.58,1.5321960431393569,2.4959461750885774,0.001811257462251,0.3242107629327673,0.3362126271488234,alta,0,2,0.9403931753565936,0.6201941602560647,-0.5642174767664527,-0.0437210679359684
2225.519287833828,0.0757321301921273,0.0384211193427834,13.204435125000002,-0.0242678698078726,3A,medio,12.0,Saavedra,2,60.66,2.2557483161509646,3.264768293679837,0.0016590377581003,0.4997101681025006,0.2333980703538691,alta,0,0,-0.0580991459604424,1.4358113496699585,-0.6881310593069372,0.06060792437623
2682.5396825396824,0.0441117252413464,0.0094357481379008,22.66970957333333,-0.0558882747586536,3A,alto,3.0,Balvanera,5,63.0,0.2315926763384352,2.527777739830117,0.0010344625327268,0.9331491918927998,0.3306390495886265,media,0,2,0.3740237275674741,0.1361357551780941,1.037305510883014,-0.768927193273263
3534.5296356715603,0.0589836783227146,0.0230683717958217,16.95384262962963,-0.0410163216772854,2A,bajo,14.0,Palermo,4,36.78,0.6411642352422787,0.9239036145641903,0.0020354411558041,0.3173293561387364,0.7185047022536231,alta,0,2,2.0601738939006853,-0.9632791319458734,-0.1720453933534239,-0.8855147583535433
1500.0,0.0960175222078758,0.0570160620238861,10.414765732394368,-0.0039824777921242,2A,bajo,7.0,Parque Chacabuco,3,42.0,1.5493694798980857,1.4413924714031232,0.0007389240721516,0.4306612690454279,0.2791624172439522,alta,0,0,-1.0641160299714627,0.964011436437653,-1.286418994838438,-0.535768017312579
1123.1884057971015,0.1748606026697388,0.1292888857805939,5.718841092459868,0.0748606026697388,4+A,alto,6.0,Caballito,1,138.0,1.018362563996077,1.5087264459841911,0.0014709557236647,0.6815238874122538,0.2822013725531903,media,0,1,-2.0982849823612035,-0.6609300134203474,-0.6037067003390747,1.1646407272013035
3295.454545454545,0.0440682654135224,0.0093959099623955,22.69206628888889,-0.0559317345864776,2A,medio,12.0,Villa Urquiza,4,44.0,1.0924581852462023,2.54738547095497,0.0016590377581003,0.4997101681025006,0.2333980703538691,alta,0,2,1.4861247204502228,0.3329054544218704,-0.1074378056788393,-0.6729206256272309
3492.753623188406,0.042422562555756,0.007887349009443,23.57236196388889,-0.057577437444244,3A,medio,12.0,Villa Urquiza,4,69.0,1.0924581852462023,2.54738547095497,0.0016590377581003,0.4997101681025006,0.2333980703538691,alta,0,2,1.655283580079126,0.3368727807668384,0.0055181044566081,-0.2643511306000999
4567.567567567568,0.0378100502068683,0.0036592126896293,26.447994502222222,-0.0621899497931316,2A,bajo,15.0,Chacarita,2,37.0,0.6452108762202128,0.5307937304506687,0.0016924644253836,0.3560200247570848,0.3145034612612011,alta,0,2,2.213036667550353,-0.765887357123184,-0.6510821656550648,-0.4373362160659947
1892.857142857143,0.0884136897290166,0.0500458822515985,11.310465642424242,-0.0115863102709833,monoamb,bajo,15.0,Villa Crespo,1,28.0,0.2252577250639209,1.0461198187409997,0.0016924644253836,0.3560200247570848,0.3145034612612011,alta,0,1,-0.3898633920695453,-1.0949075775158017,-0.7276532482997496,-0.4133511406194842
3387.0967741935483,0.0486849408377961,0.0136278624346464,20.54023241666667,-0.0513150591622038,2A,medio,12.0,Coghlan,5,62.0,0.6930769724486742,1.7574547753853442,0.0016590377581003,0.4997101681025006,0.2333980703538691,media,0,2,1.8051272983078308,-0.4296343671491766,-0.0911716031141563,-0.568806579320098
2673.5344616139314,0.0718607592799206,0.0348723626732606,13.9158006403005,-0.0281392407200793,4+A,bajo,14.0,Palermo,1,81.54,1.4975340437930913,1.2486986080833369,0.0020354411558041,0.3173293561387364,0.7185047022536231,media,0,2,0.6009644588865165,-0.1766840575744105,-0.5674582729844704,0.5581336449060356
2696.0784313725494,0.0975911768612187,0.0584585787894505,10.246827962962962,-0.0024088231387812,monoamb,bajo,13.0,Nuñez,2,20.4,1.5321960431393569,2.4959461750885774,0.001811257462251,0.3242107629327673,0.3362126271488234,alta,0,2,0.4196485485118344,0.4648742224052747,-0.879563981248955,-0.7906838180756235
4543.134252169474,0.0478644081270468,0.0128757074497929,20.892350686666667,-0.0521355918729532,monoamb,alto,5.0,Almagro,1,19.59,0.2051146519700385,1.6063546960766062,0.0013072260551381,0.7262366972989581,0.8153691824811038,alta,0,2,1.1240074816934251,-0.0255542002336527,0.8735915507794206,-1.018218029029792
1890.0,0.0642370747165366,0.0278839851568252,15.567334042105264,-0.0357629252834633,4+A,bajo,15.0,Paternal,1,100.0,1.4236046540480154,1.3843701205401742,0.0016924644253836,0.3560200247570848,0.3145034612612011,media,0,1,-0.186861419525346,-0.0124842295959567,-0.8914752466329778,1.0477966900592264
1790.425932906144,0.071746228603068,0.034767376219479,13.938014854166669,-0.0282537713969319,3A,alto,5.0,Boedo,1,53.06,0.1023297664527511,1.7250008132015706,0.0013072260551381,0.7262366972989581,0.8153691824811038,media,0,1,-1.0448220925265066,-0.307930198133106,0.7695360041919432,-0.2547470787400098
552.0,0.6173814961314732,0.5349330381205172,1.6197440420000002,0.5173814961314732,monoamb,alto,1.0,San Nicolas,3,12.5,0.5885319492819894,2.1039535107842684,0.0018408245339653,1.3599759089981835,0.497858621461092,alta,0,1,-6.0105672712738905,-3.05541993080242,-1.1198275390349082,-3.413721380918231
3653.846153846154,0.0520160157372243,0.0166813477591223,19.224848074712646,-0.0479839842627756,2A,alto,1.0,Monserrat,1,26.0,0.5371097699506605,1.0840597310712738,0.0018408245339653,1.3599759089981835,0.497858621461092,alta,0,1,0.2281622025797809,-1.2896131579622698,1.02332727170973,-0.6354739604038868
4844.961240310077,0.0362094247481109,0.0021919726857683,27.61711921568628,-0.0637905752518891,2A,bajo,13.0,Belgrano,2,41.28,2.0216004028089025,2.81455109103404,0.001811257462251,0.3242107629327673,0.3362126271488234,alta,0,2,2.454007151256295,1.3234476028937927,-0.5311559267036032,-0.3816062302791221
4453.781512605042,0.0452401597691958,0.0104701464550961,22.10425438596491,-0.0547598402308041,4+A,bajo,14.0,Palermo,7,119.0,0.7394971800902149,0.7954418815824619,0.0020354411558041,0.3173293561387364,0.7185047022536231,alta,0,2,3.6202346960824863,-1.028181896186214,0.2499189164638271,-0.0640131046456521
552.0,0.6173814961314732,0.5349330381205172,1.6197440420000002,0.5173814961314732,monoamb,alto,1.0,San Nicolas,3,12.5,0.5885319492819894,2.1039535107842684,0.0018408245339653,1.3599759089981835,0.497858621461092,alta,0,1,-6.0105672712738905,-3.05541993080242,-1.1198275390349082,-3.413721380918231
3051.851851851852,0.1033964156142515,0.0637800476463972,9.671515149333336,0.0033964156142515,monoamb,alto,1.0,Monserrat,1,13.5,0.5371097699506605,1.0840597310712738,0.0018408245339653,1.3599759089981835,0.497858621461092,alta,0,1,-0.6180096617096987,-1.5070264256722934,0.7251547582104655,-1.0012542645732592
2435.9618282270217,0.0658752421129974,0.0293856386035809,15.180209862222224,-0.0341247578870026,2A,medio,12.0,Villa Pueyrredon,2,39.82,1.5337653642229228,3.974352061503799,0.0016590377581003,0.4997101681025006,0.2333980703538691,alta,0,0,0.1399224517381828,1.3504985967148475,-0.0677919169456562,-0.432007339758245
1435.8974358974358,0.0912842640708678,0.0526772420649621,10.954790622222225,-0.0087157359291321,3A,bajo,7.0,Flores,1,78.0,3.254066738604797,1.4570579620098183,0.0007389240721516,0.4306612690454279,0.2791624172439522,media,0,0,-1.5613148582328815,2.2703354351164275,-2.1100619299246053,0.6989837654419351
2806.8384792038787,0.054991853628147,0.0194091991591347,18.18451159624413,-0.0450081463718529,2A,bajo,7.0,Flores,1,39.19,0.944191161717826,0.7565011500243215,0.0007389240721516,0.4306612690454279,0.2791624172439522,alta,0,0,-0.2576399449295186,0.4885989509390311,-1.0102685048617752,-0.2142216929100403
4290.995510958543,0.0419439490294859,0.0074486199436954,23.84134119791667,-0.058056050970514,4+A,bajo,13.0,Colegiales,5,75.74,0.5517294996122596,1.3661741781806045,0.001811257462251,0.3242107629327673,0.3362126271488234,media,0,2,2.8308884922948785,-0.6860273577511862,-0.1147828634209574,-0.3827206064070582
1818.945011893102,0.1067814297386281,0.0668829772604091,9.364924242424244,0.0067814297386281,2A,alto,1.0,Monserrat,1,71.47,0.3784459864045825,1.1688102348451572,0.0018408245339653,1.3599759089981835,0.497858621461092,alta,0,1,-1.50957166518155,-1.6945941318054207,0.9338744875466258,0.0846475976256563
1000.0,0.0803066950926873,0.04261447050163,12.452261904761905,-0.0196933049073126,4+A,alto,5.0,Almagro,1,220.0,1.358346366618112,1.3769008488267676,0.0013072260551381,0.7262366972989581,0.8153691824811038,media,0,1,-1.5939472124545953,0.2372474111431951,0.4772546617524731,2.833983220385429
4732.77996213776,0.0116488832442139,-0.0203218570261371,85.84513888888888,-0.088351116755786,4+A,bajo,13.0,Belgrano,5,549.36,1.3477435423742417,1.5326642374805008,0.001811257462251,0.3242107629327673,0.3362126271488234,alta,0,2,3.6264156524380913,-0.1549831635630434,1.383794672763574,7.833605733642384
3359.751895244659,0.0644451300192622,0.028074702517657,15.517076305084746,-0.0355548699807377,2A,bajo,14.0,Palermo,2,58.04,0.5153957645704653,1.554720821807254,0.0020354411558041,0.3173293561387364,0.7185047022536231,media,0,2,1.386839865143931,-0.6806040979479805,0.0987840331527892,-0.2307045401792663
3305.555555555556,0.0530236282124586,0.017604992528087,18.859516666666664,-0.0469763717875413,monoamb,bajo,13.0,Colegiales,2,36.0,0.3731266939622849,1.214169809320021,0.001811257462251,0.3242107629327673,0.3362126271488234,alta,0,2,1.2774791542610806,-0.8428836605018373,-0.4359059903384843,-0.4505571814622664
1766.6666666666667,0.0803760815718333,0.0426780747741805,12.441512206666667,-0.0196239184281666,monoamb,alto,1.0,San Nicolas,1,30.0,0.5087953409972202,2.03810749804498,0.0018408245339653,1.3599759089981835,0.497858621461092,alta,0,1,-1.396150948896171,-1.0303972268302857,1.1256632987973911,-0.5541053661624644
3724.226804123712,0.0611331242920111,0.0250386972676768,16.357744047619047,-0.0388668757079889,3A,bajo,14.0,Palermo,5,77.6,0.4101037919291631,1.3982174261679086,0.0020354411558041,0.3173293561387364,0.7185047022536231,alta,0,2,2.432490576970888,-0.942478788245092,0.3063815891765041,-0.4787046451940436
3492.753623188406,0.042422562555756,0.007887349009443,23.57236196388889,-0.057577437444244,3A,medio,12.0,Saavedra,1,69.0,2.951854854889445,3.998666535406726,0.0016590377581003,0.4997101681025006,0.2333980703538691,alta,0,0,0.8467124001109472,2.553193226202133,-0.5620076998206638,0.4141167598024461
3015.0943396226417,0.0639789585477922,0.0276473786688095,15.63013876277778,-0.0360210414522077,monoamb,medio,12.0,Saavedra,5,26.5,2.951854854889445,3.998666535406726,0.0016590377581003,0.4997101681025006,0.2333980703538691,alta,0,0,1.2932494944621742,2.2986859473184587,-0.715271007638346,-1.0801081909898171
2996.0,0.0355468318032974,0.0015845958196893,28.131902317866665,-0.0644531681967025,monoamb,medio,12.0,Saavedra,5,50.0,2.951854854889445,3.998666535406726,0.0016590377581003,0.4997101681025006,0.2333980703538691,media,0,0,1.5149300546321205,2.388711795623289,-0.5195916821601511,-0.5547431109240649
3900.0,0.0655374203585717,0.0290759686620241,15.258458366666668,-0.0344625796414282,monoamb,medio,12.0,Saavedra,5,20.0,2.951854854889445,3.998666535406726,0.0016590377581003,0.4997101681025006,0.2333980703538691,alta,0,0,1.9190717052379056,2.349543962589897,-0.6717429937821755,-1.301163251255801
3538.5,0.0722328499077094,0.0352134457487336,13.844116648833332,-0.0277671500922905,monoamb,medio,12.0,Saavedra,5,20.0,2.951854854889445,3.998666535406726,0.0016590377581003,0.4997101681025006,0.2333980703538691,alta,0,0,1.6044757014532232,2.3033674941894957,-0.7281177601122096,-1.287941078734355
3000.0,0.0290087321982101,-0.0044086621516406,34.472378633,-0.0709912678017898,monoamb,medio,12.0,Saavedra,5,58.74,2.951854854889445,3.998666535406726,0.0016590377581003,0.4997101681025006,0.2333980703538691,alta,0,0,1.573753225618845,2.408064588888512,-0.4618727369755613,-0.3782649824874614
2000.0,0.2385562101052012,0.1876765259297678,4.191884166666667,0.1385562101052012,2A,medio,12.0,Villa Urquiza,5,12.5,1.149142670630098,2.5627207263521203,0.0016590377581003,0.4997101681025006,0.2333980703538691,media,0,1,-0.7506546306327369,-0.4340503686188714,-1.091405619737439,-2.0816256947378595
2750.0,0.1678155157666459,0.1228308894527587,5.95892456923077,0.0678155157666459,monoamb,bajo,14.0,Palermo,1,12.0,0.6067743496665345,0.7248969547155525,0.0020354411558041,0.3173293561387364,0.7185047022536231,alta,0,2,-0.1061220207983502,-1.3961027436352298,-0.9033010963261868,-1.1260062579591892
2500.0,0.1845970673433105,0.1382139783980346,5.417204153846154,0.0845970673433105,monoamb,bajo,14.0,Palermo,1,12.0,0.6067743496665345,0.7248969547155525,0.0020354411558041,0.3173293561387364,0.7185047022536231,alta,0,1,-0.4190312946741041,-1.472573420051501,-0.9903799052847136,-1.1698774542142738
1791.044776119403,0.0638989848496074,0.0275740694454735,15.64970088888889,-0.0361010151503925,3A,bajo,7.0,Flores,1,67.0,2.4548061786807045,0.8427629124013465,0.0007389240721516,0.4306612690454279,0.2791624172439522,alta,0,0,-1.0649560103641462,1.5053336887655324,-1.8048480970674088,0.5343272226923389
2166.6666666666665,0.082512922979849,0.0446368460648616,12.119313725490196,-0.0174870770201509,3A,bajo,14.0,Palermo,2,60.0,0.2121724973274862,1.1988223027589404,0.0020354411558041,0.3173293561387364,0.7185047022536231,alta,0,2,0.397175899386511,-1.2222074184832856,-0.029583765891051,-0.1469414394695611
2741.3793103448274,0.0455464462240388,0.0107509090387023,21.95560977647059,-0.0544535537759611,3A,medio,10.0,Monte Castro,2,58.0,1.7612204912400609,2.619949961129333,0.0007950753514594,0.4818638493693606,0.3093771634352494,media,0,0,-0.0638551662040589,1.943704806840328,-0.5375544863507815,-0.0851820411370427
2564.4444444444443,0.0479888389973944,0.0129897690809448,20.83817864512821,-0.0520111610026055,2A,medio,10.0,Monte Castro,2,45.0,1.7612204912400609,2.619949961129333,0.0007950753514594,0.4818638493693606,0.3093771634352494,alta,0,0,-0.2181577076251608,1.931377156302189,-0.6087147694192363,-0.2958343683322442
2188.0998080614204,0.0635253065756331,0.0272315310276637,15.741757952941176,-0.0364746934243668,3A,alto,1.0,San Telmo,1,52.1,1.2054053651173349,0.936591006238793,0.0018408245339653,1.3599759089981835,0.497858621461092,media,0,1,-0.9108512503704465,-1.033048801413155,0.5412488293328478,0.0319336304133914
2237.9310344827586,0.0708894747175923,0.0339820184911262,14.106466495679012,-0.0291105252824077,monoamb,medio,10.0,Monte Castro,2,29.0,1.7612204912400609,2.619949961129333,0.0007950753514594,0.4818638493693606,0.3093771634352494,media,0,0,-0.6430077151544674,1.83677818718416,-0.7840227142301216,-0.6291327255912758
1926.7822736030828,0.0681873167217367,0.0315050403282586,14.66548396501458,-0.0318126832782632,2A,alto,1.0,San Telmo,1,46.71,1.1720289492451663,0.7685116264470759,0.0018408245339653,1.3599759089981835,0.497858621461092,alta,0,1,-1.1330860437641097,-1.17449730242725,0.439510201934323,-0.0395651447653393
2539.0625,0.0776592216280932,0.0401876198257521,12.876770833333332,-0.0223407783719067,4+A,bajo,13.0,Belgrano,2,153.6,2.280828512096708,2.402938420902372,0.001811257462251,0.3242107629327673,0.3362126271488234,alta,0,0,0.5299778803859209,0.9414996082383328,-0.7663230600515185,1.6852533600959416
3908.1885856079407,0.0383168515853025,0.0041237806198606,26.09817765882353,-0.0616831484146974,2A,bajo,13.0,Nuñez,6,48.36,2.842717142034269,3.785502746641389,0.001811257462251,0.3242107629327673,0.3362126271488234,alta,0,2,2.7030429519070367,2.179989484038453,-0.557954445267621,-0.8666407092738614
3165.217391304348,0.0433015098797706,0.008693050723123,23.093882933333337,-0.0566984901202293,4+A,medio,11.0,Villa Del Parque,4,115.0,0.5380540914992511,4.234433583661466,0.0010693665978338,0.579459732816385,2.659087709873237,media,0,3,0.7413480357064243,2.6233050970261576,3.841960457574424,-0.5652303322381272
3213.1147540983607,0.0402085448883584,0.0058578328143285,24.87033546666667,-0.0597914551116415,4+A,medio,11.0,Villa Del Parque,3,122.0,0.5380540914992511,4.234433583661466,0.0010693665978338,0.579459732816385,2.659087709873237,media,0,3,0.5579354639007321,2.676247296896444,3.8522083293071994,-0.2548566590702185
3111.111111111112,0.0425993232330716,0.0080493796303156,23.47455133333333,-0.0574006767669283,2A,alto,6.0,Caballito,2,45.0,0.6352988548512994,0.180665010322934,0.0014709557236647,0.6815238874122538,0.2822013725531903,alta,0,2,0.6309238468020567,-1.016247215659119,-0.4902539494752978,-0.1940194563676751
1902.9850746268653,0.0692842075309459,0.0325105235700337,14.43330357142857,-0.030715792469054,4+A,alto,5.0,Almagro,1,134.0,0.1553701568778972,1.5070832009062922,0.0013072260551381,0.7262366972989581,0.8153691824811038,media,0,1,-0.8933078877684345,-0.4130296411665559,0.9742032585967229,1.1428324509753185
2044.117647058824,0.059148700604193,0.0232196422205102,16.906542151986184,-0.0408512993958069,3A,alto,5.0,Almagro,1,68.0,0.5246783530366724,1.403766270026732,0.0013072260551381,0.7262366972989581,0.8153691824811038,alta,0,1,-0.7455153562465946,-0.1206390674413226,0.553926592173264,0.108073558576363
3257.694900022467,0.0470061497744239,0.0120889706265552,21.273812145833336,-0.0529938502255761,4+A,alto,6.0,Caballito,2,89.02,1.342733945455708,1.218155292186352,0.0014709557236647,0.6815238874122538,0.2822013725531903,media,0,2,0.6808029202122884,0.0001605429478801,-0.3437204445736567,0.5246632873316264
967.741935483871,0.120698082493703,0.0796399089525611,8.285135764705883,0.020698082493703,3A,medio,10.0,Velez Sarsfield,1,62.0,3.4656716006372994,0.7665745021266108,0.0007950753514594,0.4818638493693606,0.3093771634352494,media,0,0,-2.127305698210293,1.8531142649023125,-2.57075035411584,0.4324066012340052
2692.3076923076924,0.0685126944096693,0.0318033032088635,14.595835247998489,-0.0314873055903307,monoamb,alto,2.0,Recoleta,2,39.0,0.8082921368978354,2.7516503638952656,0.0014373274573867,1.0447534381885877,0.3343869191202226,media,0,1,-0.3835797072081289,0.1839676659034663,0.7383053663530046,-0.6275819965258876
2805.280528052805,0.0536966259240399,0.0182219070970365,18.62314405777778,-0.04630337407596,2A,medio,12.0,Villa Urquiza,4,42.42,0.2017816961850919,1.5555012680452975,0.0016590377581003,0.4997101681025006,0.2333980703538691,alta,0,2,1.0992727601934895,-0.8862969684919663,-0.0707696411315733,-0.720289319398609
1907.564857205145,0.0895179744172725,0.0510581432158332,11.170940880975174,-0.0104820255827274,4+A,bajo,14.0,Palermo,1,91.74,0.9349094336254804,1.3283686670855677,0.0020354411558041,0.3173293561387364,0.7185047022536231,media,0,1,-0.0858182145928575,-0.6537112476499415,-0.33502097632431,0.6618217288649936
965.9090909090908,0.1603739227597992,0.1160094291964825,6.235427697916667,0.0603739227597991,3A,alto,2.0,Recoleta,1,88.0,0.7825348833760613,3.2156548375810963,0.0014373274573867,1.0447534381885877,0.3343869191202226,alta,0,1,-2.5934127780189096,-0.0165532983218949,0.5571400161451584,0.1473908649403101
1536.9127516778524,0.0826612893967149,0.0447728486136553,12.097561111111112,-0.017338710603285,4+A,alto,1.0,San Nicolas,1,149.0,0.167287950526813,1.3246722682785956,0.0018408245339653,1.3599759089981835,0.497858621461092,alta,0,1,-1.4879124165521675,-1.7356787258725448,1.4540034913407889,1.4980394614878536
2001.4144271570008,0.072283374616682,0.0352597600652918,13.834439873663753,-0.0277166253833179,2A,alto,1.0,San Telmo,1,42.42,0.631674674892079,0.9113129803227829,0.0018408245339653,1.3599759089981835,0.497858621461092,alta,0,1,-1.1143213607429114,-1.4945456567876574,0.753521994551519,-0.2237854226273724
2692.3076923076924,0.063290423089135,0.0270162211650404,15.800178782051283,-0.0367095769108649,3A,alto,6.0,Caballito,2,65.0,0.5079731786713638,0.8242588509818084,0.0014709557236647,0.6815238874122538,0.2822013725531903,media,0,2,0.1522625491054659,-0.8829820629491683,-0.2366318314316084,0.0330480757930342
2043.4782608695648,0.0567263464594535,0.0209991509211657,17.628492973979437,-0.0432736535405464,4+A,medio,10.0,Monte Castro,1,115.0,1.7240916133466695,3.503238582623922,0.0007950753514594,0.4818638493693606,0.3093771634352494,media,0,0,-0.9065596267850048,2.3069986563942866,-0.1296219404932065,1.020001064172501
2872.062663185379,0.065835317723838,0.0293490412468515,15.189415568627451,-0.0341646822761619,3A,alto,1.0,Retiro,2,38.3,0.2537664992586981,2.694551043943311,0.0018408245339653,1.3599759089981835,0.497858621461092,media,0,1,-0.2529453204465426,-0.7975350745150048,1.7064675254050203,-0.7528167359442349
2692.1879863056333,0.0492477725237822,0.0141437914801337,20.30548690333333,-0.0507522274762177,3A,medio,11.0,Villa Del Parque,1,64.26,0.5917909421958745,2.9009416588419,0.0010693665978338,0.579459732816385,2.659087709873237,alta,0,3,-0.3633894813225983,2.0707824402869,2.997503424493504,-0.7266282481089151
3322.222222222222,0.0506473184531042,0.0154267085820122,19.74438194444444,-0.0493526815468957,4+A,alto,2.0,Recoleta,1,90.0,0.8665772872696554,2.567893085630622,0.0014373274573867,1.0447534381885877,0.3343869191202226,media,0,1,0.0005700672438642,0.2471310352243685,0.9169634643206372,0.4494824894195627
2264.1509433962265,0.0709988720551194,0.0340822993838594,14.084730800000004,-0.0290011279448805,monoamb,alto,1.0,Retiro,2,26.5,0.1938275570706203,2.7196202816534494,0.0018408245339653,1.3599759089981835,0.497858621461092,alta,0,1,-0.7408420604778684,-0.8760695712261958,1.6342069321166075,-0.9145521374765878
2419.8895027624308,0.0497964691674262,0.014646763403474,20.0817450859375,-0.0502035308325737,2A,medio,4.0,Barracas,4,45.25,1.6122814471852993,1.889213068850149,0.0003390684780865,0.6643909367912209,0.3621231466264265,alta,0,0,-0.3558825192266402,1.791816893702072,-0.4835702262103794,-0.7237772468581313
2458.512599877074,0.0806253724541662,0.042906591416319,12.40304347826087,-0.0193746275458337,4+A,bajo,7.0,Parque Chacabuco,2,146.43,0.4043987334408245,1.3532859369429735,0.0007389240721516,0.4306612690454279,0.2791624172439522,media,0,1,-0.426575139210458,0.1974354712081343,-0.2211757563803132,1.2293598063509945
3588.709677419354,0.0609065020535045,0.0248309602157124,16.41860829770736,-0.0390934979464954,4+A,alto,6.0,Caballito,2,124.0,0.997112538009688,0.7195815583697541,0.0014709557236647,0.6815238874122538,0.2822013725531903,media,0,2,0.8518986145985143,-0.55816109381891,-0.2389452841548213,1.014791286661488
2662.962962962963,0.0592480156231872,0.0233106809879216,16.878202408666667,-0.0407519843768127,monoamb,alto,1.0,Retiro,2,27.0,0.5017557952577651,2.1237063024384653,0.0018408245339653,1.3599759089981835,0.497858621461092,alta,0,1,-0.339280976559896,-0.9005740711537711,1.3380844239189038,-0.8098815757744162
1147.842056932966,0.1090542674766634,0.0689664118536081,9.169746614583334,0.0090542674766634,2A,medio,4.0,Barracas,1,43.56,0.618939101493578,1.1969809884128406,0.0003390684780865,0.6643909367912209,0.3621231466264265,alta,0,1,-2.447810275149008,0.5550100828788258,-0.6399942194930623,-0.3859877354633201
3571.428571428572,0.0715668630315604,0.0346029577789303,13.97294722222222,-0.0284331369684396,monoamb,bajo,13.0,Colegiales,4,21.0,0.3060363261160337,1.618867105684462,0.001811257462251,0.3242107629327673,0.3362126271488234,alta,0,2,1.7942465836763646,-0.8083533112093066,-0.2985570454113336,-1.2278427233496565
2425.474254742548,0.0737753642583922,0.0366274172368595,13.554660286021509,-0.0262246357416077,4+A,bajo,13.0,Belgrano,2,73.8,0.6184675918393304,1.5407125982776553,0.001811257462251,0.3242107629327673,0.3362126271488234,media,0,2,0.48226828784866,-0.6464521356153661,-0.4687483497973567,0.2095620923755877
2000.0,0.0851986464661433,0.0470987592606313,11.737275666666669,-0.0148013535338566,3A,alto,2.0,Recoleta,1,80.0,0.7716584020240411,2.37456011988781,0.0014373274573867,1.0447534381885877,0.3343869191202226,alta,0,1,-1.2262423882971374,-0.122024836813328,0.6164604973829139,0.2876777123004401
2500.0,0.0658869532671508,0.0293963738282215,15.177511637931037,-0.0341130467328491,2A,alto,1.0,San Nicolas,2,30.0,0.5087953409972202,2.03810749804498,0.0018408245339653,1.3599759089981835,0.497858621461092,alta,0,1,-0.5047452017998001,-0.9760240605675208,1.2748037705987731,-0.760598860635707
1384.6153846153843,0.2981952626315016,0.2423456574122098,3.3535073333333334,0.1981952626315016,monoamb,bajo,13.0,Nuñez,1,13.0,1.63841345436871,2.6710576001574893,0.001811257462251,0.3242107629327673,0.3362126271488234,alta,0,1,-2.362644885566953,-0.1346537092989338,-1.833885317419487,-1.454498921809849
1598.2503364737552,0.089682785753835,0.0512092202743488,11.150411883333335,-0.0103172142461649,2A,medio,4.0,Nueva Pompeya,1,29.72,2.0805999524194942,1.973026191110437,0.0003390684780865,0.6643909367912209,0.3621231466264265,media,0,0,-2.0180508919807743,2.1117229211670296,-1.0789652329386838,-0.4582823242160245
2547.629596809925,0.0629729126054102,0.0267251698882927,15.87984354901961,-0.0370270873945897,2A,bajo,13.0,Belgrano,1,45.14,0.4481155556410938,1.4899374375220844,0.001811257462251,0.3242107629327673,0.3362126271488234,alta,0,2,0.3976538430010418,-0.6894064048016816,-0.4776243509566268,-0.0793484352461523
2936.288088642659,0.0803760815718333,0.0426780747741805,12.441512206666667,-0.0196239184281666,2A,medio,4.0,Barracas,2,18.05,1.4040715982678134,1.4473226615098205,0.0003390684780865,0.6643909367912209,0.3621231466264265,media,0,0,-0.709642928859259,1.4311225599148931,-0.7691570473738891,-1.003165621548881
2148.9161168708765,0.0672620893153763,0.0306569152057616,14.867215844444445,-0.0327379106846237,3A,bajo,15.0,Parque Chas,1,53.05,1.2435818422488003,1.8479758916361977,0.0016924644253836,0.3560200247570848,0.3145034612612011,media,0,2,-0.0637688572008942,0.1314902011949908,-0.7895115930389636,0.1435519280843623
2005.5710306406688,0.1005817354114192,0.0611999241271342,9.94216291764706,0.0005817354114191,2A,bajo,13.0,Colegiales,1,35.9,0.5079335959796409,1.5922812509190845,0.001811257462251,0.3242107629327673,0.3362126271488234,alta,0,1,-0.2996494807560978,-0.7582937138994685,-0.6999393282374559,-0.337312300911137
2500.0,0.0443032961623945,0.0096113548155283,22.571683974358976,-0.0556967038376054,2A,alto,3.0,Balvanera,7,50.0,0.3524480958528082,2.676845361349928,0.0010344625327268,0.9331491918927998,0.3306390495886265,alta,0,2,0.7188937226406997,0.2108246630357028,1.025730199838509,-1.3326855469744614
2301.7241379310344,0.0558418094815546,0.0201883253580917,17.90772916,-0.0441581905184453,3A,alto,3.0,Balvanera,1,58.0,0.2283964628251377,3.33410837437412,0.0010344625327268,0.9331491918927998,0.3306390495886265,media,0,1,-1.0116052860089826,0.6627210422269655,1.1065321875731515,-0.1943017823561933
3057.692307692308,0.0696592706955888,0.0328543314709564,14.35559100769231,-0.0303407293044111,monoamb,bajo,14.0,Palermo,5,26.0,0.432737169193872,1.3953558003476183,0.0020354411558041,0.3173293561387364,0.7185047022536231,alta,0,2,1.85503997537668,-0.970293793246918,0.0184029774763898,-1.3106470334206648
1726.3264788017264,0.1064983080826791,0.0666234490757892,9.389820533333332,0.0064983080826791,2A,bajo,13.0,Nuñez,1,39.39,2.345532976548535,3.217351818268116,0.001811257462251,0.3242107629327673,0.3362126271488234,alta,0,0,-0.6233062976941489,1.3650513988401762,-1.1340512260944435,-0.1610992039489334
1896.2848297213625,0.1130186126591697,0.0726003949375722,8.848100117948718,0.0130186126591697,monoamb,bajo,14.0,Palermo,1,25.84,0.7411536483090648,1.4755278304968087,0.0020354411558041,0.3173293561387364,0.7185047022536231,alta,0,1,-0.3172031317126627,-0.7656378265373482,-0.5105249487766401,-0.5969815925499439
2328.288707799767,0.0922203256833607,0.0535352985430806,10.84359649122807,-0.0077796743166392,4+A,bajo,14.0,Palermo,1,111.67,0.672048689870636,1.7364514788104404,0.0020354411558041,0.3173293561387364,0.7185047022536231,alta,0,2,0.1952526511365107,-0.6242528142499402,0.047106320302132,0.8692895742801384
3423.423423423424,0.0564562104598967,0.0207515262549053,17.7128431372549,-0.0435437895401032,4+A,medio,12.0,Coghlan,2,111.0,0.7673369086505947,1.806255057420372,0.0016590377581003,0.4997101681025006,0.2333980703538691,media,0,2,1.0556175121521014,-0.2766435012528229,-0.0580314476386927,0.7818919836986186
2578.9473684210525,0.0478155668942641,0.0128309363197421,20.91369118787879,-0.0521844331057358,4+A,bajo,7.0,Flores,2,76.0,1.7450304073644216,1.5914228916159372,0.0007389240721516,0.4306612690454279,0.2791624172439522,media,0,0,-0.1391583940714915,1.447374615602389,-0.965914601967648,0.3225508607174669
3591.2,0.0477909556131894,0.012808375978757,20.92446127450981,-0.0522090443868105,4+A,medio,12.0,Villa Urquiza,2,125.0,0.8244996003074642,2.174584561308899,0.0016590377581003,0.4997101681025006,0.2333980703538691,media,0,2,1.2382387401367143,-0.0092340719125368,0.1417401325557409,1.0143458561814145
2968.75,0.0565001550249161,0.0207918087728397,17.69906648148148,-0.0434998449750839,monoamb,bajo,13.0,Belgrano,4,32.0,1.8248300675825109,2.7121318428539976,0.001811257462251,0.3242107629327673,0.3362126271488234,alta,0,2,1.427489524793025,0.8624137288723175,-0.6691544751356595,-0.7925672589785996
3955.600403632696,0.0326015228824528,-0.0011152706910849,30.673413742222223,-0.0673984771175472,2A,bajo,15.0,Villa Ortuzar,4,49.55,0.6374857800723628,0.489255952664892,0.0016924644253836,0.3560200247570848,0.3145034612612011,alta,0,2,2.3107582042546944,-0.9028691863817628,-0.5841363043401586,-0.4944418518619661
1152.929417192065,0.063119157291923,0.0268592275175961,15.843050555555552,-0.0368808427080769,4+A,alto,1.0,Monserrat,1,260.12,0.3615102661446277,2.038220503869281,0.0018408245339653,1.3599759089981835,0.497858621461092,alta,0,1,-1.5827604155856043,-1.236872896486377,2.0516070755878606,3.4812956777090034
2875.0,0.0777900685125656,0.0403075628031851,12.85511144444444,-0.0222099314874343,monoamb,bajo,13.0,Belgrano,1,24.0,0.9559229897522002,1.8178081451544592,0.001811257462251,0.3242107629327673,0.3362126271488234,alta,0,2,0.4909312075665715,-0.177813974972672,-0.7393475536396951,-0.5007964803334795
2310.9937273027404,0.0730274112566942,0.0359417936519697,13.693488277777778,-0.0269725887433057,3A,medio,12.0,Saavedra,2,60.58,1.6136076689652727,2.669692300104787,0.0016590377581003,0.4997101681025006,0.2333980703538691,alta,0,0,0.0528560974434965,0.6805806356317756,-0.5405255554635078,0.0248806663060751
3578.9473684210525,0.0626460635780465,0.026425558279876,15.962694906666668,-0.0373539364219534,monoamb,alto,1.0,Constitucion,3,19.0,0.6412526068566775,0.9262318689748574,0.0018408245339653,1.3599759089981835,0.497858621461092,alta,0,2,0.5840712464781945,-1.4224082383627732,0.9001964575711772,-1.1318582515332225
2636.435539151068,0.0725628352087496,0.0355159322746871,13.781159420289857,-0.0274371647912504,3A,bajo,13.0,Belgrano,1,75.86,0.5886446206808885,1.7354538513755913,0.001811257462251,0.3242107629327673,0.3362126271488234,alta,0,2,0.3925806864004002,-0.5074615697448273,-0.3847498894081326,0.3882484084781044
1997.041420118344,0.0757321301921273,0.0384211193427834,13.204435125000002,-0.0242678698078726,2A,alto,6.0,Caballito,1,33.8,0.8528787336220053,1.1068313155102676,0.0014709557236647,0.6815238874122538,0.2822013725531903,alta,0,1,-0.7255171095649232,-0.5158786329952049,-0.5701508899848489,-0.2632937863757615
1914.8936170212764,0.0731503530264866,0.0360544902742794,13.670474011764703,-0.0268496469735133,3A,alto,1.0,Monserrat,1,51.7,0.4194072424735817,1.2286749183489296,0.0018408245339653,1.3599759089981835,0.497858621461092,media,0,1,-1.189181678049236,-1.494031377250509,1.003157695296515,-0.1151621891772279
3255.873340143003,0.0534579742532663,0.0180031430654942,18.70628309375,-0.0465420257467336,4+A,bajo,13.0,Belgrano,4,78.32,2.179096624390781,2.968227207451043,0.001811257462251,0.3242107629327673,0.3362126271488234,media,0,2,1.6713811174575213,1.2522837154870472,-0.5639773877597136,-0.0003618520054235
2812.5,0.0605857041537019,0.0245368954742267,16.50554390625,-0.039414295846298,4+A,bajo,13.0,Belgrano,4,80.0,1.0608530788720618,1.9011867917955936,0.001811257462251,0.3242107629327673,0.3362126271488234,media,0,2,1.3445256021572916,-0.1588147656205638,-0.4071613003566157,-0.0112174203378891
1636.3636363636365,0.0885119271620488,0.0501359332318781,11.297912406417112,-0.0114880728379511,3A,bajo,7.0,Flores,2,55.0,3.1019258030182377,1.2850540023415036,0.0007389240721516,0.4306612690454279,0.2791624172439522,media,0,0,-1.1525332122190817,2.063920234819831,-2.114513208320266,0.1073916512395143
1987.951807228916,0.0826168693005026,0.0447321301921274,12.10406553125,-0.0173831306994974,3A,alto,2.0,Recoleta,1,83.0,0.903167991238368,2.6886790908060862,0.0014373274573867,1.0447534381885877,0.3343869191202226,alta,0,1,-1.2260967216325445,0.1432781297160715,0.6785649261785407,0.3424731052545694
2239.43661971831,0.0674633961470463,0.0308414464681258,14.822852941176471,-0.0325366038529536,3A,bajo,14.0,Palermo,1,71.0,1.1527477956846688,0.988348646739565,0.0020354411558041,0.3173293561387364,0.7185047022536231,alta,0,2,0.3279048018781476,-0.5633808467716145,-0.5329155112660824,0.4248876179799902
3736.654804270463,0.060093445307453,0.0240856581984986,16.64075,-0.0399065546925469,4+A,bajo,14.0,Palermo,3,106.78,1.3697494235562375,0.7256818672313269,0.0020354411558041,0.3173293561387364,0.7185047022536231,alta,0,2,1.9903668409847584,-0.5339101179293194,-0.3983631094969501,0.5730153274253661
4318.181818181818,0.0582938107399928,0.0224359931783267,17.154479820512822,-0.0417061892600072,monoamb,bajo,14.0,Palermo,1,22.0,1.5436814853762275,1.0948605642603626,0.0020354411558041,0.3173293561387364,0.7185047022536231,alta,0,2,1.873613144649829,-0.0428700372388552,-0.672137173653643,-0.567639852352059
2955.818294959552,0.0582938107399928,0.0224359931783267,17.154479820512822,-0.0417061892600072,2A,bajo,15.0,Paternal,2,32.14,1.5745896134195931,1.490877830388911,0.0016924644253836,0.3560200247570848,0.3145034612612011,alta,0,2,0.8373556800458771,0.2317829120907717,-1.0358859908047977,-0.3760885253149176
2419.3548387096776,0.0624790074085051,0.0262724234577963,16.00537590909091,-0.0375209925914949,monoamb,bajo,15.0,Parque Chas,1,31.0,1.0878932805539632,1.7473334373675675,0.0016924644253836,0.3560200247570848,0.3145034612612011,alta,0,2,0.1632433257260007,0.0134850898301877,-0.7805863553062005,-0.2542217439795746
2322.5806451612902,0.0650822993838594,0.0286587744352045,15.365160872727277,-0.0349177006161405,monoamb,bajo,15.0,Parque Chas,1,31.0,1.0878932805539632,1.7473334373675675,0.0016924644253836,0.3560200247570848,0.3145034612612011,alta,0,2,0.0726624734591183,-0.0018485943782387,-0.7988874096422618,-0.2542201138661903
2916.6666666666665,0.0540841007767077,0.0185770923786487,18.489722222222223,-0.0459158992232922,monoamb,bajo,15.0,Parque Chas,3,36.0,0.6409263360076803,1.2747833682372594,0.0016924644253836,0.3560200247570848,0.3145034612612011,media,0,2,1.1060465838566578,-0.5806689549512967,-0.5561322504287166,-0.5785446228585782
1833.3333333333333,0.0898458453642965,0.0513586915839385,11.130175201149424,-0.0101541546357034,2A,alto,1.0,San Nicolas,2,30.0,0.3360052440569069,2.4243766586207904,0.0018408245339653,1.3599759089981835,0.497858621461092,alta,0,1,-1.1891989250739936,-1.0254705677325024,1.3551957311609844,-0.8427247915220423
3100.0,0.038476808081484,0.004270407408027,25.989681833333336,-0.0615231919185159,2A,alto,6.0,Caballito,6,50.0,0.9523520057024124,1.4736610930544762,0.0014709557236647,0.6815238874122538,0.2822013725531903,alta,0,2,1.590769979605114,-0.2725669356359276,-0.0391803398936692,-0.8908389791025988
3325.0,0.0533826105677589,0.0179340596871123,18.732691964,-0.046617389432241,2A,medio,12.0,Villa Urquiza,3,36.0,0.8640884956955993,2.186566093079571,0.0016590377581003,0.4997101681025006,0.2333980703538691,alta,0,2,1.1996532830179203,-0.0043170643087395,-0.2089408794898583,-0.6695114880817241
1833.3333333333333,0.0898458453642965,0.0513586915839385,11.130175201149424,-0.0101541546357034,2A,alto,1.0,San Nicolas,2,30.0,0.3360052440569069,2.4243766586207904,0.0018408245339653,1.3599759089981835,0.497858621461092,alta,0,1,-1.1891989250739936,-1.0254705677325024,1.3551957311609844,-0.8427247915220423
3030.3030303030305,0.0315490587864128,-0.0020800294457882,31.696666666666665,-0.0684509412135871,4+A,alto,1.0,San Nicolas,1,198.0,0.167287950526813,1.3246722682785956,0.0018408245339653,1.3599759089981835,0.497858621461092,alta,0,1,0.0216479848122813,-1.4861516766914131,1.9563828668792,2.377856502776836
4603.448275862069,0.0401748314134096,0.0058269287956255,24.89120588235294,-0.0598251685865903,3A,bajo,14.0,Palermo,6,58.0,0.560008425096974,0.5385074343061467,0.0020354411558041,0.3173293561387364,0.7185047022536231,alta,0,2,3.501317061519276,-1.1868450805893116,0.0351994782544412,-0.9142053469059116
3536.5853658536585,0.0440682654135224,0.0093959099623955,22.69206628888889,-0.0559317345864776,2A,medio,12.0,Villa Urquiza,3,41.0,0.8640884956955993,2.186566093079571,0.0016590377581003,0.4997101681025006,0.2333980703538691,alta,0,2,1.4287663203077072,0.0397109822944396,-0.1365630445871261,-0.5688002696618156
3100.0,0.038476808081484,0.004270407408027,25.989681833333336,-0.0615231919185159,2A,alto,6.0,Caballito,6,50.0,0.9523520057024124,1.4736610930544762,0.0014709557236647,0.6815238874122538,0.2822013725531903,alta,0,2,1.590769979605114,-0.2725669356359276,-0.0391803398936692,-0.8908389791025988
3414.634146341464,0.0456421320354339,0.010838621032481,21.90958124444445,-0.054357867964566,2A,medio,12.0,Villa Urquiza,3,41.0,0.8640884956955993,2.186566093079571,0.0016590377581003,0.4997101681025006,0.2333980703538691,alta,0,2,1.328011604039803,0.0266434626178664,-0.1528705633486854,-0.5613519620934815
3382.3529411764707,0.0518600456750437,0.0165383752021234,19.282667166666663,-0.0481399543249562,2A,medio,12.0,Villa Urquiza,2,34.0,1.4785074828106872,2.710801699828884,0.0016590377581003,0.4997101681025006,0.2333980703538691,media,0,2,0.981109586730422,0.7618835932854902,-0.3772220479236587,-0.4815493649354794
1612.1495327102805,0.1012505653655616,0.0618130182517648,9.876488060975609,0.0012505653655616,3A,alto,3.0,San Cristobal,2,42.8,0.2565017188106509,1.2386849409625442,0.0010344625327268,0.9331491918927998,0.3306390495886265,media,0,1,-1.5507351236954934,-0.6541358347398476,0.0822421992959602,-0.5725520707566226
3452.2439585730726,0.0496992104385836,0.0145576095687016,20.121044,-0.0503007895614164,2A,bajo,14.0,Palermo,1,34.76,1.3757976639779017,1.421223150073197,0.0020354411558041,0.3173293561387364,0.7185047022536231,alta,0,2,1.30911016964741,-0.0198067521372873,-0.4573993791921963,-0.261938748966013
3070.9552287053502,0.0582938107399928,0.0224359931783267,17.154479820512822,-0.0417061892600072,3A,alto,6.0,Caballito,1,61.87,0.1387341284398618,0.9142685992454505,0.0014709557236647,0.6815238874122538,0.2822013725531903,media,0,2,0.2178503108800181,-1.0147198079460258,0.0012605758873434,0.0836120269379702
2900.0,0.0544052659426202,0.0188714937807352,18.380573694,-0.0455947340573797,monoamb,alto,1.0,Monserrat,4,27.0,0.0310061225913953,1.235545387745783,0.0018408245339653,1.3599759089981835,0.497858621461092,alta,0,1,0.4002381069495091,-1.7547603248929575,1.3730880689863063,-1.172173562366783
1797.752808988764,0.090703544010937,0.0521449153433589,11.024927536231884,-0.0092964559890629,4+A,bajo,7.0,Parque Chacabuco,2,178.0,0.7288671625607053,1.3321918809965243,0.0007389240721516,0.4306612690454279,0.2791624172439522,media,0,1,-0.96984793661067,0.3244961340891195,-0.38261062721962,1.8444954780819696
1373.8551207327228,0.1642629903867243,0.1195744078544973,6.087798582295989,0.0642629903867243,4+A,alto,6.0,Caballito,2,120.1,0.9523520057024124,1.4736610930544762,0.0014709557236647,0.6815238874122538,0.2822013725531903,media,0,1,-1.5949033161801995,-0.7053171673369432,-0.5516874594931929,0.6879299346324793
1134.6153846153843,0.1184116781393856,0.0775440382944368,8.445112979674796,0.0184116781393856,3A,alto,3.0,San Cristobal,2,52.0,0.2763516911938138,1.6842460739221925,0.0010344625327268,0.9331491918927998,0.3306390495886265,media,0,1,-2.04371364603586,-0.503672767580023,0.1566863920086522,-0.470080699851099
2643.939393939394,0.0596629765015257,0.0236910617930653,16.76081313131313,-0.0403370234984742,4+A,alto,2.0,Recoleta,3,132.0,1.0557770176114831,2.365526013641212,0.0014373274573867,1.0447534381885877,0.3343869191202226,media,0,1,-0.0413700447253046,0.0945123676309728,0.8656956153494554,0.8782852885109421
2142.8571428571427,0.0851986464661433,0.0470987592606313,11.737275666666669,-0.0148013535338566,monoamb,medio,9.0,Liniers,2,21.0,4.788268854196747,3.0132230612722903,0.0005686137567445,0.5253496665574764,0.3428690900660959,media,0,0,-1.0877406056470549,4.408704278887105,-2.279726456066669,-0.4954409711320631
3928.571428571429,0.0473325813700796,0.0123881995892396,21.1270962,-0.0526674186299203,monoamb,alto,2.0,Recoleta,4,25.2,0.1703966799335196,2.240575111650834,0.0014373274573867,1.0447534381885877,0.3343869191202226,alta,0,2,1.1883224845525735,-0.4653687074296103,1.0948090941718038,-1.3245537501215003
3235.294117647059,0.0803066950926873,0.04261447050163,12.452261904761905,-0.0196933049073126,3A,bajo,14.0,Palermo,4,102.0,1.1545685703625932,1.1007842593820825,0.0020354411558041,0.3173293561387364,0.7185047022536231,media,0,2,1.6994883650946575,-0.6358628198104911,-0.2568891460486356,0.2182665434580064
1551.7241379310344,0.0899319046031512,0.0514375792195553,11.119524315789477,-0.0100680953968487,3A,alto,1.0,Constitucion,1,58.0,0.4317738409158876,1.1554490545676697,0.0018408245339653,1.3599759089981835,0.497858621461092,alta,0,1,-1.5781324246626098,-1.6101935497198534,0.8966654511669548,-0.0309178105878179
4206.907840890489,0.0392828747535101,0.0050093018573843,25.456385416666667,-0.0607171252464898,3A,bajo,15.0,Chacarita,2,61.09,0.895768212344479,0.5295430794852231,0.0016924644253836,0.3560200247570848,0.3145034612612011,alta,0,2,1.9507421116591408,-0.6276718582794251,-0.7340746585191216,0.041475728713652
1833.3333333333333,0.0743551823704523,0.0371589171729146,13.448961701388887,-0.0256448176295476,3A,alto,1.0,San Nicolas,1,90.0,0.2014715585503448,2.789439988893598,0.0018408245339653,1.3599759089981835,0.497858621461092,alta,0,1,-1.2947188205307314,-0.8648151010257144,1.80395161512352,0.3784913391162315
2222.222222222222,0.0709988720551194,0.0340822993838594,14.084730800000004,-0.0290011279448805,monoamb,alto,1.0,Retiro,1,27.0,0.1938275570706203,2.7196202816534494,0.0018408245339653,1.3599759089981835,0.497858621461092,alta,0,1,-1.0170779027267505,-0.8362329227577395,1.601354303626496,-0.7175115636279156
2065.217391304348,0.0636747778852229,0.0273685463947876,15.70480546948357,-0.0363252221147771,2A,bajo,7.0,Parque Chacabuco,1,46.0,0.9235462150374192,1.6928988404127063,0.0007389240721516,0.4306612690454279,0.2791624172439522,alta,0,0,-0.8950231785017548,0.8832017768596032,-0.735653200569158,-0.1312310133561498
2777.777777777778,0.0624790074085051,0.0262724234577963,16.00537590909091,-0.0375209925914949,monoamb,alto,2.0,Recoleta,2,27.0,0.8021614883304461,2.3056650464871926,0.0014373274573867,1.0447534381885877,0.3343869191202226,alta,0,1,-0.2637080122121347,-0.0195999021861004,0.5698481893285601,-0.7782483739819096
1397.8296854883208,0.1048167558497947,0.0650820261956452,9.540459365418894,0.0048167558497947,3A,bajo,7.0,Flores,1,54.37,2.8940018357641595,1.2516996386911634,0.0007389240721516,0.4306612690454279,0.2791624172439522,media,0,0,-1.696846863752317,1.866699079482507,-2.133135803968816,0.2120323645150889
2000.363702491362,0.0619626519753769,0.0257990976440955,16.13875404166667,-0.038037348024623,3A,medio,11.0,Villa Del Parque,1,54.99,0.1780922560066532,3.278303139273657,0.0010693665978338,0.579459732816385,2.659087709873237,media,0,3,-0.9804247482433888,1.8892109076648345,3.2123260749052216,-0.9458186181668036
2172.4137931034484,0.0405707840314968,0.0061898853622054,24.6482789,-0.0594292159685031,monoamb,medio,12.0,Villa Pueyrredon,2,58.0,1.58120710171684,2.824744777737754,0.0016590377581003,0.4997101681025006,0.2333980703538691,alta,0,0,0.2001129287785901,0.8505326710344014,-0.3601057090731391,0.1214930045065292
2058.823529411765,0.1338835873039395,0.0917266216952778,7.469175424242425,0.0338835873039395,3A,alto,6.0,Caballito,2,34.0,1.064729605801446,0.3268078423293709,0.0014709557236647,0.6815238874122538,0.2822013725531903,alta,0,1,-0.8630718116748446,-1.02415697492197,-1.155189894547833,-0.6101444615341424
2950.8196721311474,0.0595926665965576,0.0236266110468445,16.78058823529412,-0.0404073334034423,3A,bajo,14.0,Palermo,2,61.0,0.7955458847136325,1.2274785218018391,0.0020354411558041,0.3173293561387364,0.7185047022536231,alta,0,2,1.1400919521730013,-0.6595643182206323,-0.1716651915058097,-0.0459576769585719
1869.047619047619,0.0759733153201278,0.0386422057101171,13.162516283333334,-0.0240266846798722,2A,alto,5.0,Almagro,2,42.0,0.3706680038582169,1.1139230701542364,0.0013072260551381,0.7262366972989581,0.8153691824811038,alta,0,1,-0.7598537013195672,-0.4826126225483413,0.3889414137134507,-0.566186762176888
1904.7619047619048,0.0621240130482295,0.025947011960877,16.096835199999997,-0.0378759869517704,3A,alto,3.0,Balvanera,2,63.0,0.2117317881521626,2.738836584933919,0.0010344625327268,0.9331491918927998,0.3306390495886265,media,0,1,-1.0772719514560656,0.2475295738351889,0.8942093366721415,-0.2258211489365534
3170.731707317073,0.0409608877241073,0.006547480413765,24.413533386666664,-0.0590391122758926,monoamb,medio,12.0,Villa Urquiza,2,41.0,0.9302566054883982,2.114727285269248,0.0016590377581003,0.4997101681025006,0.2333980703538691,media,0,2,0.9439969925670372,0.0816133877924415,-0.2466930944972222,-0.313705472985603
3750.0,0.055120194661319,0.0195268451062091,18.14217105263158,-0.0448798053386809,4+A,bajo,14.0,Palermo,2,116.0,0.5363911729902882,1.0031049730094093,0.0020354411558041,0.3173293561387364,0.7185047022536231,alta,0,2,1.7942390926691476,-0.9284892411394836,0.1685431181691834,0.7978365109224759
1939.3939393939395,0.0647882457220978,0.0283892252452563,15.434898550724638,-0.0352117542779021,4+A,bajo,7.0,Flores,1,231.0,1.8808600330598664,1.2383493162013175,0.0007389240721516,0.4306612690454279,0.2791624172439522,media,0,0,-0.8878837760110286,1.2161396207520343,-0.7569990331268124,3.1874802523686
2148.7603305785124,0.0728055202763374,0.0357383935866426,13.735222222222225,-0.0271944797236626,4+A,alto,1.0,Retiro,2,121.0,0.6407496637624972,2.8097549471934844,0.0018408245339653,1.3599759089981835,0.497858621461092,alta,0,1,-0.7958043873921521,-0.5752542747536581,1.7518547358840963,0.7484101775181194
2968.8273132112813,0.0567990976440955,0.0210658395070875,17.6059135,-0.0432009023559044,3A,alto,2.0,Recoleta,2,60.63,0.0642048997390249,2.0806877264507726,0.0014373274573867,1.0447534381885877,0.3343869191202226,media,0,1,-0.0482500150349227,-0.6514366619250402,1.0429324586009183,-0.2850573446423862
2047.2196334265304,0.0581781349161828,0.0223299570065009,17.188588142962963,-0.0418218650838171,monoamb,medio,9.0,Parque Avellaneda,1,32.19,3.0761701541237723,0.6280023258165098,0.0005686137567445,0.5253496665574764,0.3428690900660959,media,0,0,-1.080888868524368,2.067264823174145,-2.1100340805630555,-0.0215989323984916
1937.4068554396424,0.0561749317359186,0.0204936874245921,17.80153476111111,-0.0438250682640813,2A,medio,9.0,Parque Avellaneda,1,46.97,3.0761701541237723,0.6280023258165098,0.0005686137567445,0.5253496665574764,0.3428690900660959,media,0,0,-1.136961052219308,2.059832665195564,-2.0578920962175347,0.2510244113967487
2775.963422599608,0.0631472320866709,0.026884962746115,15.83600685185185,-0.036852767913329,monoamb,bajo,13.0,Nuñez,3,30.62,1.217937178731747,2.246673186055828,0.001811257462251,0.3242107629327673,0.3362126271488234,alta,0,2,1.0113620025538508,0.1925478195629148,-0.5899241958832429,-0.6810826016503878
3048.7804878048782,0.0501168508624372,0.0149404466239008,19.953368633333334,-0.0498831491375627,3A,medio,11.0,Villa Devoto,2,55.76,1.4400649275551354,4.6270842656765545,0.0010693665978338,0.579459732816385,2.659087709873237,alta,0,3,0.0576201344219883,3.5598775210009306,3.188178646922188,-1.1318741746609795
2758.8888888888887,0.0629067734680881,0.0266645423457474,15.896539352909093,-0.0370932265319119,monoamb,bajo,15.0,Villa Crespo,4,27.0,0.5090738413623689,1.2764552406988476,0.0016924644253836,0.3560200247570848,0.3145034612612011,alta,0,2,1.164815506772687,-0.7535176218175746,-0.5343587092695451,-0.952858636582527
3546.3756819953232,0.0608561760472452,0.0247848280433081,16.432185933333333,-0.0391438239527547,monoamb,bajo,14.0,Palermo,4,25.66,0.4916302501357701,1.4397187645511025,0.0020354411558041,0.3173293561387364,0.7185047022536231,alta,0,2,2.0299225985139766,-0.8006580929637759,0.0456293118567197,-1.1475723412962
1666.6666666666667,0.0788726469660321,0.0412999263855295,12.678666666666668,-0.0211273530339678,4+A,alto,1.0,Monserrat,2,144.0,0.3459339638585159,2.0544822839118915,0.0018408245339653,1.3599759089981835,0.497858621461092,alta,0,1,-1.1497337310924256,-1.2446932478299266,1.6583648743038546,1.1932193886886988
2763.157894736842,0.0608566320628577,0.0247852460576196,16.432062802409398,-0.0391433679371422,2A,alto,2.0,Recoleta,3,38.0,0.2867140104749986,2.7608179789318656,0.0014373274573867,1.0447534381885877,0.3343869191202226,alta,0,1,-0.0225998561530934,-0.1940889860785903,1.0837806837192652,-0.874034957300768
2094.5945945945946,0.0714569292941847,0.034502185186336,13.994444064102565,-0.0285430707058152,monoamb,medio,11.0,Villa Gral. Mitre,1,37.0,1.7885848964739024,1.7272435611618344,0.0010693665978338,0.579459732816385,2.659087709873237,media,0,3,-0.9508023709299468,2.211424450557862,1.7034798795857455,-0.9562471136215316
1655.3406516814775,0.089682785753835,0.0512092202743488,11.150411883333334,-0.0103172142461649,3A,medio,11.0,Villa Del Parque,1,57.39,0.3777130359610738,3.564864489243376,0.0010693665978338,0.579459732816385,2.659087709873237,alta,0,3,-1.4592667560499195,2.0581728997424342,3.0786075393958785,-0.9828445227852846
3178.183309411523,0.0412251515158757,0.0067897222228861,24.25703637777778,-0.0587748484841242,2A,medio,12.0,Villa Pueyrredon,1,48.77,1.9116181664905827,3.1807929816299256,0.0016590377581003,0.4997101681025006,0.2333980703538691,alta,0,0,0.6569017542630867,1.3784877166623133,-0.3931802660611814,0.0418472144367006
1946.597760551249,0.0659724032370578,0.029474702967303,15.157853146666666,-0.0340275967629421,3A,alto,3.0,San Cristobal,2,58.05,0.5089028902793887,1.2333996192888677,0.0010344625327268,0.9331491918927998,0.3306390495886265,media,0,1,-1.0252958501020208,-0.335501295244225,0.1678497689865716,-0.1645234269688516
2645.1505573115955,0.0482256489430999,0.0132068448645083,20.73585367777778,-0.0517743510569,3A,bajo,7.0,Flores,1,60.11,2.0276928682177484,1.7593234612482291,0.0007389240721516,0.4306612690454279,0.2791624172439522,alta,0,0,-0.3575779907333163,1.7912062036465013,-1.1414415370361544,0.250620953474366
3266.6666666666665,0.0452074450636678,0.0104401579750288,22.120250294871795,-0.0547925549363321,3A,alto,6.0,Caballito,1,75.0,0.2471702678962422,0.6647476931431171,0.0014709557236647,0.6815238874122538,0.2822013725531903,media,0,2,0.4778899131556403,-1.0151642204805733,-0.0305092968740009,0.3763567575011313
2326.951399116348,0.0647078327590962,0.0283155133625048,15.454079627777777,-0.0352921672409038,3A,alto,2.0,Recoleta,2,67.9,0.0981460913620368,1.9815437179209496,0.0014373274573867,1.0447534381885877,0.3343869191202226,media,0,1,-0.5683051379775813,-0.7504101792270287,0.9312390099696491,-0.107823577805519
1900.0,0.071746228603068,0.034767376219479,13.938014854166669,-0.0282537713969319,3A,alto,5.0,Almagro,2,50.0,0.8637925417098066,1.9682449658352568,0.0013072260551381,0.7262366972989581,0.8153691824811038,media,0,1,-0.7363987855522833,0.3294896671748494,0.4791658142486278,-0.4213148597165088
2004.5101478326235,0.0789862451613203,0.0414040580645436,12.66043217977528,-0.0210137548386796,4+A,bajo,15.0,Villa Crespo,1,119.73,0.3334520979938629,1.2973025953989108,0.0016924644253836,0.3560200247570848,0.3145034612612011,media,0,1,-0.1968386763632162,-0.8959164379185776,-0.3183653077900912,1.1657771843438514
785.7142857142857,0.120827171351985,0.0797582404059863,8.276284123931623,0.020827171351985,3A,medio,4.0,Barracas,2,70.0,1.122911170627604,2.295355566982162,0.0003390684780865,0.6643909367912209,0.3621231466264265,media,0,0,-2.588315870321473,1.3673871716545087,-0.4664644360137389,-0.1544062577108531
2811.5942028985505,0.0395251452677984,0.0052313831621485,25.30034977037037,-0.0604748547322015,3A,bajo,7.0,Flores,3,69.0,2.345017168170757,1.721795884479064,0.0007389240721516,0.4306612690454279,0.2791624172439522,alta,0,0,0.3270552224634501,1.9502442156892108,-1.181642894253923,0.0986071261603963
937.007874015748,0.1590708846373758,0.1148149775842611,6.286505555555555,0.0590708846373758,4+A,alto,1.0,Constitucion,2,127.0,0.2370564032717822,0.8331626664611549,0.0018408245339653,1.3599759089981835,0.497858621461092,alta,0,1,-2.269875691715669,-2.289013656448608,0.8409540683838449,0.7287337495505457
1889.5653999580093,0.0913518820442536,0.0527392252072325,10.946681968911918,-0.0086481179557463,3A,alto,2.0,Recoleta,1,47.63,0.5757264469997743,2.991399678078759,0.0014373274573867,1.0447534381885877,0.3343869191202226,media,0,1,-1.3933992227957828,0.0489871662130815,0.7913504551950152,-0.3543386601222303
2042.4836601307188,0.0851986464661433,0.0470987592606313,11.737275666666669,-0.0148013535338566,monoamb,alto,5.0,Almagro,2,24.48,0.2670758830111516,2.0078018656492795,0.0013072260551381,0.7262366972989581,0.8153691824811038,alta,0,1,-0.7487186684844453,-0.1032805390468337,0.6783980542515313,-1.0137132250111205
3749.448610498456,0.0492815700147299,0.0141747725135024,20.291561322033896,-0.05071842998527,2A,bajo,14.0,Palermo,1,68.01,0.1553959267799543,1.48884594204453,0.0020354411558041,0.3173293561387364,0.7185047022536231,media,0,2,1.5529581791175,-0.856542663843293,0.3644098458567151,0.0997863005963314
3658.179689786362,0.0443032961623945,0.0096113548155283,22.571683974358976,-0.0556967038376054,monoamb,bajo,14.0,Palermo,1,34.17,0.1553959267799543,1.48884594204453,0.0020354411558041,0.3173293561387364,0.7185047022536231,alta,0,2,1.5079645848744347,-0.8249801456825698,0.2545605118633967,-0.4424498074623117
3631.578947368421,0.0420945083438739,0.0075866326485511,23.75606793719759,-0.057905491656126,2A,alto,2.0,Recoleta,5,41.8,2.4303610332756898,1.6395378884650298,0.0014373274573867,1.0447534381885877,0.3343869191202226,alta,0,2,1.2730392484447697,0.7866508194342222,-0.2393288006617539,-0.813847160729872
2513.312034078808,0.0592058390696928,0.0232720191472184,16.890225959349593,-0.0407941609303071,3A,alto,3.0,San Cristobal,2,46.95,0.3520660469479286,1.4263675835481415,0.0010344625327268,0.9331491918927998,0.3306390495886265,media,0,1,-0.5732452777653995,-0.2819611208647313,0.3541483879836867,-0.4274094273513684
2778.8980716253445,0.0633453465210138,0.0270665676442626,15.786479274657776,-0.0366546534789861,2A,bajo,15.0,Villa Crespo,4,36.3,0.5090738413623689,1.2764552406988476,0.0016924644253836,0.3560200247570848,0.3145034612612011,alta,0,2,1.180796802762508,-0.7590883211389355,-0.5009098733135192,-0.7991886368197901
2027.027027027027,0.0738388269373242,0.0366855913592138,13.543010384615386,-0.0261611730626757,2A,medio,10.0,Velez Sarsfield,2,37.0,3.6971454422100254,0.2125371234308755,0.0007950753514594,0.4818638493693606,0.3093771634352494,alta,0,0,-0.7397994147434225,1.9355440465667584,-2.678301821390035,-0.0177618086998971
1545.4545454545455,0.1033660049037768,0.0637521711617954,9.67436054949495,0.0033660049037768,3A,alto,6.0,Caballito,2,44.0,1.1013216398336405,0.7905398340509817,0.0014709557236647,0.6815238874122538,0.2822013725531903,media,0,1,-1.008313069506411,-0.6800590726777208,-0.8945637421017264,-0.2811437948950882
1718.75,0.0774533149692211,0.0399988720551194,12.911003233333336,-0.0225466850307788,2A,medio,4.0,Barracas,2,32.0,0.6440962488990605,0.3937720062978537,0.0003390684780865,0.6643909367912209,0.3621231466264265,media,0,1,-1.5158311416183736,0.2670331578981217,-0.7787522911460965,-0.6238785386161071
2059.256146249212,0.0556399323860527,0.0200032713538817,17.97270336458333,-0.0443600676139472,2A,medio,4.0,Barracas,1,47.59,1.3409029382919502,1.3662459307935353,0.0003390684780865,0.6643909367912209,0.3621231466264265,alta,0,0,-1.378224771239292,1.4079701087524354,-0.6636767587478221,-0.108671842104625
2201.974183750949,0.0653679270300582,0.0289205997775533,15.298022217228464,-0.0346320729699417,4+A,bajo,15.0,Paternal,1,131.7,0.9785013354489704,0.9850841050429152,0.0016924644253836,0.3560200247570848,0.3145034612612011,media,0,2,0.0659634531026973,-0.5425933963504905,-0.660961425817816,1.5184087413646228
2880.4347826086955,0.0547644039311317,0.0192007036035374,18.26003623188405,-0.0452355960688682,3A,bajo,13.0,Belgrano,1,92.0,0.8438850576553932,1.7387463774637415,0.001811257462251,0.3242107629327673,0.3362126271488234,alta,0,2,0.7154172022233797,-0.2522874861976012,-0.3710394825261354,0.7454028720448074
2352.9411764705883,0.0591544852245241,0.0232249447891471,16.904888888888888,-0.0408455147754758,4+A,alto,1.0,Retiro,3,136.0,0.2289778694926859,2.335246639914138,0.0018408245339653,1.3599759089981835,0.497858621461092,alta,0,1,-0.2652900309094016,-1.1064621594339803,1.9582610006987973,0.8397748058416482
2034.4827586206893,0.072202242767918,0.0351853892039248,13.849985286666668,-0.0277977572320819,3A,medio,11.0,Villa Del Parque,1,58.0,1.1428742635160354,2.815527190272851,0.0010693665978338,0.579459732816385,2.659087709873237,alta,0,3,-1.0249294917152556,2.3003065158215965,2.5049899147168007,-0.7745461071953654
2521.8462260278,0.0557611271573808,0.0201143665609324,17.933640350877194,-0.0442388728426191,4+A,bajo,14.0,Palermo,2,170.51,1.781523187977685,1.1636191846662791,0.0020354411558041,0.3173293561387364,0.7185047022536231,alta,0,2,0.9113470955117154,-0.0600773560801412,-0.3463297314250119,2.0188186087940387
2871.8703976435936,0.0618964525608733,0.0257384148474672,16.15601474117647,-0.0381035474391266,2A,bajo,13.0,Nuñez,2,40.74,1.7253956932911356,2.5908924459973868,0.001811257462251,0.3242107629327673,0.3362126271488234,alta,0,2,0.8327343507828088,0.7827497533472221,-0.7196358914962026,-0.2922005028611951
1941.176470588236,0.1368858253222703,0.0944786732120811,7.305358298755185,0.0368858253222703,4+A,alto,6.0,Caballito,1,102.0,1.3903503970113966,0.6200734793908448,0.0014709557236647,0.6815238874122538,0.2822013725531903,media,0,1,-1.195845631547453,-0.6511392946460469,-1.031831416414115,0.7480084370335031
2772.7272727272725,0.0523762170898422,0.0170115323323553,19.09263508444445,-0.0476237829101578,2A,bajo,15.0,Villa Crespo,1,44.0,0.2496936165372804,0.655218272041419,0.0016924644253836,0.3560200247570848,0.3145034612612011,alta,0,2,0.5537851689768889,-1.105846302030968,-0.6073862559441947,-0.0514057091155819
1931.330472103004,0.0420654117152171,0.007559960738949,23.7725,-0.0579345882847828,4+A,alto,1.0,Retiro,1,233.0,0.5260095842991385,2.4509281865631616,0.0018408245339653,1.3599759089981835,0.497858621461092,alta,0,1,-0.8845846615284888,-0.7647226607297745,2.161174198044554,3.008515877835517
3134.328358208956,0.0721121343689437,0.0351027898381983,13.867291666666668,-0.0278878656310563,4+A,bajo,13.0,Belgrano,1,134.0,2.665888484559913,2.348019369529655,0.001811257462251,0.3242107629327673,0.3362126271488234,alta,0,0,0.7474474064074866,1.297688138479845,-1.0222350865981595,1.5467916457306992
4927.975739196361,0.0316218053230108,-0.0020133451205733,31.623747910189984,-0.0683781946769891,3A,alto,2.0,Recoleta,1,52.76,1.433951078964411,1.7399073991389646,0.0014373274573867,1.0447534381885877,0.3343869191202226,media,0,2,1.3208243404176878,0.4067686885786627,0.3918469903757613,-0.1421930756739147
1247.5,0.1109802008076015,0.0707318507403013,9.010616242564105,0.0109802008076015,2A,medio,10.0,Monte Castro,1,40.0,1.8130300606242016,3.3518679407680594,0.0007950753514594,0.4818638493693606,0.3093771634352494,alta,0,0,-1.9439619444192708,2.0866370001357364,-0.7821274013277945,-0.3721764867465333
1896.8133535660093,0.1022383757593719,0.0627185111127576,9.781063055555556,0.0022383757593719,2A,bajo,14.0,Palermo,1,39.54,0.2196882461453602,1.025290256945706,0.0020354411558041,0.3173293561387364,0.7185047022536231,alta,0,1,-0.2036497637445811,-1.341990717262632,-0.3009509147344496,-0.3494888480622126
2129.6296296296296,0.0555643346518325,0.0199339734308465,17.997156022222224,-0.0444356653481674,2A,medio,12.0,Villa Urquiza,1,54.0,1.4015373119015433,2.293124629403949,0.0016590377581003,0.4997101681025006,0.2333980703538691,alta,0,0,-0.1751842974567475,0.4315202013920711,-0.5626903229453416,0.1975115421985097
2117.6470588235293,0.0841308234304343,0.0461199214778981,11.88625,-0.0158691765695656,4+A,alto,2.0,Recoleta,2,85.0,0.3745329727043835,3.0490526540678675,0.0014373274573867,1.0447534381885877,0.3343869191202226,media,0,1,-0.90604708260024,-0.0880389753721945,1.1327254538073306,0.0694525532221898
1812.5,0.104438263568815,0.0647350749380804,9.575034722222222,0.004438263568815,3A,medio,12.0,Villa Urquiza,1,80.0,1.4015373119015433,2.293124629403949,0.0016590377581003,0.4997101681025006,0.2333980703538691,media,0,1,-0.7748265875344496,0.218978575830729,-0.6885894384287367,0.4630339327792807
2263.157894736842,0.0673663716243924,0.0307525073223596,14.844201578431374,-0.0326336283756076,4+A,medio,12.0,Villa Urquiza,1,95.0,1.4015373119015433,2.293124629403949,0.0016590377581003,0.4997101681025006,0.2333980703538691,media,0,0,-0.1493135755406097,0.3735032305197127,-0.4505403224573048,0.8266062554291728
2167.10182767624,0.0228065485202984,-0.0100939971897264,43.84705555555556,-0.0771934514797015,4+A,alto,1.0,San Nicolas,4,383.0,0.3070051914421415,3.0612025981218425,0.0018408245339653,1.3599759089981835,0.497858621461092,alta,0,1,0.2338158320737219,-0.7288565959901403,3.226325477179088,4.980299158767333
4212.454212454212,0.0481557566982549,0.0131427769734003,20.76594925641026,-0.051844243301745,monoamb,bajo,14.0,Palermo,4,27.3,0.291676390865619,1.1634775945351217,0.0020354411558041,0.3173293561387364,0.7185047022536231,alta,0,2,2.6253994431938,-1.0025414949877345,0.1648687671300468,-1.1460719452502524
2458.1555628487035,0.0625624239738035,0.0263488886426532,15.984035407878787,-0.0374375760261965,monoamb,alto,2.0,Recoleta,1,30.47,1.341406794867552,2.0330695358181456,0.0014373274573867,1.0447534381885877,0.3343869191202226,alta,0,1,-0.7344882775016999,0.2449218386017335,0.1391011986866612,-0.4029945813767639
4113.18553092182,0.0380674803359363,0.0038951903079416,26.26914077777777,-0.0619325196640636,monoamb,bajo,13.0,Colegiales,5,34.28,0.6885599945426139,0.6635921476210801,0.001811257462251,0.3242107629327673,0.3362126271488234,alta,0,2,2.73591759775788,-0.9287495557220988,-0.5877921864832093,-0.9712917508387884
2580.6451612903224,0.0692239002537414,0.0324552418992629,14.445877743589744,-0.0307760997462585,2A,bajo,13.0,Nuñez,1,31.0,1.63841345436871,2.6710576001574893,0.001811257462251,0.3242107629327673,0.3362126271488234,media,0,0,0.3105560554281458,0.766168079621781,-0.7639209780663718,-0.2902283975127711
3296.08938547486,0.0513340617541633,0.0160562232746497,19.480243055555555,-0.0486659382458366,4+A,bajo,13.0,Belgrano,2,179.0,2.055036572254299,2.765469082562489,0.001811257462251,0.3242107629327673,0.3362126271488234,alta,0,2,1.2869186060868345,1.0971520262693566,-0.2578673392857391,2.0816130920040905
3238.095238095238,0.0445398476984652,0.0098281937235931,22.45180555555556,-0.0554601523015347,4+A,bajo,13.0,Belgrano,3,210.0,1.0365369913384157,1.9130343015124425,0.001811257462251,0.3242107629327673,0.3362126271488234,alta,0,2,1.601342554339663,-0.1152494137179521,0.1462564835625478,2.3958436315939315
2518.5185185185187,0.0626460635780465,0.026425558279876,15.962694906666668,-0.0373539364219534,monoamb,alto,3.0,San Cristobal,3,27.0,0.7411591674208712,1.2387625146271564,0.0010344625327268,0.9331491918927998,0.3306390495886265,alta,0,1,-0.3570343205953945,-0.1455386975196747,0.0254413830691452,-0.8972750164924091
1447.8260869565215,0.0767555373568858,0.0393592425771453,13.02837599,-0.0232444626431141,3A,bajo,7.0,Flores,1,69.0,1.7017585758095626,1.4117177139222403,0.0007389240721516,0.4306612690454279,0.2791624172439522,alta,0,0,-1.4288686403513209,1.1952466184462185,-1.271491590541297,0.4031662703128346
2545.356079068508,0.0644406307126731,0.0280705781532836,15.518159722222222,-0.0355593692873269,4+A,bajo,13.0,Belgrano,3,184.65,0.8027453626418523,1.78530662857779,0.001811257462251,0.3242107629327673,0.3362126271488234,alta,0,2,0.9363656411916964,-0.4495635745779744,-0.0019942309156072,1.9391770697373465
2690.4761904761904,0.0678573290438309,0.0312025516235117,14.73680167037037,-0.032142670956169,2A,bajo,14.0,Palermo,1,42.0,0.2766755962627039,1.3026654704478875,0.0020354411558041,0.3173293561387364,0.7185047022536231,alta,0,2,0.631811305188466,-0.9841216347496244,-0.02169942339417,-0.2666239174813944
1896.2848297213625,0.1130186126591697,0.0726003949375722,8.848100117948718,0.0130186126591697,monoamb,bajo,14.0,Palermo,1,25.84,0.7411536483090648,1.4755278304968087,0.0020354411558041,0.3173293561387364,0.7185047022536231,alta,0,1,-0.3172031317126627,-0.7656378265373482,-0.5105249487766401,-0.5969815925499439
1368.75,0.0865602686699401,0.0483469129474451,11.552644364044944,-0.0134397313300598,4+A,bajo,15.0,Villa Crespo,2,160.0,0.3224973809586275,0.9825437696266212,0.0016924644253836,0.3560200247570848,0.3145034612612011,media,0,1,-0.4377556990680732,-1.1990272051531945,-0.3311556176229668,1.7326934152146236
1896.2848297213625,0.1130186126591697,0.0726003949375722,8.848100117948718,0.0130186126591697,monoamb,bajo,14.0,Palermo,1,25.84,0.7411536483090648,1.4755278304968087,0.0020354411558041,0.3173293561387364,0.7185047022536231,alta,0,1,-0.3172031317126627,-0.7656378265373482,-0.5105249487766401,-0.5969815925499439
2363.6363636363635,0.0819217754482147,0.0440949608275301,12.206766693333334,-0.0180782245517852,monoamb,alto,1.0,San Nicolas,1,22.0,0.5202475589743252,1.6050091839678549,0.0018408245339653,1.3599759089981835,0.497858621461092,alta,0,1,-0.9634720575280632,-1.2140387457322466,0.979121692067506,-0.7286765655879156
3157.565789473684,0.0532547014060693,0.0178168096222302,18.77768485405556,-0.0467452985939306,monoamb,medio,12.0,Villa Urquiza,1,30.4,0.215014383516258,1.3609353549394323,0.0016590377581003,0.4997101681025006,0.2333980703538691,alta,0,2,0.620695726621155,-0.8212661157053142,-0.2534231680722085,-0.3947479937058862
3843.75,0.0401749715043602,0.0058270572123302,24.8911190862069,-0.0598250284956397,2A,alto,1.0,Monserrat,2,32.0,0.5371097699506605,1.0840597310712738,0.0018408245339653,1.3599759089981835,0.497858621461092,alta,0,2,0.7080178294525562,-1.2808004679916756,1.1387091396170994,-0.6878397782097099
2696.348314606741,0.0554736472979889,0.0198508433564898,18.02657745989333,-0.044526352702011,monoamb,medio,12.0,Villa Urquiza,2,35.6,0.215014383516258,1.3609353549394323,0.0016590377581003,0.4997101681025006,0.2333980703538691,media,0,2,0.5177923662061079,-0.9025128630355194,-0.2503831945187065,-0.4456117455653204
2905.4054054054054,0.0475527329113358,0.0125900051687244,21.029285569444447,-0.0524472670886642,3A,medio,12.0,Villa Urquiza,3,74.0,0.5278430372175581,1.715064507363345,0.0016590377581003,0.4997101681025006,0.2333980703538691,alta,0,2,0.9819270841299952,-0.5160700994028704,-0.0725511898581921,0.0450683440308592
1747.2510920319326,0.0708764602067485,0.0339700885228528,14.109056759930915,-0.0291235397932514,3A,alto,5.0,Almagro,1,66.39,1.358346366618112,1.3769008488267676,0.0013072260551381,0.7262366972989581,0.8153691824811038,alta,0,1,-1.059476217396696,0.4017777060140359,0.0224948673084942,0.1788137235797203
1679.0772375529275,0.0963115133965098,0.0572855539468006,10.38297462820513,-0.0036884866034901,3A,alto,6.0,Caballito,1,68.49,1.1469548689251494,1.34774547196494,0.0014709557236647,0.6815238874122538,0.2822013725531903,media,0,1,-1.11069432746634,-0.293335511106887,-0.6236934788825074,0.2925645046723228
1750.0,0.0912842640708678,0.0526772420649621,10.954790622222225,-0.0087157359291321,2A,bajo,15.0,Chacarita,2,40.0,0.4856887616583777,0.266156913202988,0.0016924644253836,0.3560200247570848,0.3145034612612011,alta,0,1,-0.2361615506613589,-1.3845858600854437,-1.094183380205401,-0.2880770304528819
950.0,0.1434924572061361,0.1005347524389581,6.969007427083333,0.0434924572061361,2A,medio,4.0,Barracas,2,40.0,2.501712930553694,2.6730152696240714,0.0003390684780865,0.6643909367912209,0.3621231466264265,alta,0,0,-2.6886165381175227,2.494405043283188,-1.251877205082859,-0.6284609419753443
2376.425855513308,0.0681589171729146,0.031479007408505,14.671594583333334,-0.0318410828270853,3A,medio,12.0,Villa Urquiza,1,52.6,0.286466482422888,1.5375289798269085,0.0016590377581003,0.4997101681025006,0.2333980703538691,media,0,1,-0.058047555427196,-0.7915681402066574,-0.2719522394107533,0.0036205851437425
2500.0,0.0715111999158691,0.0345519332562134,13.983823529411763,-0.0284888000841308,3A,bajo,14.0,Palermo,1,60.0,0.452784324487774,0.7317975837638387,0.0020354411558041,0.3173293561387364,0.7185047022536231,alta,0,2,0.4947058503304492,-1.191268975801527,-0.2850682825233654,0.117348436451563
1897.9591836734687,0.0586313266003567,0.0227453827169936,17.055728703125,-0.0413686733996433,2A,medio,4.0,La Boca,4,49.0,1.7860591594077744,1.162827597997843,0.0003390684780865,0.6643909367912209,0.3621231466264265,alta,0,0,-0.7755552222800939,1.4708090655782264,-0.9005570313535968,-0.5526798923581687
1071.428571428571,0.1402180390507238,0.0975332024631635,7.13175,0.0402180390507238,4+A,alto,1.0,San Nicolas,2,126.0,0.5718369804612262,1.9186051092279497,0.0018408245339653,1.3599759089981835,0.497858621461092,alta,0,1,-2.068838999280722,-1.4045965528006163,1.1323108445966048,0.7316246258565658
1071.428571428571,0.1729355814958927,0.1275242830379017,5.7825,0.0729355814958927,3A,alto,1.0,San Nicolas,2,126.0,0.5718369804612262,1.9186051092279497,0.0018408245339653,1.3599759089981835,0.497858621461092,alta,0,1,-2.3255615821911824,-1.5245129302168672,1.0028215439392507,0.5888798795469066
1980.19801980198,0.0876694072136614,0.0493636232791896,11.406487528344671,-0.0123305927863385,2A,alto,1.0,San Nicolas,2,35.35,0.8276870568326541,1.759375691619455,0.0018408245339653,1.3599759089981835,0.497858621461092,alta,0,1,-1.0417504740121426,-1.007505529505179,0.8950493523573373,-0.6373417411650087
3437.5,0.0516355433128141,0.0163325813700796,19.36650485,-0.0483644566871858,3A,bajo,13.0,Belgrano,2,48.0,1.208434509210123,2.1306603113248666,0.001811257462251,0.3242107629327673,0.3362126271488234,alta,0,2,1.3488025173493894,0.2398880630079316,-0.494611645775395,-0.2212210254426183
2187.5,0.0584219290053554,0.0225534349215758,17.11686034722222,-0.0415780709946445,3A,bajo,7.0,Flores,1,80.0,1.843332447938398,1.1855191236013571,0.0007389240721516,0.4306612690454279,0.2791624172439522,media,0,0,-0.735607539779582,1.2836648261347008,-1.254573987123776,0.6212692927377262
2851.851851851852,0.0553237964065865,0.019713480039371,18.07540452666667,-0.0446762035934134,monoamb,alto,1.0,Monserrat,1,27.0,0.0310061225913953,1.235545387745783,0.0018408245339653,1.3599759089981835,0.497858621461092,alta,0,1,-0.3801884096873257,-1.6331378242525283,1.2719028841805635,-0.6196456536144997
2206.6764850270006,0.0592315395343043,0.0232955779064456,16.88289731893333,-0.0407684604656956,monoamb,medio,12.0,Coghlan,3,40.74,0.6380819924416945,1.6859713170667714,0.0016590377581003,0.4997101681025006,0.2333980703538691,media,0,2,0.3663648931121713,-0.5185895595734601,-0.3656898113143316,-0.4714027809893112
2580.6451612903224,0.0670417499211273,0.0304549374277,14.916078431372547,-0.0329582500788726,3A,bajo,14.0,Palermo,2,62.0,0.6537314579605691,1.3860195132598996,0.0020354411558041,0.3173293561387364,0.7185047022536231,alta,0,2,0.8090014268022205,-0.7281624220178508,-0.09575591282028,-0.0504823321075227
2347.826086956522,0.0605515905815432,0.024505624699748,16.514842804225356,-0.0394484094184567,2A,bajo,7.0,Parque Chacabuco,2,42.55,0.8018125640591983,1.1479896623288093,0.0007389240721516,0.4306612690454279,0.2791624172439522,alta,0,0,-0.3997561345777369,0.4990100516726847,-0.8109609222954626,-0.3633668250795503
3024.242424242424,0.0469531618801391,0.0120403983901275,21.29782020969697,-0.0530468381198609,monoamb,medio,11.0,Villa Del Parque,4,33.0,0.2434967556685814,2.9874266526726654,0.0010693665978338,0.579459732816385,2.659087709873237,alta,0,3,0.6167267605451956,1.784607934698718,3.23174816903752,-1.8914829402387097
1159.7151576805695,0.1345802303718487,0.0923652111741946,7.430511875607386,0.0345802303718487,2A,alto,1.0,San Nicolas,1,39.32,0.167287950526813,1.3246722682785956,0.0018408245339653,1.3599759089981835,0.497858621461092,alta,0,1,-2.2267352539048115,-1.8876835708544453,0.8218967328952635,-0.5467844149506431
1783.7837837837835,0.0726584384171932,0.0356035685490938,13.763026315789476,-0.0273415615828067,4+A,bajo,14.0,Palermo,3,185.0,0.7521608221131487,1.5693637503872435,0.0020354411558041,0.3173293561387364,0.7185047022536231,alta,0,2,0.4906634062407245,-0.7411005480885677,0.3038071282208188,1.9214648030134849
707.1547420965059,0.5011685086243725,0.4284044662390081,1.9953368633333333,0.4011685086243725,monoamb,alto,1.0,San Nicolas,3,12.02,0.3866490559361623,2.267295351932064,0.0018408245339653,1.3599759089981835,0.497858621461092,alta,0,1,-4.99097104335941,-2.678966092544499,-0.4826252867247665,-2.973998449493163
3750.0,0.0367523572991206,0.0026896608575272,27.209139045454545,-0.0632476427008793,monoamb,medio,11.0,Villa Del Parque,3,34.0,0.3429503281962001,3.377462341185601,0.0010693665978338,0.579459732816385,2.659087709873237,alta,0,3,0.96174008124538,2.182473169884448,3.390829533797234,-1.7511086269119596
2153.846153846154,0.0791130288614188,0.0415202764563005,12.640143025641027,-0.0208869711385812,4+A,medio,12.0,Saavedra,1,65.0,2.102869384121037,3.167709329836661,0.0016590377581003,0.4997101681025006,0.2333980703538691,media,0,0,-0.3754610361143583,1.299269167200595,-0.6760511992922471,0.2992305193228334
2192.9824561403507,0.0681589171729146,0.031479007408505,14.671594583333334,-0.0318410828270853,2A,medio,11.0,Villa Devoto,1,34.2,1.5437605665715526,4.956688310380485,0.0010693665978338,0.579459732816385,2.659087709873237,media,0,3,-0.9751620686946676,3.743540164658267,2.9995707777496503,-1.306514949860424
1738.3720930232555,0.0911824978901868,0.0525839563993379,10.967016951041666,-0.0088175021098131,4+A,alto,6.0,Caballito,2,86.0,1.7242091486601792,0.9070515240768604,0.0014709557236647,0.6815238874122538,0.2822013725531903,media,0,1,-0.7602135054847073,-0.1407294110228863,-0.9698695150804084,0.5365555785625904
567.0103092783505,0.1858879559261308,0.1393972929322866,5.379584680555556,0.0858879559261308,3A,bajo,7.0,Parque Chacabuco,2,97.0,0.99492308404591,0.8215830511481756,0.0007389240721516,0.4306612690454279,0.2791624172439522,media,0,1,-2.634642582443016,-0.1296230920162257,-1.4776347926801978,0.2770325483857652
2092.9339477726576,0.0644852140684112,0.0281114462293769,15.50743088080808,-0.0355147859315887,3A,alto,6.0,Caballito,1,52.08,0.1108449457998391,1.1534167626943594,0.0014709557236647,0.6815238874122538,0.2822013725531903,media,0,1,-0.5537089814568544,-0.9854861894413977,-0.0390007396776818,-0.0187910527884953
2239.283429302623,0.0718102877357493,0.0348260970911035,13.925581299435027,-0.0281897122642506,monoamb,alto,6.0,Caballito,1,31.26,0.8508070622704671,0.9839551720225436,0.0014709557236647,0.6815238874122538,0.2822013725531903,alta,0,1,-0.5158171452987526,-0.5512930500757767,-0.586580704296688,-0.3076577917714305
2197.2318339100348,0.067085548398538,0.0304950860319932,14.906340096666666,-0.0329144516014619,2A,alto,6.0,Caballito,1,40.46,0.8508070622704671,0.9839551720225436,0.0014709557236647,0.6815238874122538,0.2822013725531903,alta,0,1,-0.5043633461388098,-0.5415981176563138,-0.5381860100296614,-0.1258738756842121
2605.8631921824103,0.0628340017687807,0.0265978349547156,15.914950056497174,-0.0371659982312193,monoamb,alto,6.0,Caballito,1,30.7,0.8508070622704671,0.9839551720225436,0.0014709557236647,0.6815238874122538,0.2822013725531903,alta,0,1,-0.1799377708102892,-0.4961419924322307,-0.5227780383693014,-0.3210348935379437
2860.548271752086,0.0576865835447845,0.0218793682493858,17.33505329230769,-0.0423134164552154,3A,alto,6.0,Caballito,2,67.12,0.8508070622704671,0.9839551720225436,0.0014709557236647,0.6815238874122538,0.2822013725531903,media,0,2,0.3104418174352009,-0.524866412093104,-0.3188556337553255,0.1063823227856803
2500.0,0.0591378840176759,0.0232097270162029,16.90963443502825,-0.040862115982324,monoamb,alto,6.0,Caballito,2,34.0,1.3056738376249235,1.151232718071618,0.0014709557236647,0.6815238874122538,0.2822013725531903,alta,0,2,0.0100839962915497,-0.1206043849505163,-0.6568621887887964,-0.3730088494931031
3191.7235307065816,0.0411303810526209,0.0067028492982358,24.31292816666667,-0.0588696189473791,2A,alto,6.0,Caballito,2,45.43,0.3626088256768547,0.5941330241467363,0.0014709557236647,0.6815238874122538,0.2822013725531903,alta,0,2,0.6877377385617603,-0.985251803130681,-0.1828600167497008,-0.2613540985405029
2790.7678382863173,0.0598693191383709,0.0238802092101734,16.70304614102564,-0.040130680861629,3A,alto,6.0,Caballito,2,66.29,0.6759017611788627,0.5369008359367254,0.0014709557236647,0.6815238874122538,0.2822013725531903,media,0,2,0.260640637733363,-0.895321123818424,-0.402666510266546,0.1051693922736825
1533.7423312883436,0.0757177410873908,0.0384079293301083,13.206944444444444,-0.0242822589126091,4+A,alto,1.0,Retiro,1,163.0,0.484044821750658,2.154220852907873,0.0018408245339653,1.3599759089981835,0.497858621461092,alta,0,1,-1.4623104814461916,-1.0580927616460742,1.6590954944584209,1.7390290947827969
2609.058651638489,0.0681589171729146,0.031479007408505,14.671594583333334,-0.0318410828270853,3A,bajo,13.0,Nuñez,2,47.91,2.8924974957169347,3.924130662502903,0.001811257462251,0.3242107629327673,0.3362126271488234,alta,0,0,0.5368029325281088,2.271655762775796,-0.8868381267411211,-0.1224816743674345
1090.700344431688,0.1291432114855225,0.0873812771950622,7.743341585648149,0.0291432114855225,3A,alto,1.0,Constitucion,1,87.1,0.6155381275986758,0.91366689744296,0.0018408245339653,1.3599759089981835,0.497858621461092,alta,0,1,-2.1970069439649187,-1.7925624736886,0.6237670555966182,0.3914254055268062
1692.3076923076924,0.09298270462055,0.0542341459021708,10.75468824101069,-0.0070172953794499,2A,alto,1.0,San Nicolas,1,39.0,0.167287950526813,1.3246722682785956,0.0018408245339653,1.3599759089981835,0.497858621461092,alta,0,1,-1.5144156811873464,-1.7031661485733842,1.0293927496724986,-0.4332483361508648
3920.634920634921,0.0413920549633084,0.0069427170496994,24.159225747222223,-0.0586079450366915,3A,medio,12.0,Coghlan,4,63.0,0.6302360426666539,1.5375854114795184,0.0016590377581003,0.4997101681025006,0.2333980703538691,alta,0,2,2.012382420629763,-0.4887558527647033,-0.0908376125021474,-0.3888978522413106
2394.6360153256705,0.0724188494962218,0.0353839453715366,13.808559607843138,-0.0275811505037781,2A,bajo,13.0,Nuñez,2,41.76,2.637806498305862,3.6178801920157486,0.001811257462251,0.3242107629327673,0.3362126271488234,alta,0,0,0.3583715638804909,1.9043968323989795,-0.9170820991071216,-0.2287410402301505
1882.3529411764705,0.0798737310620093,0.0422175868068419,12.519760711111113,-0.0201262689379906,2A,alto,2.0,Recoleta,2,34.0,0.6100434279193677,2.7171375550366457,0.0014373274573867,1.0447534381885877,0.3343869191202226,alta,0,1,-1.0595787072211775,-0.0632173295478614,0.701879889741429,-0.6907365856115529
1120.0,0.1764829105370111,0.1307760013255935,5.666271011494254,0.0764829105370111,2A,alto,1.0,Constitucion,3,25.0,0.159215650095742,0.8043247034209081,0.0018408245339653,1.3599759089981835,0.497858621461092,alta,0,1,-2.079940960023822,-2.39865043384177,0.4818446596563463,-1.292537216378185
2596.153846153846,0.0441770759454076,0.009495652949957,22.636174500000003,-0.0558229240545923,2A,alto,6.0,Caballito,2,52.0,0.7683547888447392,1.3293618702266068,0.0014709557236647,0.6815238874122538,0.2822013725531903,alta,0,2,0.2044077961583319,-0.3612533494210065,-0.1742756610740181,-0.1006576633161064
3406.813627254509,0.0465370758008345,0.011658986150765,21.48824314358974,-0.0534629241991654,3A,alto,6.0,Caballito,2,69.86,0.2222136564749943,0.9772965958200608,0.0014709557236647,0.6815238874122538,0.2822013725531903,media,0,2,0.8008286356515903,-0.905934207171402,0.1135062907416498,0.0534476245278596
1666.6666666666667,0.2683757363683515,0.2150110916709888,3.726119259259259,0.1683757363683515,monoamb,bajo,13.0,Belgrano,1,12.0,0.6821141471345791,1.5987024062300532,0.001811257462251,0.3242107629327673,0.3362126271488234,alta,0,1,-1.8762681608344487,-1.2523681379962457,-1.5689082264532543,-1.412588699242596
2321.428571428572,0.0917523885020005,0.0531063561268337,10.898898833333334,-0.0082476114979995,2A,medio,12.0,Saavedra,1,28.0,2.2097045735913463,3.228477206428166,0.0016590377581003,0.4997101681025006,0.2333980703538691,media,0,0,-0.3758990107708215,1.3916813402243298,-0.880944851919412,-0.3946780133770639
1738.035264483627,0.0889399783327,0.0505283134716417,11.243537706511177,-0.0110600216672999,2A,alto,1.0,Monserrat,1,39.7,0.2379329070562913,1.5008608282229825,0.0018408245339653,1.3599759089981835,0.497858621461092,alta,0,1,-1.4564209884797763,-1.543392525429997,1.0769552751807356,-0.4144619697244749
2854.1666666666665,0.0466415947807353,0.0117547952156741,21.440090217777776,-0.0533584052192646,2A,medio,12.0,Villa Urquiza,3,48.0,1.0572474414859714,2.34797398358448,0.0016590377581003,0.4997101681025006,0.2333980703538691,alta,0,2,0.9098743186555798,0.2080674924304099,-0.2233376967061704,-0.3686943837863278
2906.6666666666665,0.050806532296324,0.0155726546049636,19.682508425641025,-0.049193467703676,3A,alto,6.0,Caballito,4,75.0,0.7720404617936905,0.3870564240337638,0.0014709557236647,0.6815238874122538,0.2822013725531903,media,0,2,0.9174568559424752,-0.9547895016758764,-0.3683200962360852,-0.0626566014700369
2120.689655172414,0.0658038326364521,0.0293201799167478,15.196683231578948,-0.0341961673635478,3A,alto,1.0,Constitucion,2,58.0,0.4468461446363067,1.0978057038877391,0.0018408245339653,1.3599759089981835,0.497858621461092,alta,0,1,-0.7281924872794799,-1.5496726928419504,1.041720824132389,-0.1691696289073001
1031.539888682746,0.113393881987313,0.0729443918217035,8.818817933333335,0.013393881987313,4+A,medio,11.0,Villa Gral. Mitre,1,134.75,1.6492024978048794,1.1712594512579382,0.0010693665978338,0.579459732816385,2.659087709873237,media,0,3,-1.976636573945879,1.5495912908088558,1.6777713598363506,0.6737433200093312
1736.111111111111,0.0647509713142689,0.0283550570380798,15.443783771929825,-0.035249028685731,3A,alto,1.0,Retiro,1,72.0,0.484044821750658,2.154220852907873,0.0018408245339653,1.3599759089981835,0.497858621461092,alta,0,1,-1.277674227955727,-0.9552868580774316,1.391125262123582,0.2177636837808643
2222.222222222222,0.0734838325770486,0.0363601798622945,13.608435555555555,-0.0265161674229514,monoamb,alto,5.0,Almagro,2,36.0,0.9655385393881596,1.2166257111978334,0.0013072260551381,0.7262366972989581,0.8153691824811038,media,0,1,-0.4962725034977088,0.0301577383484027,0.1254715295329849,-0.627329979795552
2181.818181818182,0.1209380586812493,0.0798598871244785,8.268695652173912,0.0209380586812493,4+A,bajo,7.0,Flores,2,110.0,2.4057393654474035,0.296362536194215,0.0007389240721516,0.4306612690454279,0.2791624172439522,media,0,0,-0.939332834577606,0.9325313156745356,-1.981179871293204,0.8257222150312811
1234.959349593496,0.1246177437251331,0.0832329317480387,8.024539444444445,0.0246177437251331,4+A,alto,1.0,San Nicolas,2,123.0,0.6517909995604088,1.084260112569316,0.0018408245339653,1.3599759089981835,0.497858621461092,alta,0,1,-1.7985829531667643,-1.7148037858651708,0.8558475047695966,0.8107354675220035
805.8608058608058,0.0860428875993078,0.0478726469660321,11.622111111111112,-0.0139571124006921,4+A,alto,1.0,Monserrat,2,273.0,0.2000777611596355,1.8986541719689904,0.0018408245339653,1.3599759089981835,0.497858621461092,alta,0,1,-1.754704131438537,-1.5798453006491544,2.046125239414968,3.447188870304805
2803.083391730904,0.0603490412468515,0.0243199544762805,16.570271529411766,-0.0396509587531484,2A,bajo,13.0,Belgrano,2,42.81,0.2646851351561542,1.1868569912653577,0.001811257462251,0.3242107629327673,0.3362126271488234,alta,0,2,0.8612767372233899,-0.9954266198431398,-0.4337393857697332,-0.3201690689204499
1630.0,0.0679498407398689,0.0312873540115465,14.71673795128205,-0.032050159260131,2A,alto,3.0,Balvanera,2,50.0,0.3360303196027413,2.18750839500936,0.0010344625327268,0.9331491918927998,0.3306390495886265,alta,0,1,-1.3092224597184157,0.0177317151738442,0.5381528943261193,-0.3764902248077477
1165.0485436893205,0.1064983080826791,0.0666234490757892,9.389820533333332,0.0064983080826791,2A,bajo,15.0,Villa Crespo,4,51.5,0.4957640517870016,0.9246969752774692,0.0016924644253836,0.3560200247570848,0.3145034612612011,alta,0,1,-0.3062768037446258,-1.2156281305481218,-0.868894087990106,-0.5119933179516772
3522.7272727272725,0.0439734949502675,0.0093090370377452,22.740971604166667,-0.0560265050497324,4+A,alto,6.0,Caballito,3,88.0,0.8497997631483439,0.6657214149823819,0.0014709557236647,0.6815238874122538,0.2822013725531903,media,0,2,1.167258372380756,-0.6562124823253745,-0.2165926928076594,0.2861682214179211
3000.0,0.0532491540413395,0.0178117245378946,18.779641066666667,-0.0467508459586604,2A,medio,12.0,Villa Urquiza,2,40.0,1.1159577313077016,2.361332636222794,0.0016590377581003,0.4997101681025006,0.2333980703538691,alta,0,2,0.7124189882959588,0.2886170605254873,-0.3240401401854598,-0.3600997422776552
3914.285714285714,0.0404227154766373,0.0060541558535842,24.73856563589744,-0.0595772845233626,monoamb,bajo,14.0,Palermo,2,35.0,0.2416879270416891,1.3382097283853849,0.0020354411558041,0.3173293561387364,0.7185047022536231,alta,0,2,1.975596823140052,-0.8555113354034511,0.2253564927985736,-0.6007909534955933
1600.0,0.1064983080826791,0.0666234490757892,9.389820533333332,0.0064983080826791,2A,alto,6.0,Caballito,1,30.0,0.8741961044070057,0.2233812285277728,0.0014709557236647,0.6815238874122538,0.2822013725531903,alta,0,1,-1.2235343564630865,-1.0967401493563118,-1.0655821912017276,-0.3380026973233151
3376.2057877813504,0.0743797707244108,0.0371814564973766,13.444515763636364,-0.0256202292755891,monoamb,alto,2.0,Recoleta,2,18.66,1.1259151365001037,2.109902747433258,0.0014373274573867,1.0447534381885877,0.3343869191202226,alta,0,2,0.0770384836205103,0.1064993994785296,0.2993189128383201,-0.9819724484646366
859.5671421544516,0.1755165249087931,0.1298901478330603,5.697469229861111,0.0755165249087931,3A,alto,1.0,Constitucion,1,81.32,0.305283927035081,0.9601985393685514,0.0018408245339653,1.3599759089981835,0.497858621461092,alta,0,1,-2.730683971044906,-2.1707610433816606,0.5825582924983884,0.0724173831188234
1184.9678365872926,0.0634794829427218,0.0271895260308283,15.753121381002902,-0.0365205170572782,4+A,medio,10.0,Floresta,2,177.22,2.187447562650465,1.9814605198783384,0.0007950753514594,0.4818638493693606,0.3093771634352494,media,0,0,-1.2491917514240942,1.6898667984960214,-0.7630778504080169,2.155093503250354
2295.1291459817253,0.0652739147305093,0.0288344218363002,15.320055555555554,-0.0347260852694906,4+A,alto,2.0,Recoleta,3,138.99,0.629309566503802,1.945794018827723,0.0014373274573867,1.0447534381885877,0.3343869191202226,media,0,1,-0.3151630342933883,-0.4752089803918526,0.917519946801736,0.9915243316117962
3061.5046677649643,0.0382056710610508,0.0040218651392965,26.174124736666663,-0.0617943289389491,3A,medio,11.0,Villa Del Parque,1,72.84,0.2319868194708231,3.75611393488258,0.0010693665978338,0.579459732816385,2.659087709873237,alta,0,3,-0.0338412262494562,2.318144615214123,3.6004160352332177,-0.6966875810244038
1713.4524243528983,0.0906368579427056,0.0520837864474801,11.033039126666669,-0.0093631420572943,monoamb,alto,3.0,Balvanera,1,27.43,0.2800303584439931,2.380849474925584,0.0010344625327268,0.9331491918927998,0.3306390495886265,alta,0,1,-1.6916290606587934,0.0557059652415922,0.4416958201949268,-0.7087772634666146
4022.988505747128,0.0413821997121267,0.0069336830694495,24.16497931372549,-0.0586178002878732,2A,bajo,13.0,Belgrano,4,43.5,0.998897321140072,1.8706475113584544,0.001811257462251,0.3242107629327673,0.3362126271488234,alta,0,2,2.3550859273072606,-0.0560017243290756,-0.3405578700548741,-0.6951211649612605
1551.5330624307353,0.1021588570226702,0.0626456189374477,9.788676470588236,0.0021588570226702,4+A,medio,12.0,Villa Pueyrredon,2,135.35,1.792609120174305,3.2313790473320365,0.0016590377581003,0.4997101681025006,0.2333980703538691,media,0,0,-0.7094603115007394,0.9084365820979547,-0.3438056846461153,1.2333301205304543
2421.0526315789475,0.0578795152623256,0.0220562223237985,17.27726978133333,-0.0421204847376743,monoamb,medio,12.0,Villa Pueyrredon,2,38.0,2.396304427741029,3.847497793563037,0.0016590377581003,0.4997101681025006,0.2333980703538691,media,0,0,0.1885524814458307,1.930595165944737,-0.5497697654937035,-0.2995536066996624
3871.16754413131,0.0429401178189362,0.0083617746673582,23.28824537037037,-0.0570598821810637,monoamb,bajo,13.0,Colegiales,4,32.29,0.2858048740853693,1.1324677069782407,0.001811257462251,0.3242107629327673,0.3362126271488234,alta,0,2,2.260685697575448,-0.9604192478738052,-0.2828330174281711,-0.9080635325927968
1222.4489795918366,0.1208995817966975,0.0798246166469727,8.27132720509804,0.0208995817966975,3A,alto,1.0,San Nicolas,1,49.0,0.2068734406572144,2.5420105790672323,0.0018408245339653,1.3599759089981835,0.497858621461092,media,0,1,-2.1151480608689788,-1.1746626721103262,1.33010569559693,-0.4275175873300966
2131.928768497617,0.0641495691039196,0.027803771678593,15.588569244791666,-0.0358504308960803,2A,medio,4.0,Parque Patricios,2,39.87,0.6031644561951628,1.467258503732637,0.0003390684780865,0.6643909367912209,0.3621231466264265,alta,0,0,-1.1480078854030304,0.8678815377611971,-0.2580295994405976,-0.5768159221672677
2572.1455457967377,0.0519503941866727,0.0166211946711166,19.249132093333337,-0.0480496058133272,monoamb,alto,5.0,Almagro,1,31.88,0.2464733052388607,1.6040335901179368,0.0013072260551381,0.7262366972989581,0.8153691824811038,alta,0,1,-0.3306233235497938,-0.1369466550227516,0.7159320189469959,-0.5902172309620403
2526.103065005052,0.0567990976440955,0.0210658395070875,17.605913500000003,-0.0432009023559044,monoamb,alto,5.0,Almagro,1,29.69,0.2464733052388607,1.6040335901179368,0.0013072260551381,0.7262366972989581,0.8153691824811038,alta,0,1,-0.4032045426744662,-0.1562585567778258,0.6850407285595128,-0.6431577278028754
2474.747474747475,0.0652030457649056,0.0287694586178301,15.336706871111112,-0.0347969542350944,2A,bajo,15.0,Villa Crespo,1,39.6,0.5370430755354997,0.753824409988464,0.0016924644253836,0.3560200247570848,0.3145034612612011,alta,0,2,0.2286934706843159,-0.9111819351032816,-0.8168063561309203,-0.1167852385488963
2973.684210526316,0.054308482344746,0.0187827754826838,18.41332986718497,-0.0456915176552539,2A,alto,1.0,Monserrat,1,38.0,0.0310061225913953,1.235545387745783,0.0018408245339653,1.3599759089981835,0.497858621461092,alta,0,1,-0.2780862001277028,-1.6282288258924036,1.3256502527213383,-0.4427154075107626
2021.276595744681,0.053809671452301,0.0183255321646092,18.58401980555556,-0.0461903285476989,3A,bajo,7.0,Flores,2,94.0,2.294323106228851,1.6579864663165054,0.0007389240721516,0.4306612690454279,0.2791624172439522,media,0,0,-0.5880030985120773,1.809729366364551,-1.2402889587641897,0.7357992959966624
1207.5471698113208,0.1091607657847461,0.0690640353026839,9.160800520325203,0.0091607657847461,3A,alto,3.0,Balvanera,2,53.0,0.3489385622441302,2.4181995694530563,0.0010344625327268,0.9331491918927998,0.3306390495886265,media,0,1,-1.9460779937366253,-0.030471653280219,0.426516289986988,-0.4734950458640176
2401.921537229784,0.0462719528867388,0.0114159568128439,21.61136363636364,-0.0537280471132611,4+A,alto,2.0,Recoleta,2,187.35,0.7825348833760613,3.2156548375810963,0.0014373274573867,1.0447534381885877,0.3343869191202226,media,0,1,-0.358460934369128,0.3898454615420111,1.5168041950041435,1.9801773674752532
2339.901477832512,0.0672620893153763,0.0306569152057616,14.867215844444445,-0.0327379106846237,2A,bajo,15.0,Villa Crespo,2,40.6,0.2182253123169812,1.269178004401672,0.0016924644253836,0.3560200247570848,0.3145034612612011,alta,0,2,0.3445697644926983,-0.9287021960156028,-0.4468930727330849,-0.362974885378362
1987.951807228916,0.0826168693005026,0.0447321301921274,12.10406553125,-0.0173831306994974,3A,alto,2.0,Recoleta,1,83.0,0.903167991238368,2.6886790908060862,0.0014373274573867,1.0447534381885877,0.3343869191202226,alta,0,1,-1.2260967216325445,0.1432781297160715,0.6785649261785407,0.3424731052545694
2965.5172413793102,0.0495340967826414,0.014406255384088,20.188114146666667,-0.0504659032173585,monoamb,alto,1.0,Monserrat,1,29.0,0.0310061225913953,1.235545387745783,0.0018408245339653,1.3599759089981835,0.497858621461092,alta,0,1,-0.251302647551106,-1.6062242032956149,1.3114219975416,-0.5737639948893786
1777.7777777777778,0.0766787818195289,0.0392888833345682,13.041417407407408,-0.023321218180471,monoamb,alto,1.0,San Nicolas,4,45.0,0.0652953067182915,2.667784046575445,0.0018408245339653,1.3599759089981835,0.497858621461092,alta,0,1,-0.6329772674285224,-1.140538836860557,1.7507056699753702,-0.948243278797594
2765.9225213394616,0.0783726421498647,0.040841588637376,12.759554515053766,-0.0216273578501352,4+A,bajo,13.0,Belgrano,2,60.92,0.4830642351471237,1.4054553415679834,0.001811257462251,0.3242107629327673,0.3362126271488234,media,0,2,0.6924174603318871,-0.8033164901187834,-0.4813026219388361,-0.075980273847267
1900.3931847968545,0.084611069593963,0.0465601471277994,11.818784525462965,-0.0153889304060369,3A,alto,1.0,Retiro,1,76.3,0.0276927308844844,2.5401908642891184,0.0018408245339653,1.3599759089981835,0.497858621461092,alta,0,1,-1.322962095870284,-1.1453488492808344,1.7231951634512426,0.0908881134438992
1689.3477240732052,0.1505744078544973,0.1070265405332892,6.641234817050169,0.0505744078544973,4+A,alto,6.0,Caballito,1,106.55,1.4777220414686314,0.7099121133288404,0.0014709557236647,0.6815238874122538,0.2822013725531903,media,0,1,-1.487524957734793,-0.6094621603379814,-1.1049496685293156,0.799282167624658
1628.6644951140065,0.0873286126277969,0.0490512282421471,11.451000650406504,-0.0126713873722031,3A,alto,3.0,Balvanera,2,49.12,0.396882997179758,1.9979356729314488,0.0010344625327268,0.9331491918927998,0.3306390495886265,media,0,1,-1.4560496523791555,-0.1084301758597751,0.3579260398303333,-0.4516373513103382
3090.1287553648067,0.0394438178083996,0.005156832991033,25.352515440000005,-0.0605561821916003,monoamb,alto,1.0,Retiro,2,34.95,0.5501261423074824,2.597033382151042,0.0018408245339653,1.3599759089981835,0.497858621461092,alta,0,1,0.1116842075604525,-0.5248734031956349,1.623788491604152,-0.6720643222313044
2500.0,0.0593155133625048,0.0233725539156294,16.858995957575758,-0.0406844866374951,monoamb,bajo,15.0,Villa Crespo,6,31.6,0.728217202165472,1.4927761274112592,0.0016924644253836,0.3560200247570848,0.3145034612612011,alta,0,2,1.4899710362826135,-0.5738491597079658,-0.5022508141229214,-1.1847253002832283
1893.0301116024425,0.0852934169293982,0.0471856321852816,11.72423424925926,-0.0147065830706018,3A,bajo,15.0,Paternal,2,47.49,1.283971475444646,2.2155878705722154,0.0016924644253836,0.3560200247570848,0.3145034612612011,media,0,0,-0.1618200004629626,0.2315525337411826,-0.7610473218232666,-0.2087295497910325
2380.952380952381,0.0613014651402738,0.0251930097119177,16.312823807909606,-0.0386985348597261,monoamb,alto,6.0,Caballito,1,34.44,1.2696888809510876,0.4603532630257358,0.0014709557236647,0.6815238874122538,0.2822013725531903,alta,0,1,-0.31264553733715,-0.4800730786140166,-0.9325963316099388,-0.1238908750123161
1641.5094339622642,0.0881365308270448,0.049791819924791,11.346033144444446,-0.0118634691729551,3A,bajo,15.0,Agronomia,1,53.0,1.2181447278866215,4.070978228578767,0.0016924644253836,0.3560200247570848,0.3145034612612011,media,0,0,-0.6792618462350006,1.1681847083052748,-0.1060970612759502,-0.0798963087977453
841.8181818181819,0.1364773134536853,0.0941042039992115,7.327225124044944,0.0364773134536852,4+A,bajo,15.0,Chacarita,2,165.0,0.4856887616583777,0.266156913202988,0.0016924644253836,0.3560200247570848,0.3145034612612011,media,0,1,-1.183040507687165,-1.6739495682306127,-0.8974181870004537,1.744098093259035
1769.2307692307693,0.0824204297335517,0.044552060589089,12.132914172284645,-0.0175795702664483,4+A,bajo,15.0,Villa Crespo,2,130.0,0.2182253123169812,1.269178004401672,0.0016924644253836,0.3560200247570848,0.3145034612612011,media,0,1,-0.1407925223097644,-1.0680266442662465,-0.2317187559846203,1.1560641882036042
3513.5135135135133,0.039322452215143,0.0050455811972144,25.430763944444447,-0.0606775477848569,3A,medio,12.0,Saavedra,6,74.0,2.862842017325819,3.907627616712244,0.0016590377581003,0.4997101681025006,0.2333980703538691,alta,0,0,2.123435350425967,2.2386585265535137,-0.3590620895018519,-0.4123114272351824
1273.4429266033806,0.1239253039507539,0.082598195288191,8.069377020833334,0.0239253039507539,4+A,alto,6.0,Caballito,1,86.38,1.2998160429686818,1.1327632566774668,0.0014709557236647,0.6815238874122538,0.2822013725531903,media,0,1,-1.6050994259213809,-0.4317604192288542,-0.8604537067560124,0.5622183870871228
2343.75,0.0795187367017337,0.0418921753099226,12.5756525,-0.0204812632982662,2A,medio,12.0,Coghlan,2,32.0,0.8332590982691008,1.833936855301884,0.0016590377581003,0.4997101681025006,0.2333980703538691,media,0,2,0.0486104921195396,-0.3203332014070223,-0.5486692411848892,-0.5270377933386404
2704.073009971269,0.0630981175728257,0.0268399411084236,15.848333333333333,-0.0369018824271742,3A,bajo,15.0,Chacarita,2,59.17,0.9639937082319676,0.463089147821925,0.0016924644253836,0.3560200247570848,0.3145034612612011,alta,0,2,0.6753671108959406,-0.7897688652473424,-1.0196290015897025,0.0961598257031419
1395.2519783423572,0.0915949030590493,0.0529619944707952,10.917638062844183,-0.0084050969409506,2A,alto,1.0,Monserrat,1,48.02,0.3242333330591214,1.8409714135800728,0.0018408245339653,1.3599759089981835,0.497858621461092,alta,0,1,-1.7349187742057772,-1.3387849109596568,1.1436081512046647,-0.2616224367925878
2656.856734109953,0.0458761942510002,0.0110531780634168,21.797797666666668,-0.0541238057489997,2A,alto,6.0,Caballito,3,48.93,0.7720404617936905,0.3870564240337638,0.0014709557236647,0.6815238874122538,0.2822013725531903,alta,0,2,0.51516055458159,-0.8945797886055522,-0.4946371706779541,-0.2709141475247207
2250.0,0.0828320173976393,0.0449293492811693,12.0726264,-0.0171679826023606,2A,bajo,14.0,Palermo,1,32.0,0.4526363458127196,1.0832145856568685,0.0020354411558041,0.3173293561387364,0.7185047022536231,alta,0,2,0.1965535681213307,-1.048642504148162,-0.325802562321397,-0.4078790364961153
3088.864248376366,0.0567990976440955,0.0210658395070875,17.6059135,-0.0432009023559044,3A,alto,6.0,Caballito,1,63.13,1.1407857664883396,0.8773645240599588,0.0014709557236647,0.6815238874122538,0.2822013725531903,media,0,2,0.2363333221474891,-0.3113956135680498,-0.534961287166154,0.2473261198756729
3018.268467037331,0.0531352569034322,0.0177073188281461,18.819895833333334,-0.0468647430965678,3A,bajo,15.0,Chacarita,1,62.95,0.9639937082319676,0.463089147821925,0.0016924644253836,0.3560200247570848,0.3145034612612011,alta,0,2,0.737202904984278,-0.6939218689450313,-0.9717933375403812,0.3505656910947574
2666.6666666666665,0.0567990976440955,0.0210658395070875,17.6059135,-0.0432009023559044,4+A,bajo,13.0,Nuñez,2,90.0,2.405739732849775,3.30732431412259,0.001811257462251,0.3242107629327673,0.3362126271488234,media,0,0,0.717304804010767,1.622866404228286,-0.6459593398723409,0.6216874115930582
1858.0276322058123,0.1092290339309529,0.0691266144367069,9.155075020000002,0.0092290339309529,monoamb,alto,3.0,Balvanera,1,20.99,0.4376380023303012,2.7767081942400083,0.0010344625327268,0.9331491918927998,0.3306390495886265,alta,0,1,-1.7523859084843023,0.3193996847166736,0.4141893071316439,-0.9284472750195794
1203.4118301501946,0.090580995472479,0.0520325791831057,11.039843344444444,-0.0094190045275209,2A,medio,11.0,Villa Devoto,2,53.93,0.8850234050448977,3.9113100336889945,0.0010693665978338,0.579459732816385,2.659087709873237,alta,0,3,-1.5669483985336117,2.5310556482929245,2.909408346164103,-1.1371103526086044
1765.1933701657458,0.0866652898325401,0.0484431823464951,11.538644847692307,-0.0133347101674598,2A,medio,10.0,Floresta,2,36.2,3.516572391445531,0.7917290449944416,0.0007950753514594,0.4818638493693606,0.3093771634352494,alta,0,0,-1.051081654746211,2.0468282519040133,-2.450166271364631,-0.1297569503697666
1773.3473242392445,0.1045412598839716,0.064829488226974,9.56560119047619,0.0045412598839716,3A,bajo,14.0,Palermo,1,95.3,0.3388024526175294,1.143486072509768,0.0020354411558041,0.3173293561387364,0.7185047022536231,alta,0,1,-0.2871934155219952,-1.2417931737334973,-0.1405726782428982,0.607914157210889
1375.0,0.0817562769119557,0.0439432538359594,12.23147674736842,-0.0182437230880442,3A,alto,1.0,San Telmo,1,72.0,1.1009204561878982,0.3324135131296655,0.0018408245339653,1.3599759089981835,0.497858621461092,alta,0,1,-1.6091062507038407,-1.5500574203722577,0.3134774473137462,0.4227284350581057
1195.0975609756097,0.1130209192085413,0.0726025092744962,8.847919544476923,0.0130209192085413,2A,medio,10.0,Floresta,1,41.0,3.169769771022757,1.2454424863104512,0.0007950753514594,0.4818638493693606,0.3093771634352494,alta,0,0,-1.929012947035365,1.9451137554765052,-2.268155646872559,0.0023664005490397
1215.3558052434455,0.1227438127054607,0.0815151616466723,8.14705016862745,0.0227438127054607,3A,bajo,7.0,Flores,2,53.4,2.4835739439582425,1.347883907588064,0.0007389240721516,0.4306612690454279,0.2791624172439522,media,0,0,-1.7244424499560789,1.5046763250599775,-1.937978673541709,-0.1081883625582809
4521.739130434783,0.039322452215143,0.0050455811972144,25.430763944444447,-0.0606775477848569,3A,medio,12.0,Villa Urquiza,3,57.5,0.432595583568675,1.5640573134940623,0.0016590377581003,0.4997101681025006,0.2333980703538691,alta,0,2,2.215996441598542,-0.5270539108361972,0.0309874957094126,-0.3890192166809118
799.7440818937939,0.1703972929322866,0.1251975185212627,5.868637833333334,0.0703972929322866,monoamb,alto,1.0,Retiro,1,31.26,0.4318589524199011,2.04735582576721,0.0018408245339653,1.3599759089981835,0.497858621461092,alta,0,1,-2.80250517867983,-1.469112987171681,0.7383908972491232,-0.8230943620606886
1500.0,0.1098115887785847,0.0696606230470359,9.10650698275862,0.0098115887785847,2A,alto,1.0,San Telmo,1,30.0,1.3392478944382773,0.889022408945765,0.0018408245339653,1.3599759089981835,0.497858621461092,alta,0,1,-1.7838560438993551,-1.1607402417598578,0.1330515594350245,-0.4425224263068928
2040.2802101576185,0.0731318853786637,0.0360375615971084,13.673926151666668,-0.0268681146213362,2A,alto,5.0,Almagro,3,34.26,1.105834936579661,1.7322386426279768,0.0013072260551381,0.7262366972989581,0.8153691824811038,alta,0,1,-0.4008757494913972,0.3487120134750534,0.2461390735000099,-0.8422710467489556
2397.5588491717526,0.0516355433128141,0.0163325813700796,19.36650485,-0.0483644566871858,monoamb,alto,5.0,Boedo,4,34.41,0.3301104270861067,1.4555209761354837,0.0013072260551381,0.7262366972989581,0.8153691824811038,alta,0,2,0.2898620593526106,-0.2933044593702396,0.7077078045884433,-1.0524822553947617
2870.3703703703704,0.0494701818190509,0.0143476666674633,20.21419698148148,-0.050529818180949,3A,bajo,15.0,Agronomia,3,54.0,0.7037522574977044,2.977744763973183,0.0016924644253836,0.3560200247570848,0.3145034612612011,media,0,2,1.053297595706518,0.3583879869011413,0.0983476724331038,-0.3826172890673482
660.6606606606607,0.0803066950926873,0.04261447050163,12.452261904761905,-0.0196933049073126,4+A,alto,5.0,Almagro,1,333.0,1.358346366618112,1.3769008488267676,0.0013072260551381,0.7262366972989581,0.8153691824811038,media,0,1,-1.7801914209078598,0.1542306122633737,0.8566300003978907,4.792777093284842
1553.484243231247,0.1095411168850414,0.0694126904779546,9.128992185185188,0.0095411168850414,3A,bajo,15.0,Villa Crespo,1,45.06,0.4118695817216209,1.099035609971603,0.0016924644253836,0.3560200247570848,0.3145034612612011,media,0,1,-0.7961853919791807,-1.0409872736230514,-0.8585224147925251,-0.1553467353841331
2692.3076923076924,0.0763858607588215,0.0390203723622531,13.091428047886636,-0.0236141392411784,monoamb,bajo,14.0,Palermo,7,39.0,0.5479332833638211,1.5275862741592086,0.0020354411558041,0.3173293561387364,0.7185047022536231,alta,0,2,2.0305150216639256,-0.9577758636513936,0.0565982816704638,-1.4392633473977663
2521.367521367521,0.064259996063447,0.0279049963914931,15.561781220973783,-0.0357400039365529,4+A,bajo,15.0,Villa Crespo,2,117.0,0.271068044604669,0.9759424469447454,0.0016924644253836,0.3560200247570848,0.3145034612612011,media,0,2,0.5507227072073951,-1.0646811067159565,-0.2775777884467005,0.958106075808916
1735.8490566037735,0.0666772015821991,0.0301207681170158,14.99763001851852,-0.0333227984178008,3A,bajo,7.0,Flores,1,66.25,1.7000000059130589,0.1920290116890446,0.0007389240721516,0.4306612690454279,0.2791624172439522,alta,0,0,-1.096316071821373,0.6122838717497214,-1.652728543722776,0.4693569878052357
1125.0,0.3471055967139172,0.2871801303210907,2.880967663636364,0.2471055967139172,monoamb,bajo,15.0,Chacarita,1,12.0,0.4856887616583777,0.266156913202988,0.0016924644253836,0.3560200247570848,0.3145034612612011,alta,0,1,-2.9574849627005038,-2.301468231153584,-2.290467522747494,-1.6227132946806964
2766.9452181987,0.0514622696775362,0.0161737472044082,19.43171193703704,-0.0485377303224637,2A,bajo,14.0,Palermo,1,53.85,0.8855550880801134,0.2764821277522845,0.0020354411558041,0.3173293561387364,0.7185047022536231,alta,0,2,0.8559205426183303,-1.0267860163166047,-0.5996194148907057,0.1656947728189431
2288.98426323319,0.0976234490757892,0.0584881616528067,10.243440581818184,-0.0023765509242107,monoamb,bajo,15.0,Paternal,1,20.97,1.5745896134195931,1.490877830388911,0.0016924644253836,0.3560200247570848,0.3145034612612011,alta,0,0,-0.2066639369798747,0.0965429077997847,-1.3181175942176475,-0.4754670925527642
1627.906976744186,0.0730274112566942,0.0359417936519697,13.693488277777778,-0.0269725887433057,2A,medio,9.0,Parque Avellaneda,1,43.0,3.184077661021151,0.4773347650600706,0.0005686137567445,0.5253496665574764,0.3428690900660959,media,0,0,-1.4908547585179626,1.9801904654351856,-2.275944692024158,0.1736431733598203
2445.6521739130435,0.0567990976440955,0.0210658395070875,17.6059135,-0.0432009023559044,3A,alto,6.0,Caballito,1,92.0,1.6213008788987209,0.93282152996625,0.0014709557236647,0.6815238874122538,0.2822013725531903,media,0,1,-0.2207520384599646,0.0067765706917125,-0.7207412446245016,0.8730480492532331
3507.787287778869,0.0443032961623945,0.0096113548155283,22.571683974358976,-0.0556967038376054,4+A,medio,12.0,Villa Pueyrredon,4,71.27,1.7928577700815596,3.9658353331949305,0.0016590377581003,0.4997101681025006,0.2333980703538691,media,0,2,1.5931984130882608,1.5718907404288105,0.1405707273069015,-0.2613088899213591
3300.0,0.0387266574846106,0.0044994360275597,25.822006466666668,-0.0612733425153894,2A,medio,12.0,Saavedra,4,50.0,2.1026789363015346,3.165450063936764,0.0016590377581003,0.4997101681025006,0.2333980703538691,alta,0,2,1.502779545081056,1.3950286914784469,-0.3827054523772978,-0.4645529088433231
2641.373514227398,0.0688343100794462,0.0320981175728257,14.52763888888889,-0.0311656899205537,4+A,alto,2.0,Recoleta,1,83.29,1.0895658263157089,2.516015437775739,0.0014373274573867,1.0447534381885877,0.3343869191202226,media,0,1,-0.6391302514221553,0.2758362962704356,0.6269320601350705,0.3704776541712482
2748.047439976858,0.0582938107399928,0.0224359931783267,17.154479820512822,-0.0417061892600072,2A,bajo,13.0,Nuñez,1,34.57,2.165094482565271,3.0378944955903098,0.001811257462251,0.3242107629327673,0.3362126271488234,media,0,0,0.5013344932849961,1.382706570252003,-0.8440192294040806,-0.1616918783100925
2113.459399332592,0.1143455518361397,0.0738167558497947,8.74542108496732,0.0143455518361397,monoamb,bajo,7.0,Parque Chacabuco,1,17.98,0.6981413639919326,1.8288736537296464,0.0007389240721516,0.4306612690454279,0.2791624172439522,alta,0,0,-1.2757390271037727,0.6257497832213004,-0.864297160380028,-0.8755992071151221
2894.779638965685,0.0622237305651608,0.0260384196847307,16.071038989743588,-0.0377762694348391,3A,alto,6.0,Caballito,2,61.49,1.7428790539815933,1.0901853133905288,0.0014709557236647,0.6815238874122538,0.2822013725531903,media,0,2,0.2852821523501897,0.1572845168764859,-0.7925675458538086,0.0979818379077317
2498.422712933754,0.079119421833448,0.0415261366806606,12.639121682474766,-0.020880578166552,4+A,bajo,14.0,Palermo,2,79.25,0.8382324155196982,1.1575262949754197,0.0020354411558041,0.3173293561387364,0.7185047022536231,media,0,2,0.6708617418480544,-0.7743616124999948,-0.2683278953336401,0.2435195810696355
2731.6875758802103,0.0473325813700796,0.0123881995892396,21.1270962,-0.0526674186299203,2A,medio,12.0,Villa Urquiza,3,49.42,1.514405462686388,2.952611462266473,0.0016590377581003,0.4997101681025006,0.2333980703538691,alta,0,2,0.7897719320408875,0.8404008528173121,-0.2590250150530446,-0.3227702950612364
3500.0,0.0487052262298119,0.0136464573773276,20.531677551020408,-0.051294773770188,2A,alto,1.0,Retiro,2,36.0,0.9099045743577332,3.1627419473148333,0.0018408245339653,1.3599759089981835,0.497858621461092,alta,0,1,0.3123273637007794,0.0181159710395841,1.6349166683351295,-0.7421164902084635
1035.7142857142858,0.0979294786967164,0.0587686888053234,10.21142983,-0.0020705213032835,4+A,alto,1.0,San Nicolas,1,84.0,0.1794300212816003,2.6699346747337565,0.0018408245339653,1.3599759089981835,0.497858621461092,media,0,1,-2.056381257841286,-1.0738484367402168,1.5921512273160934,0.2744970416747305
2065.217391304348,0.089682785753835,0.0512092202743488,11.150411883333335,-0.0103172142461649,monoamb,alto,1.0,Retiro,1,23.0,0.310577300797845,2.3688436379971334,0.0018408245339653,1.3599759089981835,0.497858621461092,alta,0,1,-1.2673179610886431,-1.011696094562576,1.312302423604552,-0.8032105906950925
2625.0,0.0721121343689437,0.0351027898381983,13.867291666666668,-0.0278878656310563,3A,medio,12.0,Villa Pueyrredon,2,80.0,1.5648262727809206,3.512711353910257,0.0016590377581003,0.4997101681025006,0.2333980703538691,media,0,0,0.266465439689412,1.0976208136908292,-0.1135715261721804,0.2440759928088112
2352.1505376344085,0.0649132544503949,0.0285038165795286,15.405174312500002,-0.0350867455496051,3A,alto,2.0,Recoleta,2,89.28,0.95125269417236,2.4651116705455016,0.0014373274573867,1.0447534381885877,0.3343869191202226,alta,0,1,-0.5656859764132138,0.1014131447441234,0.7269828658014734,0.3253221729513814
1772.9591836734692,0.0858115863687774,0.0476606208380459,11.653437983333337,-0.0141884136312225,2A,alto,6.0,Caballito,1,39.2,0.6153145544236325,0.5147442262356794,0.0014709557236647,0.6815238874122538,0.2822013725531903,alta,0,1,-0.9398414841461866,-1.0485822418116253,-0.6938921514917049,-0.1712340830234495
1060.3616605823922,0.1067309160766339,0.0668366730702477,9.369356478510772,0.0067309160766339,4+A,medio,10.0,Floresta,1,117.79,2.576961189124276,1.6781911825886513,0.0007950753514594,0.4818638493693606,0.3093771634352494,media,0,0,-1.9481850119511592,1.719614084241768,-1.5063687674332065,1.2334006484852311
2201.799731954816,0.0666772015821991,0.0301207681170158,14.99763001851852,-0.0333227984178008,3A,bajo,15.0,Parque Chas,1,52.23,1.3558511146132994,2.3502498086216708,0.0016924644253836,0.3560200247570848,0.3145034612612011,media,0,0,-0.0411964476857275,0.4800475040970236,-0.6661932653374111,0.0986701620576937
2551.7241379310344,0.0690799836211972,0.0323233183194308,14.475973322222222,-0.0309200163788027,monoamb,medio,12.0,Villa Urquiza,2,29.0,1.043059346437087,2.451274321990082,0.0016590377581003,0.4997101681025006,0.2333980703538691,alta,0,2,0.2546210124544794,0.2047279080228451,-0.3923363540793774,-0.5807484369760619
2349.082528144668,0.1142909299432315,0.0737666857812955,8.749600694444444,0.0142909299432315,4+A,bajo,13.0,Belgrano,3,112.81,1.2500281059635805,2.073168756924188,0.001811257462251,0.3242107629327673,0.3362126271488234,alta,0,2,0.3503546139551518,-0.1337820759997756,-0.6104327767747707,0.5605996262343343
4556.451612903225,0.0379705486278951,0.0038063362422372,26.33620098039216,-0.0620294513721048,4+A,medio,12.0,Villa Urquiza,3,124.0,0.25648789199988,0.8532633969725197,0.0016590377581003,0.4997101681025006,0.2333980703538691,media,0,2,2.315263308442028,-1.054352865173788,0.1189325900665509,0.7784218158185215
3537.735849056604,0.0138815858660216,-0.0182752129561468,72.03787878787878,-0.0861184141339783,4+A,alto,2.0,Recoleta,2,424.0,1.5601119455630352,2.195449789119387,0.0014373274573867,1.0447534381885877,0.3343869191202226,media,0,2,0.8763454243648264,0.4682552320329578,1.8123243125037525,6.19766384197879
1393.8069765689747,0.072057791448495,0.0350529754944537,13.877749788026366,-0.0279422085515049,4+A,medio,10.0,Monte Castro,3,132.73,2.3420282750265606,2.9383300189467048,0.0007950753514594,0.4818638493693606,0.3093771634352494,media,0,0,-0.9799884004020172,2.263619831347277,-0.649501473878884,1.0940112036306742
2266.6666666666665,0.0751752762936558,0.0379106699358512,13.302245755555557,-0.0248247237063441,monoamb,medio,12.0,Villa Pueyrredon,1,30.0,1.8892193056543043,4.037987644899213,0.0016590377581003,0.4997101681025006,0.2333980703538691,alta,0,0,-0.3124216431687252,1.6418616562562918,-0.3522094326619164,-0.3934067096296302
2177.3347324239244,0.0923840744813602,0.0536854016079135,10.824376448148149,-0.0076159255186397,2A,bajo,14.0,Palermo,2,38.12,0.6025892031094838,1.4779400349506384,0.0020354411558041,0.3173293561387364,0.7185047022536231,alta,0,2,0.3021013795280758,-0.8204782831854232,-0.255326935488688,-0.533875635443728
1290.3225806451612,0.1261962351456514,0.0846798822168471,7.924166666666666,0.0261962351456514,3A,bajo,15.0,Agronomia,1,62.0,0.7037522574977044,2.977744763973183,0.0016924644253836,0.3560200247570848,0.3145034612612011,alta,0,1,-1.1821357726169262,0.0634109048792813,-0.3694355799351599,-0.028786502607812
1708.3333333333333,0.2493618920960292,0.1975817344213601,4.010235852777778,0.1493618920960292,monoamb,medio,12.0,Villa Urquiza,1,12.0,1.149142670630098,2.5627207263521203,0.0016590377581003,0.4997101681025006,0.2333980703538691,alta,0,1,-2.031563557842886,-0.3203401744753502,-1.284840318156703,-1.3685130306589803
2180.149168100975,0.1233138304115232,0.0820376778772296,8.109390460606061,0.0233138304115232,3A,alto,6.0,Caballito,1,34.86,1.064729605801446,0.3268078423293709,0.0014709557236647,0.6815238874122538,0.2822013725531903,alta,0,1,-0.9378335549598528,-0.9360087712157514,-1.1314197108683566,-0.3800384266930348
3520.0,0.0688343100794462,0.0320981175728257,14.52763888888889,-0.0311656899205537,4+A,bajo,13.0,Nuñez,1,125.0,3.0693698249851344,4.10673325352064,0.001811257462251,0.3242107629327673,0.3362126271488234,alta,0,0,0.9781549445835532,2.545489244077569,-0.5966315922502697,1.2687848499323855
3805.797101449276,0.0389331210050921,0.0046886942546678,25.68507158388889,-0.0610668789949078,3A,medio,12.0,Saavedra,3,69.0,2.862842017325819,3.907627616712244,0.0016590377581003,0.4997101681025006,0.2333980703538691,alta,0,0,1.5974138839317449,2.388224640977589,-0.4449639617541021,0.0210519290882749
3358.208955223881,0.0602297631417989,0.0242106162133156,16.603087042625422,-0.039770236858201,4+A,alto,6.0,Caballito,3,134.0,0.7626481569879165,0.2308240141898761,0.0014709557236647,0.6815238874122538,0.2822013725531903,media,0,2,0.9619261734731908,-1.0407842940201564,-0.2375926746240484,1.0407161165413266
1063.888888888889,0.1160199427151573,0.0753516141555609,8.61920784132016,0.0160199427151573,4+A,medio,10.0,Villa Luro,2,108.0,3.4187649622222573,1.4621639193329354,0.0007950753514594,0.4818638493693606,0.3093771634352494,media,0,0,-1.7763830424676803,2.137827617958154,-2.0735808816738115,0.9740427062222844
2242.4242424242425,0.0748366489229637,0.0376002615127167,13.362436912820511,-0.0251633510770362,2A,bajo,13.0,Nuñez,1,33.0,2.1633673422487054,3.048588558488383,0.001811257462251,0.3242107629327673,0.3362126271488234,media,0,0,0.0037711359175402,1.2970358947054903,-0.9521950261988285,-0.2023125425897789
2602.7397260273974,0.0596390525263003,0.0236691314824419,16.767536666666665,-0.0403609474736996,4+A,bajo,14.0,Palermo,1,73.0,0.4627151427544828,1.9484774336589088,0.0020354411558041,0.3173293561387364,0.7185047022536231,media,0,2,0.6231292908761609,-0.50588038669439,0.2468559620729509,0.2764758116413599
800.0,0.2129966161653582,0.1642468981515784,4.694910266666668,0.1129966161653582,monoamb,alto,1.0,Monserrat,2,25.0,0.3358560063402045,1.9462171388663785,0.0018408245339653,1.3599759089981835,0.497858621461092,alta,0,1,-2.889167575243211,-1.785907662228574,0.5935362614899039,-1.303292650215667
1642.857142857143,0.2333702055376969,0.1829226884095555,4.285037148148148,0.1333702055376969,monoamb,bajo,13.0,Belgrano,2,14.0,1.7370374883438735,2.412532603510622,0.001811257462251,0.3242107629327673,0.3362126271488234,alta,0,1,-1.4111882209124955,0.010660739771127,-1.6662405286087028,-1.333539959503594
1609.3092349591482,0.0943738853163433,0.0555093948733147,10.59615164351852,-0.0056261146836566,monoamb,alto,1.0,Retiro,1,40.39,0.5017557952577651,2.1237063024384653,0.0018408245339653,1.3599759089981835,0.497858621461092,alta,0,1,-1.617742920567251,-1.0571872279173455,1.1290729823996908,-0.4284364181735039
2535.3616226314384,0.0672620893153763,0.0306569152057616,14.867215844444445,-0.0327379106846237,2A,medio,12.0,Villa Urquiza,2,37.47,0.6519658549756929,2.05189753080736,0.0016590377581003,0.4997101681025006,0.2333980703538691,alta,0,2,0.2798384306163916,-0.2827487045656613,-0.289909190599315,-0.4459485867177919
2083.333333333333,0.1874370222255153,0.140817270373389,5.335125303030304,0.0874370222255153,monoamb,bajo,15.0,Villa Crespo,1,12.0,0.3592746602703421,0.5180408508198034,0.0016924644253836,0.3560200247570848,0.3145034612612011,alta,0,1,-1.01838489074308,-1.617681473292682,-1.4218122364705876,-1.0768479453519804
1511.3350125944585,0.2981952626315016,0.2423456574122098,3.3535073333333334,0.1981952626315016,monoamb,bajo,13.0,Colegiales,2,11.91,0.4070325316803118,1.5263813786748406,0.001811257462251,0.3242107629327673,0.3362126271488234,alta,0,1,-1.9717867260805932,-1.6480917379390745,-1.547889698277494,-1.740507444033807
1818.1818181818185,0.2342962777818941,0.1837715879667362,4.268100242424243,0.1342962777818941,monoamb,alto,2.0,Recoleta,1,11.0,0.4032645879636915,3.1346428449271104,0.0014373274573867,1.0447534381885877,0.3343869191202226,alta,0,1,-2.590137144030881,-0.5073799699686051,0.2309099970597737,-1.626956402980933
1396.2264150943397,0.0978633101300295,0.0587080342858603,10.21833410980392,-0.0021366898699705,3A,alto,1.0,Constitucion,2,53.0,0.2387718525679534,1.3600434174596308,0.0018408245339653,1.3599759089981835,0.497858621461092,media,0,1,-1.5157688245856256,-1.719551319136904,1.0417533292129308,-0.3590386820406551
1228.8135593220338,0.1087017213533552,0.0686432445739089,9.199486333333336,0.0087017213533552,4+A,medio,11.0,Villa Santa Rita,1,118.0,1.1663049734415538,2.2178667721515093,0.0010693665978338,0.579459732816385,2.659087709873237,media,0,3,-1.8412453220324223,1.7894350799720304,2.2841479590696934,0.233303816754986
2606.521739130435,0.0511831401581009,0.0159178784782592,19.53768363783609,-0.048816859841899,2A,alto,1.0,Constitucion,1,46.0,0.5154629601219245,0.8838999689854412,0.0018408245339653,1.3599759089981835,0.497858621461092,alta,0,1,-0.506208884572291,-1.4804303111810715,0.9521925024649016,-0.155277224504979
3333.333333333333,0.0425993232330716,0.0080493796303156,23.474551333333338,-0.0574006767669283,monoamb,alto,1.0,Monserrat,2,30.0,0.0310061225913953,1.235545387745783,0.0018408245339653,1.3599759089981835,0.497858621461092,alta,0,1,0.3163840011129532,-1.6019710049483349,1.4040617374383877,-0.7533292444932507
1981.132075471698,0.0608561760472452,0.0247848280433081,16.432185933333333,-0.0391438239527547,2A,bajo,15.0,Villa Crespo,1,53.0,0.4463882400495225,1.2979272253850551,0.0016924644253836,0.3560200247570848,0.3145034612612011,alta,0,1,-0.1077683453978215,-0.7127262988446806,-0.5492066157779563,0.1295536758320436
1899.268429938098,0.0552213449317595,0.0196195661874462,18.1089396,-0.0447786550682404,3A,alto,3.0,Balvanera,1,71.08,0.4476261500201736,1.741903350745119,0.0010344625327268,0.9331491918927998,0.3306390495886265,media,0,1,-1.233181436166407,-0.0416232802163212,0.4367460003427433,0.2416715534041863
1530.6122448979593,0.0817907006074975,0.0439748088902061,12.226328819444443,-0.0182092993925024,3A,alto,1.0,San Nicolas,1,98.0,0.6681024215030139,1.4093664463166105,0.0018408245339653,1.3599759089981835,0.497858621461092,alta,0,1,-1.5199610389486162,-1.3020741182030398,1.035948758827966,0.6967103964213627
4061.9565217391305,0.034198011693662,0.0003481773858568,29.241466110888894,-0.0658019883063379,2A,medio,12.0,Saavedra,3,46.0,2.862842017325819,3.907627616712244,0.0016590377581003,0.4997101681025006,0.2333980703538691,alta,0,0,1.8081026383855436,2.4336746604025,-0.4879795568124817,-0.3789428424866815
3746.7741935483873,0.0440113541796693,0.0093437413313635,22.72140947805556,-0.0559886458203306,3A,medio,12.0,Saavedra,3,62.0,2.862842017325819,3.907627616712244,0.0016590377581003,0.4997101681025006,0.2333980703538691,alta,0,0,1.5110784678323586,2.369963766706157,-0.4951788032316818,-0.1130495277351892
3877.096774193548,0.0425319809299326,0.0079876491857715,23.511719372944444,-0.0574680190700674,3A,medio,12.0,Saavedra,3,62.0,2.862842017325819,3.907627616712244,0.0016590377581003,0.4997101681025006,0.2333980703538691,alta,0,0,1.6171603157115408,2.3831859889378566,-0.4785534310089505,-0.1218927596780185
4738.095238095239,0.0363913816563928,0.0023587665183601,27.479033619607847,-0.0636086183436071,2A,bajo,13.0,Belgrano,7,42.0,1.5810457309167485,1.8027194658553831,0.001811257462251,0.3242107629327673,0.3362126271488234,alta,0,2,3.647918635415609,0.2589592121820847,-0.5086175786659838,-1.2496073518126178
2375.1522533495736,0.0600759686620241,0.0240696379401887,16.645590945454547,-0.0399240313379758,monoamb,bajo,15.0,Villa Crespo,3,32.84,0.1966081895828015,1.3461756051813265,0.0016924644253836,0.3560200247570848,0.3145034612612011,alta,0,2,0.6657801675177296,-0.9137948208084228,-0.3732649504955304,-0.6605756992854631
1846.774193548387,0.0582126262793518,0.0223615740894058,17.17840379166507,-0.0417873737206481,4+A,medio,10.0,Monte Castro,2,124.0,3.000300015637281,3.257406621687695,0.0007950753514594,0.4818638493693606,0.3093771634352494,media,0,0,-0.8112157846984384,3.026549644498637,-0.8573238913013792,1.1982270450678174
2969.230769230769,0.0529732516887937,0.0175588140480609,18.87745169722222,-0.0470267483112062,3A,medio,12.0,Villa Urquiza,5,65.0,0.6687499313327882,1.9739877533815489,0.0016590377581003,0.4997101681025006,0.2333980703538691,alta,0,2,1.462158461921144,-0.3762675476788441,-0.0414785986680846,-0.5090717380649926
2373.0378578024006,0.0841775887575218,0.046162789694395,11.879646527777778,-0.0158224112424781,3A,medio,12.0,Villa Urquiza,3,75.81,1.3758308684060327,2.826788317252501,0.0016590377581003,0.4997101681025006,0.2333980703538691,media,0,2,0.2605273717920978,0.5043698207262761,-0.3103327156016299,-0.0012869389358533
2105.2631578947367,0.0798737310620093,0.0422175868068419,12.519760711111113,-0.0201262689379906,2A,bajo,15.0,Chacarita,2,38.0,0.7830690811066626,0.2702774820637276,0.0016924644253836,0.3560200247570848,0.3145034612612011,alta,0,2,0.107237441172234,-1.1055239602556486,-1.1841646240654804,-0.274307620881266
3312.5,0.0547644039311317,0.0192007036035374,18.26003623188405,-0.0452355960688682,4+A,bajo,7.0,Parque Chacabuco,3,160.0,0.8888970000136616,1.1714482699801338,0.0007389240721516,0.4306612690454279,0.2791624172439522,media,0,2,0.6515686632924336,0.5447089843893986,-0.2917856030195048,1.369282135125297
2386.3636363636365,0.0866932741498636,0.048468834637375,11.534920209280994,-0.0133067258501363,3A,bajo,14.0,Palermo,2,44.0,0.5421072629774542,0.6207170550771081,0.0020354411558041,0.3173293561387364,0.7185047022536231,media,0,2,0.5343060981957041,-1.2816191134444532,-0.4684352516157809,-0.3694984457524849
2027.027027027027,0.0999664118536081,0.0606358775324741,10.00335994318182,-3.358814639183028e-05,3A,medio,10.0,Villa Luro,2,37.0,3.699712612562264,1.347483211210647,0.0007950753514594,0.4818638493693606,0.3093771634352494,media,0,0,-0.9877469362382018,2.4347397039559278,-2.377417485420131,-0.2272211624201535
1923.076923076923,0.0851986464661433,0.0470987592606313,11.737275666666669,-0.0148013535338566,2A,bajo,15.0,Villa Crespo,2,39.0,0.6008190282584303,1.1075224950991942,0.0016924644253836,0.3560200247570848,0.3145034612612011,alta,0,2,-0.096236128994155,-0.8293180464093781,-0.820136348615654,-0.354365936449442
1619.06494451519,0.0813694938159795,0.0435887026646479,12.289618050980392,-0.0186305061840204,3A,alto,1.0,San Telmo,2,54.97,0.7328502398599077,0.9228721256191792,0.0018408245339653,1.3599759089981835,0.497858621461092,media,0,1,-1.2113233793437892,-1.5219094744385309,0.712517832790656,-0.1764176896670115
1277.584204413473,0.0774533149692212,0.0399988720551194,12.911003233333334,-0.0225466850307788,4+A,alto,1.0,San Nicolas,1,86.1,0.3161281094288522,2.343731728863895,0.0018408245339653,1.3599759089981835,0.497858621461092,media,0,1,-1.708062010486225,-1.058182702533921,1.5111781670568782,0.4170286868671539
1931.8181818181813,0.0851986464661433,0.0470987592606313,11.737275666666669,-0.0148013535338566,2A,bajo,13.0,Nuñez,1,44.0,1.7325029208301663,2.5709054865474394,0.001811257462251,0.3242107629327673,0.3362126271488234,alta,0,0,-0.275258737189375,0.676531964556768,-0.9199250521538808,-0.0418881904501384
3454.515545319954,0.0598419064464578,0.0238550809092529,16.710697559322032,-0.0401580935535422,2A,bajo,14.0,Palermo,2,60.79,0.5457232314727664,0.7376370295871485,0.0020354411558041,0.3173293561387364,0.7185047022536231,media,0,2,1.5237533818846318,-1.0649012305922934,-0.1734910729660964,-0.1019872063346194
1949.6632399858208,0.0790023812686056,0.0414188494962218,12.657846307189544,-0.0209976187313943,monoamb,bajo,7.0,Flores,2,28.21,2.6199995379733765,1.2190711747596326,0.0007389240721516,0.4306612690454279,0.2791624172439522,alta,0,0,-0.8584813480531149,1.7531922208290571,-1.9138710040804117,-0.4020933257320047
1587.6777251184833,0.0902851328223309,0.0517613717538034,11.076020699530517,-0.009714867177669,2A,bajo,7.0,Flores,1,42.2,2.376248918590663,0.0472980321703259,0.0007389240721516,0.4306612690454279,0.2791624172439522,alta,0,0,-1.4018104727799052,0.9383126029855844,-2.257884352868144,0.0785115153943157
2041.6666666666667,0.0869373943532074,0.0486926114904401,11.502530153333336,-0.0130626056467925,monoamb,alto,1.0,San Nicolas,2,24.0,0.6159432083812927,1.8758359135790232,0.0018408245339653,1.3599759089981835,0.497858621461092,alta,0,1,-1.0000998261674707,-1.0854416804635851,1.016775195159057,-0.8724209941134017
2261.904761904762,0.0672620893153763,0.0306569152057616,14.867215844444445,-0.0327379106846237,2A,bajo,15.0,Chacarita,1,42.0,0.9639937082319676,0.463089147821925,0.0016924644253836,0.3560200247570848,0.3145034612612011,alta,0,2,0.0669722615585279,-0.7793434429691656,-1.1657478564457822,0.0219433455882084
1500.0,0.0852341459021708,0.0471313004103233,11.732387172011665,-0.0147658540978291,2A,alto,1.0,Constitucion,1,48.0,0.5230294384793908,1.0834423576071248,0.0018408245339653,1.3599759089981835,0.497858621461092,alta,0,1,-1.582086799825867,-1.5628781191090015,0.8004723952938761,-0.1558165852224073
4027.5229357798166,0.0488687015370404,0.013796309742287,20.46299509803921,-0.0511312984629595,4+A,medio,12.0,Villa Urquiza,6,109.0,0.6534991853166421,1.1527904986941622,0.0016590377581003,0.4997101681025006,0.2333980703538691,media,0,2,2.5620917027179257,-0.8049894184501364,-0.0333187837461881,0.0154626450861423
3653.191489361702,0.037215483313691,0.0031141930375501,26.870536426222223,-0.0627845166863089,2A,medio,12.0,Saavedra,3,47.0,2.862842017325819,3.907627616712244,0.0016590377581003,0.4997101681025006,0.2333980703538691,alta,0,0,1.488631512754971,2.3975948305458106,-0.5300983886806898,-0.3271438845083355
3461.538461538461,0.0615323557811035,0.0254046594660115,16.251612461538464,-0.0384676442188965,monoamb,bajo,14.0,Palermo,4,26.0,0.4627261096814245,1.9952221464090016,0.0020354411558041,0.3173293561387364,0.7185047022536231,alta,0,2,1.9425315990202563,-0.5387718600962925,0.2511518796120232,-1.1855732367896914
3828.7581699346406,0.0517021106776312,0.0163936014544952,19.341570138888887,-0.0482978893223688,3A,medio,12.0,Saavedra,3,76.5,2.862842017325819,3.907627616712244,0.0016590377581003,0.4997101681025006,0.2333980703538691,media,0,0,1.517831023645865,2.3386360275537026,-0.4665622920268495,0.0900110090891174
3828.2258064516127,0.0430749423886125,0.0084853638562282,23.21535316236111,-0.0569250576113874,3A,medio,12.0,Saavedra,3,62.0,2.862842017325819,3.907627616712244,0.0016590377581003,0.4997101681025006,0.2333980703538691,alta,0,0,1.5774722405802166,2.3782709178404526,-0.4847412297288351,-0.1185250496678052
1492.8801102434545,0.1074813693880577,0.0675245886057195,9.303938028455285,0.0074813693880577,3A,alto,3.0,Balvanera,1,43.54,0.2800303584439931,2.380849474925584,0.0010344625327268,0.9331491918927998,0.3306390495886265,media,0,1,-1.975181166105704,-0.0281740542030091,0.4148841619025302,-0.4827981217663715
1338.0281690140846,0.0829565768222974,0.0450435287537726,12.054499333333336,-0.0170434231777025,4+A,medio,11.0,Villa Santa Rita,2,142.0,1.513593553389239,1.781735724117782,0.0010693665978338,0.579459732816385,2.659087709873237,media,0,3,-1.287647731194798,1.8548817737026864,2.171495227867817,0.6402780096341271
2969.230769230769,0.0529732516887937,0.0175588140480609,18.87745169722222,-0.0470267483112062,3A,medio,12.0,Villa Urquiza,5,65.0,0.6687499313327882,1.9739877533815489,0.0016590377581003,0.4997101681025006,0.2333980703538691,alta,0,2,1.462158461921144,-0.3762675476788441,-0.0414785986680846,-0.5090717380649926
2498.530276308054,0.0551285359486809,0.0195344912862908,18.13942603030303,-0.044871464051319,2A,bajo,7.0,Parque Chacabuco,2,34.02,0.8165025001951559,1.229700828963946,0.0007389240721516,0.4306612690454279,0.2791624172439522,media,0,0,-0.2556759970547912,0.5858498639400649,-0.7864342855736458,-0.5071746772234542
2372.313703600335,0.0751752762936558,0.0379106699358512,13.302245755555557,-0.0248247237063441,2A,bajo,15.0,Parque Chas,2,35.83,1.030274861928875,1.6991997460983783,0.0016924644253836,0.3560200247570848,0.3145034612612011,alta,0,2,0.2804748877637225,-0.1475373086684335,-0.7725618608732483,-0.4093846465243391
1094.6555054732776,0.2756426797434048,0.2216724564314544,3.627885206060606,0.1756426797434048,monoamb,medio,4.0,Parque Patricios,1,15.53,1.1124384642707683,0.6828804319140075,0.0003390684780865,0.6643909367912209,0.3621231466264265,media,0,1,-3.7929902630691177,0.0411286103357433,-1.85199528081317,-1.472785564127957
2372.313703600335,0.0751752762936558,0.0379106699358512,13.302245755555557,-0.0248247237063441,2A,bajo,15.0,Parque Chas,2,35.83,1.030274861928875,1.6991997460983783,0.0016924644253836,0.3560200247570848,0.3145034612612011,alta,0,2,0.2804748877637225,-0.1475373086684335,-0.7725618608732483,-0.4093846465243391
2448.7179487179487,0.0579886075424012,0.0221562235805344,17.24476655641026,-0.0420113924575987,monoamb,alto,3.0,Balvanera,4,39.0,0.3767612803895458,1.7797895898630802,0.0010344625327268,0.9331491918927998,0.3306390495886265,media,0,1,-0.1360804655371269,-0.159838892380466,0.5004836001320645,-0.9432928108095398
2744.739249771272,0.0468592555563788,0.0119543175933472,21.34050121212121,-0.0531407444436211,3A,alto,6.0,Caballito,1,54.65,1.4517583028027972,0.8053398048328345,0.0014709557236647,0.6815238874122538,0.2822013725531903,media,0,2,0.0605304924955375,-0.1060587881663948,-0.7463997167568603,0.2349885467836732
2993.2651534048387,0.0603490412468515,0.0243199544762805,16.570271529411766,-0.0396509587531484,2A,bajo,13.0,Nuñez,1,40.09,2.4339957348434043,3.384484265981683,0.001811257462251,0.3242107629327673,0.3362126271488234,alta,0,0,0.6505612070433123,1.7602576718751124,-0.8316638779652925,-0.0987927058586332
2911.764705882353,0.0430296194273451,0.0084438178083996,23.23980582,-0.0569703805726549,monoamb,alto,1.0,San Telmo,3,34.0,1.3315719176977316,0.5632276942492904,0.0018408245339653,1.3599759089981835,0.497858621461092,alta,0,2,0.2702846608356292,-1.0946920874345103,0.4784860339946196,-0.5897306764442808
2679.33359777866,0.0584674334408249,0.0225951473207562,17.103538519646193,-0.041532566559175,3A,bajo,15.0,Villa Crespo,4,75.63,0.0821801469199484,0.9184367459460674,0.0016924644253836,0.3560200247570848,0.3145034612612011,media,0,2,1.1847601962071763,-1.2614479396339306,-0.2480872226543644,-0.1255151932839069
2883.582089552239,0.0485085461246157,0.0134661672808977,20.61492417090909,-0.0514914538753842,monoamb,bajo,15.0,Villa Crespo,4,33.5,0.0821801469199484,0.9184367459460674,0.0016924644253836,0.3560200247570848,0.3145034612612011,alta,0,2,1.388691358724124,-1.1893429189877738,-0.3436911640959088,-0.8214903138290609
3610.3542234332426,0.0522444530216916,0.0168907486032173,19.14078801025641,-0.0477555469783083,monoamb,bajo,14.0,Palermo,1,29.36,0.2822794715272663,0.827549658992956,0.0020354411558041,0.3173293561387364,0.7185047022536231,alta,0,2,1.432394282529848,-1.1091136754960365,-0.1022700818531278,-0.4802730376030004
1909.090909090909,0.067617973385828,0.0309831422703423,14.78896734,-0.0323820266141719,monoamb,alto,1.0,Monserrat,5,33.0,0.3135218572985909,1.2649627081190342,0.0018408245339653,1.3599759089981835,0.497858621461092,alta,0,1,-0.1759409948022677,-1.6909936646438926,1.1514123961664224,-1.1597233613774405
1528.125,0.101053609305446,0.0616324751966588,9.895737587931036,0.001053609305446,2A,alto,1.0,Monserrat,1,32.0,0.2195979476200708,0.94408721391409,0.0018408245339653,1.3599759089981835,0.497858621461092,alta,0,1,-1.6865088701769215,-1.900166402709619,0.7946836881257529,-0.5288978760976489
1773.006134969325,0.1004329899083039,0.0610635740826119,9.95688768115942,0.0004329899083039,4+A,bajo,7.0,Flores,2,163.0,2.294914341073929,0.9646473982012164,0.0007389240721516,0.4306612690454279,0.2791624172439522,media,0,0,-1.071120737825895,1.2237804109406316,-1.444689142697582,1.7918930740350114
1740.644038294169,0.120698082493703,0.0796399089525611,8.285135764705883,0.020698082493703,3A,medio,9.0,Mataderos,2,34.47,5.982778204426731,3.0745166012529044,0.0005686137567445,0.5253496665574764,0.3428690900660959,media,0,0,-1.6629418629017818,5.1334982200695904,-3.02071062108902,-0.2188683358466822
2162.024672516852,0.0696924928093052,0.0328847850751964,14.348747758761204,-0.0303075071906947,3A,bajo,15.0,Villa Crespo,2,78.63,0.8582285905698008,0.866985603009033,0.0016924644253836,0.3560200247570848,0.3145034612612011,media,0,2,0.2265737999921084,-0.7217567737458574,-0.819532703598182,0.4131623002497691
2610.3169670602856,0.0745983120143938,0.0373817860131943,13.405129057170209,-0.0254016879856061,4+A,bajo,14.0,Palermo,2,80.45,0.2442798830368821,1.002427737842546,0.0020354411558041,0.3173293561387364,0.7185047022536231,media,0,2,0.7988643330162329,-1.2576633900453338,0.0247991729913661,0.2036917582345255
2621.964324091984,0.0614547613854148,0.0253335312699636,16.272132174242422,-0.0385452386145851,3A,medio,10.0,Velez Sarsfield,1,46.53,3.1287479236124014,1.4032785702546315,0.0007950753514594,0.4818638493693606,0.3093771634352494,media,0,0,-0.4927290151772743,2.2695881566155705,-1.8478920901983185,0.1349247986056802
2093.0232558139537,0.0634256590359066,0.0271401874495811,15.766489701492535,-0.0365743409640933,monoamb,alto,6.0,Caballito,2,43.0,1.1847825533858087,0.7312335329304543,0.0014709557236647,0.6815238874122538,0.2822013725531903,media,0,1,-0.2969478358968943,-0.4716363986274617,-0.7605960007060815,-0.1719109508516276
2438.702873714737,0.0736853158626104,0.0365448728740595,13.571224989583332,-0.0263146841373895,4+A,alto,6.0,Caballito,1,75.86,1.6424574816599729,1.137898885883949,0.0014709557236647,0.6815238874122538,0.2822013725531903,media,0,1,-0.3747530498277389,0.07573224230043,-0.7843346351421108,0.5116345700230404
4651.595744680851,0.0316633048616313,-0.0019753038768379,31.58230021692308,-0.0683366951383687,monoamb,alto,3.0,Balvanera,5,37.6,0.2283964628251377,3.33410837437412,0.0010344625327268,0.9331491918927998,0.3306390495886265,media,0,2,1.8552227945597692,0.7328098765643073,1.4476364884303992,-1.445590722946168
2083.792723263506,0.0934786927004825,0.054688801642109,10.697625,-0.0065213072995174,3A,bajo,14.0,Palermo,1,90.7,0.3709131530778384,1.8926282729508108,0.0020354411558041,0.3173293561387364,0.7185047022536231,alta,0,1,-0.0063639769334438,-0.7656434619890232,0.162903721118303,0.4826984172723715
3133.6871367197373,0.0457970208189864,0.0109806024174042,21.83548148148148,-0.0542029791810135,monoamb,bajo,15.0,Chacarita,6,39.57,0.4856887616583777,0.266156913202988,0.0016924644253836,0.3560200247570848,0.3145034612612011,media,0,2,2.108019156187634,-1.3053058427342867,-0.6765908777849092,-0.9938538771541946
2349.2286115007014,0.0490845933372109,0.01399421055911,20.372991442141625,-0.050915406662789,3A,alto,5.0,Almagro,1,71.3,1.3187327495491543,1.0736196066621346,0.0013072260551381,0.7262366972989581,0.8153691824811038,alta,0,1,-0.4377053602004758,0.3281240300653628,0.0889422944425872,0.3068844309212758
3335.7505438723715,0.0555643346518325,0.0199339734308465,17.997156022222224,-0.0444356653481674,monoamb,medio,12.0,Villa Urquiza,2,27.58,1.100054489923213,2.493109384394708,0.0016590377581003,0.4997101681025006,0.2333980703538691,alta,0,2,0.9262274548273488,0.3646098834264959,-0.2946444834756968,-0.6337916576298989
3912.3630672926447,0.0429067199495215,0.008331159953728,23.306372549019606,-0.0570932800504785,3A,bajo,14.0,Palermo,3,63.9,0.2671697873832429,1.8340139316600044,0.0020354411558041,0.3173293561387364,0.7185047022536231,alta,0,2,2.19714112351933,-0.6460578164699872,0.5143657118135448,-0.3426801783791988
1236.0515021459228,0.1419977441102388,0.0991645987677189,7.0423654,0.0419977441102388,3A,medio,12.0,Villa Pueyrredon,1,58.25,2.7712679307310943,4.219736997900029,0.0016590377581003,0.4997101681025006,0.2333980703538691,alta,0,0,-1.583100370116194,2.045487262719172,-1.0059387784471532,0.0190656318089674
3015.454202789295,0.0585740694454735,0.022692896991684,17.07240096969697,-0.0414259305545264,monoamb,bajo,15.0,Villa Crespo,4,26.53,0.4280467673526,1.1968871658532063,0.0016924644253836,0.3560200247570848,0.3145034612612011,alta,0,2,1.3882328627108265,-0.8215609385482496,-0.4828834947826261,-0.9762347795213402
2000.0,0.0828320173976393,0.0449293492811693,12.0726264,-0.0171679826023606,2A,alto,5.0,Almagro,1,36.0,1.1219944435391316,1.7696736664675432,0.0013072260551381,0.7262366972989581,0.8153691824811038,alta,0,1,-0.9990285397728128,0.4261521816330383,0.1530653291491841,-0.4840462786830928
4318.181818181818,0.0381151839453799,0.0039389186165982,26.236263254901964,-0.0618848160546201,2A,bajo,13.0,Nuñez,4,44.0,3.0693698249851344,4.10673325352064,0.001811257462251,0.3242107629327673,0.3362126271488234,alta,0,0,2.493302007242744,2.622931784292052,-0.6075604495571999,-0.6173045326615894
4363.636363636364,0.0377181507792822,0.0035749715476753,26.512434447058823,-0.0622818492207178,2A,bajo,13.0,Nuñez,4,44.0,3.0693698249851344,4.10673325352064,0.001811257462251,0.3242107629327673,0.3362126271488234,alta,0,0,2.529368395696676,2.627107520316574,-0.6022325501685508,-0.6209078895726564
2727.047146401985,0.072980121744097,0.0358984449320889,13.702361356788014,-0.0270198782559029,monoamb,bajo,14.0,Palermo,3,40.3,0.4482367707352732,0.7911845912047906,0.0020354411558041,0.3173293561387364,0.7185047022536231,alta,0,2,1.1273571266905955,-1.229596094868372,-0.2571110849975458,-0.6231372656383359
3157.894736842105,0.0603490412468515,0.0243199544762805,16.570271529411766,-0.0396509587531484,2A,bajo,13.0,Belgrano,1,38.0,1.517483512007199,1.6750774712776468,0.001811257462251,0.3242107629327673,0.3362126271488234,alta,0,2,0.8410150409268671,0.2223621975268634,-0.9472824012525428,-0.132579225653296
1856.4872757613684,0.0660528832153246,0.0295484762807142,15.139384555555552,-0.0339471167846754,2A,medio,11.0,Villa Devoto,1,47.94,0.4846112619436237,3.775515959802197,0.0010693665978338,0.579459732816385,2.659087709873237,alta,0,3,-1.1418818524902925,2.3486140234008377,3.172904142871186,-1.067243904914176
2166.333333333333,0.0668584546818481,0.0302869167916941,14.956971481895426,-0.0331415453181518,monoamb,bajo,7.0,Flores,3,30.0,2.723449553341883,0.3772518060583718,0.0007389240721516,0.4306612690454279,0.2791624172439522,alta,0,0,-0.3280981109270557,1.4011158460669022,-2.166377299870363,-0.4427930297407545
1735.1778656126482,0.1191919549683913,0.0782592920543587,8.389827990196077,0.0191919549683913,4+A,medio,12.0,Villa Urquiza,1,103.73,0.8762778173936667,1.7279822243423242,0.0016590377581003,0.4997101681025006,0.2333980703538691,media,0,1,-0.908384800017997,-0.5239497995175945,-0.5893890335606258,0.7877808729483909
2810.810810810811,0.0566265157704846,0.0209076394562775,17.65957142857143,-0.0433734842295153,4+A,alto,5.0,Almagro,3,111.0,0.2670758830111516,2.0078018656492795,0.0013072260551381,0.7262366972989581,0.8153691824811038,media,0,2,0.3243077974228109,-0.0432082028509181,1.1981145213700546,0.3064079019292527
2188.321167883212,0.0682043867640907,0.0315206878670831,14.66181352027778,-0.0317956132359092,3A,alto,2.0,Recoleta,1,68.5,0.5175120376490169,2.0926036159646206,0.0014373274573867,1.0447534381885877,0.3343869191202226,media,0,1,-0.949693879062195,-0.3712235480224335,0.6927236776950254,0.134042792853417
2750.0,0.0619626519753769,0.0257990976440955,16.13875404166667,-0.038037348024623,3A,medio,12.0,Villa Pueyrredon,3,60.0,2.809186112698147,4.24943665780427,0.0016590377581003,0.4997101681025006,0.2333980703538691,alta,0,0,0.6340997814398357,2.3858695304156865,-0.5049962966457784,-0.1444019850719504
2780.0,0.0505675419673152,0.0153535801367056,19.775531123232327,-0.0494324580326847,3A,alto,6.0,Caballito,1,50.0,0.1950771550733421,0.9991049660964854,0.0014709557236647,0.6815238874122538,0.2822013725531903,media,0,1,0.0576053325304933,-0.9125915056419028,-0.0347602370178971,-0.049684702182154
2273.823468614346,0.0535377967284582,0.0180763136677533,18.678392857142857,-0.0464622032715417,4+A,alto,5.0,Almagro,1,145.13,0.6500676057079865,1.1912490584833548,0.0013072260551381,0.7262366972989581,0.8153691824811038,media,0,1,-0.4871880860878602,-0.1504987444335606,0.7303060341010991,1.450214677813461
2250.0,0.0591657267125995,0.0232352494865495,16.901676960000003,-0.0408342732874004,monoamb,alto,1.0,Constitucion,5,32.0,0.1132637047840565,1.411532487949939,0.0018408245339653,1.3599759089981835,0.497858621461092,alta,0,1,0.1330993653159618,-1.7057012687533022,1.368734126547226,-1.219154902334321
675.6756756756756,0.2523924702913029,0.2003597644336943,3.962083333333333,0.1523924702913029,4+A,alto,1.0,Constitucion,2,111.0,0.2370564032717822,0.8331626664611549,0.0018408245339653,1.3599759089981835,0.497858621461092,alta,0,1,-3.200041808464598,-2.6378183760832328,0.3923212993888507,0.0805416943410667
1644.7368421052631,0.0944132077685585,0.0555454404545119,10.591738419177195,-0.0055867922314414,2A,alto,1.0,Constitucion,1,39.52,0.1132637047840565,1.411532487949939,0.0018408245339653,1.3599759089981835,0.497858621461092,alta,0,1,-1.5626878146920953,-1.704794971201913,1.0815630684378803,-0.4396742060661803
2012.6556440089807,0.0486354658776344,0.0135825103878315,20.561127192982458,-0.0513645341223655,4+A,bajo,14.0,Palermo,3,244.95,0.7521608221131487,1.5693637503872435,0.0020354411558041,0.3173293561387364,0.7185047022536231,alta,0,2,0.8767766660183893,-0.6726210492407376,0.6339485711579342,3.01747834426186
2028.125,0.0787660830195469,0.041202242767918,12.69581984611111,-0.021233916980453,2A,alto,5.0,Almagro,1,32.0,1.358346366618112,1.3769008488267676,0.0013072260551381,0.7262366972989581,0.8153691824811038,alta,0,1,-0.9359556663955207,0.4087553657612713,-0.109510774515209,-0.4725875818960864
3054.945054945055,0.0635520608647165,0.0272560557926568,15.735130952380953,-0.0364479391352834,3A,bajo,14.0,Palermo,2,91.0,1.1545685703625932,1.1007842593820825,0.0020354411558041,0.3173293561387364,0.7185047022536231,alta,0,2,1.202190054251362,-0.4938964723126836,-0.3075232075073971,0.4929901733471961
2548.067307692308,0.0904806609748481,0.0519406058936108,11.052085486842106,-0.0095193390251518,4+A,bajo,14.0,Palermo,2,104.0,0.7304488787001667,0.8341492952636004,0.0020354411558041,0.3173293561387364,0.7185047022536231,alta,0,2,0.6439083211559719,-1.0728592930074363,-0.2779962117436516,0.6212289113891006
2775.208140610546,0.0567990976440955,0.0210658395070875,17.6059135,-0.0432009023559044,4+A,bajo,13.0,Nuñez,1,86.48,1.69226997098638,2.637183125033859,0.001811257462251,0.3242107629327673,0.3362126271488234,media,0,0,0.5792631313243822,0.8133853653305516,-0.5394949662336594,0.6934046323269834
2950.0,0.0462094353714675,0.0113586490905119,21.640602010416668,-0.0537905646285324,4+A,alto,6.0,Caballito,1,100.0,0.7921500995741438,0.8271964451077136,0.0014709557236647,0.6815238874122538,0.2822013725531903,media,0,2,0.243037342214044,-0.5769477772742716,-0.203395425234862,0.8932947430095868
1071.8446601941748,0.1157590305246512,0.0751124446475969,8.638634890666667,0.0157590305246512,2A,bajo,15.0,Villa Crespo,4,51.5,0.4957640517870016,0.9246969752774692,0.0016924644253836,0.3560200247570848,0.3145034612612011,alta,0,1,-0.4465078792205466,-1.2551489482647598,-0.9132488191986572,-0.5414567657097397
3734.211971444261,0.0689106699358512,0.0321681141078636,14.511540824242424,-0.0310893300641487,monoamb,bajo,15.0,Villa Crespo,1,18.21,0.5332483193272708,0.997072781107838,0.0016924644253836,0.3560200247570848,0.3145034612612011,alta,0,2,1.0921388309933515,-0.7131130853975175,-0.7155451461949124,-0.6650904583609158
1771.3365539452495,0.0774533149692212,0.0399988720551194,12.911003233333334,-0.0225466850307788,2A,alto,5.0,Boedo,2,43.47,0.5407360470581852,1.6549905275088463,0.0013072260551381,0.7262366972989581,0.8153691824811038,alta,0,1,-0.8633872304264179,-0.0902912101640437,0.4829068515608907,-0.5590122075833945
978.2608695652174,0.1135981952881911,0.0731316790141751,8.80295675,0.013598195288191,2A,medio,9.0,Parque Avellaneda,2,46.0,3.0904921159430176,1.2944125402191091,0.0005686137567445,0.5253496665574764,0.3428690900660959,media,0,0,-2.0625701350240933,2.108383054682652,-2.106187736009021,-0.1413545189364632
1586.658733306889,0.1022392277529366,0.0627192921068585,9.780981546696758,0.0022392277529365,3A,alto,1.0,San Nicolas,1,75.63,0.1172021841961936,2.6558247210022627,0.0018408245339653,1.3599759089981835,0.497858621461092,alta,0,1,-1.6941838225893755,-1.1039097639899058,1.6186267917478472,0.0417044907035355
2794.1176470588234,0.0448413928769175,0.0101046101371744,22.30082376666667,-0.0551586071230824,monoamb,alto,3.0,San Cristobal,4,34.0,0.1148039227532178,0.5347215173933592,0.0010344625327268,0.9331491918927998,0.3306390495886265,alta,0,2,0.2640685791446532,-0.9262521616118836,0.2578643484330917,-0.9415130753917306
2147.058823529412,0.0583552373055776,0.0224923008634461,17.136422473333337,-0.0416447626944223,monoamb,alto,5.0,Boedo,2,34.0,0.3384073949280289,1.2961922843676834,0.0013072260551381,0.7262366972989581,0.8153691824811038,alta,0,1,-0.4309294596691769,-0.3247819198213764,0.5351735065196267,-0.6775358693043974
2307.692307692308,0.0578133672448829,0.0219955866411427,17.297037824561404,-0.042186632755117,4+A,bajo,15.0,Villa Crespo,2,91.0,0.2182253123169812,1.269178004401672,0.0016924644253836,0.3560200247570848,0.3145034612612011,media,0,2,0.4220110418546349,-0.9239668335204506,-0.2304425297079962,0.5379208156325908
3212.5,0.0449909472722824,0.0102417016662589,22.226693604561405,-0.0550090527277175,2A,alto,6.0,Caballito,4,56.0,0.7720404617936905,0.3870564240337638,0.0014709557236647,0.6815238874122538,0.2822013725531903,media,0,2,1.174748496407539,-0.9046259646405672,-0.3885322330038968,-0.3958403610127007
2141.428571428572,0.0738880856610982,0.03673074518934,13.533981711025644,-0.0261119143389017,3A,alto,6.0,Caballito,2,70.0,0.7683547888447392,1.3293618702266068,0.0014709557236647,0.6815238874122538,0.2822013725531903,media,0,1,-0.3488463540363445,-0.5073549280569881,-0.2645471355913318,0.1287671607150598
2728.156065475746,0.024202017699166,-0.0088148171090977,41.318869047619046,-0.0757979823008339,4+A,alto,5.0,Boedo,2,267.58,1.2063970436603133,1.2765632708299124,0.0013072260551381,0.7262366972989581,0.8153691824811038,media,0,2,0.3753791957539553,0.3161638392198065,1.0901237869140057,3.4883145542132064
2625.0,0.0567990976440955,0.0210658395070875,17.6059135,-0.0432009023559044,2A,alto,5.0,Boedo,3,40.0,0.7544191980240021,1.4282162045092153,0.0013072260551381,0.7262366972989581,0.8153691824811038,alta,0,2,0.168595552709343,0.0301394258274258,0.458745240004407,-0.7637739803199934
1562.4791666666667,0.1022397389558913,0.0627197607095671,9.780932641381485,0.0022397389558913,3A,bajo,15.0,Chacarita,1,48.0,0.9639937082319676,0.463089147821925,0.0016924644253836,0.3560200247570848,0.3145034612612011,media,0,1,-0.7113411893761589,-0.952734907885423,-1.3403522964453185,0.0533302835035196
3465.491923641704,0.0433213456607508,0.0087112335223549,23.08330881111112,-0.0566786543392491,monoamb,medio,12.0,Villa Pueyrredon,4,34.05,2.4464755024805664,3.889784351858078,0.0016590377581003,0.4997101681025006,0.2333980703538691,alta,0,0,1.548030239832079,2.0213958180388167,-0.369367204812793,-0.78979251115543
4012.7388535031846,0.0480747562459624,0.0130685265587989,20.8009375,-0.0519252437540375,3A,medio,12.0,Villa Urquiza,3,78.5,0.7635650987793914,2.0984311389445103,0.0016590377581003,0.4997101681025006,0.2333980703538691,media,0,2,1.7664958477984631,-0.0852476380957108,0.044301612373931,-0.0114299863064587
2510.6382978723404,0.0469314577991467,0.0120205029825511,21.30766967179488,-0.0530685422008532,2A,alto,3.0,Balvanera,5,47.0,0.4048825542433726,2.7616474337402823,0.0010344625327268,0.9331491918927998,0.3306390495886265,alta,0,2,0.2085466559106915,0.3705641018310432,0.9453280276153844,-1.0291971156213655
1946.428571428572,0.1094294541766978,0.0693103329953063,9.138307483333334,0.0094294541766978,3A,bajo,13.0,Nuñez,2,56.0,2.69820885564026,3.6458562834676935,0.001811257462251,0.3242107629327673,0.3362126271488234,alta,0,0,-0.2509805500467507,1.7918429898508674,-1.071509654717795,-0.0900183976088714
2224.595123687489,0.0681589171729146,0.031479007408505,14.671594583333334,-0.0318410828270853,3A,medio,11.0,Villa Devoto,2,56.19,1.503411357101253,4.013279912235919,0.0010693665978338,0.579459732816385,2.659087709873237,alta,0,3,-0.6585082565483154,3.168719576671279,2.7969981881355896,-1.046205583428716
1776.6497461928932,0.1109730269096824,0.0707252746672089,9.011198737634407,0.0109730269096824,4+A,bajo,13.0,Nuñez,2,66.98,3.1392343762628574,4.157441527546559,0.001811257462251,0.3242107629327673,0.3362126271488234,media,0,0,-0.4033547117602984,2.352746886488837,-1.1046587566723525,0.1257710996983634
3136.3636363636365,0.0401297972485457,0.0057856474778336,24.919139107692303,-0.0598702027514542,2A,alto,3.0,Balvanera,6,44.0,0.3524480958528082,2.676845361349928,0.0010344625327268,0.9331491918927998,0.3306390495886265,alta,0,2,0.9636780948353468,0.3101619691880761,1.04201625483878,-1.3074389364498902
2100.0,0.2393676257858312,0.188420323637012,4.177674389830508,0.1393676257858312,monoamb,alto,6.0,Caballito,1,10.0,0.8508070622704671,0.9839551720225436,0.0014709557236647,0.6815238874122538,0.2822013725531903,alta,0,1,-1.9427894728546893,-1.161963004464148,-1.3379016039478422,-1.38338768762631
2652.447361225048,0.0658752421129974,0.0293856386035809,15.180209862222224,-0.0341247578870026,2A,bajo,15.0,Paternal,3,36.57,1.0314774896112653,1.157004050950065,0.0016924644253836,0.3560200247570848,0.3145034612612011,alta,0,2,0.8235110877529677,-0.4222095719328598,-0.873183159492631,-0.5268196676224639
1310.5263157894738,0.0760218284009948,0.0386866760342453,13.154116666666669,-0.0239781715990051,4+A,alto,1.0,Monserrat,2,190.0,0.2336581472514856,1.753703728267186,0.0018408245339653,1.3599759089981835,0.497858621461092,alta,0,1,-1.3489139330324305,-1.5185833344367063,1.7585016166020904,2.038921960079453
2332.053742802303,0.1246382569339767,0.083251735522812,8.02321875,0.0246382569339767,4+A,bajo,13.0,Belgrano,3,104.2,0.6100589488731708,1.5032827058814149,0.001811257462251,0.3242107629327673,0.3362126271488234,alta,0,2,0.2791075836354826,-0.923535123174168,-0.5458662706833997,0.3332686392519942
2272.7272727272725,0.0567990976440955,0.0210658395070875,17.605913500000003,-0.0432009023559044,monoamb,alto,1.0,Retiro,3,33.0,0.5204701654207161,2.219018913588928,0.0018408245339653,1.3599759089981835,0.497858621461092,alta,0,1,-0.3574366456076195,-0.897711169266269,1.3924257623591452,-0.8406552303773607
1859.31205453982,0.0674489284523634,0.0308281844146665,14.826032421052632,-0.0325510715476365,3A,alto,1.0,San Nicolas,2,64.54,0.167287950526813,1.3246722682785956,0.0018408245339653,1.3599759089981835,0.497858621461092,alta,0,1,-0.9333864751618224,-1.6563806908075434,1.267526269593809,-0.0913580944470983
3477.4193548387098,0.0444847582146081,0.0097776950300574,22.479609649122807,-0.0555152417853918,4+A,bajo,14.0,Palermo,1,155.0,1.1527477956846688,0.988348646739565,0.0020354411558041,0.3173293561387364,0.7185047022536231,alta,0,2,1.4500673452877102,-0.4516780934047377,-0.0367989937548988,1.806308434631084
884.2072889435645,0.1646037849725889,0.1198868028915398,6.075194444444445,0.0646037849725889,4+A,alto,1.0,Constitucion,1,130.06,0.4468150919886084,1.0398679733651346,0.0018408245339653,1.3599759089981835,0.497858621461092,alta,0,1,-2.60560466931955,-2.013464794084008,0.7564324900936399,0.9571485043530849
884.2072889435645,0.1646037849725889,0.1198868028915398,6.075194444444445,0.0646037849725889,4+A,alto,1.0,Constitucion,1,130.06,0.4468150919886084,1.0398679733651346,0.0018408245339653,1.3599759089981835,0.497858621461092,alta,0,1,-2.60560466931955,-2.013464794084008,0.7564324900936399,0.9571485043530849
4150.246305418719,0.0455066954418569,0.0107144708217022,21.97478833148148,-0.054493304558143,2A,bajo,14.0,Palermo,3,40.6,0.2671697873832429,1.8340139316600044,0.0020354411558041,0.3173293561387364,0.7185047022536231,alta,0,2,2.3368667098468863,-0.6284197405175436,0.4397273075660318,-0.777626775616976
2087.773476577792,0.039436323483016,0.0051499631927647,25.357333333333333,-0.0605636765169839,4+A,alto,1.0,San Nicolas,2,229.91,0.167287950526813,1.3246722682785956,0.0018408245339653,1.3599759089981835,0.497858621461092,alta,0,1,-0.4605231523909559,-1.63180338237786,1.9935139157827428,2.81234813458626
1729.5053614666206,0.0851986464661433,0.0470987592606313,11.737275666666669,-0.0148013535338566,3A,medio,11.0,Villa Devoto,2,57.82,1.8821364962184448,4.421290685602004,0.0010693665978338,0.579459732816385,2.659087709873237,alta,0,3,-1.1688126210686454,3.559854208240057,2.6381624749033747,-1.0182563564260607
1101.6949152542372,0.1022383757593719,0.0627185111127576,9.781063055555554,0.0022383757593719,3A,medio,4.0,La Boca,1,59.0,2.663584251554306,2.383263470345578,0.0003390684780865,0.6643909367912209,0.3621231466264265,media,0,0,-2.4813859571473507,2.6511298023886143,-1.2287361590097474,0.0862403015500374
4186.046511627907,0.0402326941645676,0.0058799696508537,24.855407294117647,-0.0597673058354323,2A,bajo,13.0,Colegiales,2,43.0,0.3540891670753202,1.5624303890341795,0.001811257462251,0.3242107629327673,0.3362126271488234,alta,0,2,2.006823478835126,-0.5788045514512336,-0.1526348150107279,-0.4111926482182883
2564.102564102564,0.0630981175728257,0.0268399411084235,15.848333333333333,-0.0369018824271742,3A,bajo,13.0,Colegiales,2,89.7,0.5461243087068416,1.139251036662428,0.001811257462251,0.3242107629327673,0.3362126271488234,alta,0,2,0.6907287259923549,-0.8693942370314844,-0.4625777987341096,0.5340473571239066
3113.4856300663228,0.0504134002758244,0.0152122835861724,19.83599587666667,-0.0495865997241755,3A,medio,12.0,Villa Urquiza,1,54.28,0.8555963071120763,2.0464916807740403,0.0016590377581003,0.4997101681025006,0.2333980703538691,media,0,2,0.5924421228453405,-0.0102678416465052,-0.2566747646377985,0.0566398802909279
2424.468481909735,0.0655374203585717,0.0290759686620241,15.25845836666667,-0.0344625796414282,monoamb,alto,1.0,Retiro,1,26.81,0.4745476850498457,2.198209401412708,0.0018408245339653,1.3599759089981835,0.497858621461092,alta,0,1,-0.810319131978152,-0.8756976944880448,1.3027622351805968,-0.6388745611793838
2879.1932496398435,0.0456747568617637,0.0108685271232834,21.89393154355556,-0.0543252431382362,2A,bajo,15.0,Villa Crespo,2,48.59,0.4611175080194905,0.8070957277152206,0.0016924644253836,0.3560200247570848,0.3145034612612011,alta,0,2,0.9245892390293332,-0.8894818497824368,-0.5829136152628241,-0.1247291712274901
2644.741023196696,0.0603955321579052,0.0243625711447465,16.557516165028247,-0.0396044678420947,monoamb,alto,6.0,Caballito,6,31.47,1.206127015429027,1.3232883384245389,0.0014709557236647,0.6815238874122538,0.2822013725531903,alta,0,2,1.0825425943029974,-0.2669302544124251,-0.4195955593789029,-1.2008764034301076
3173.1640979147783,0.0456421320354339,0.010838621032481,21.90958124444445,-0.054357867964566,2A,bajo,15.0,Paternal,4,44.12,1.5670382739963034,1.4489054248080897,0.0016924644253836,0.3560200247570848,0.3145034612612011,alta,0,2,1.5943819807247384,0.1719309394194815,-0.8732475598230017,-0.507686996611796
4696.969696969697,0.0396982940523248,0.0053901028812977,25.18999931538461,-0.0603017059476751,monoamb,bajo,14.0,Palermo,2,29.7,0.4023806484774009,1.1993474595064408,0.0020354411558041,0.3173293561387364,0.7185047022536231,alta,0,2,2.549784786437479,-0.7606973345503151,0.1383751465835618,-0.746171632198208
1600.0,0.0769154447263793,0.0395058243325144,13.00128996923077,-0.0230845552736206,2A,alto,3.0,Balvanera,2,45.0,0.1010595820332019,2.2922217542965253,0.0010344625327268,0.9331491918927998,0.3306390495886265,alta,0,1,-1.4059791654077587,-0.1274993943101991,0.6450346693352252,-0.5374398264942575
2060.737527114967,0.071746228603068,0.034767376219479,13.938014854166669,-0.0282537713969319,3A,alto,5.0,Almagro,1,46.1,0.7823623054926101,1.5837032614789344,0.0013072260551381,0.7262366972989581,0.8153691824811038,media,0,1,-0.8528306082749493,0.1246902430938804,0.3532253547151661,-0.3012745521622617
1554.4041450777202,0.0958484772744112,0.0568611041682102,10.433133925925926,-0.0041515227255887,4+A,alto,3.0,Balvanera,1,77.2,0.2477175892537043,3.0235888816189904,0.0010344625327268,0.9331491918927998,0.3306390495886265,media,0,1,-1.8455386149183912,0.3122485287668497,0.8343544480865783,0.0737403624052783
2412.809826716385,0.0503446547299937,0.0151492668358276,19.863081897435897,-0.0496553452700062,2A,alto,3.0,San Cristobal,1,45.59,0.5907725132505907,1.2715946140552277,0.0010344625327268,0.9331491918927998,0.3306390495886265,alta,0,1,-0.8195181167001696,-0.1222595412710209,0.1620599165707687,-0.1712455556610595
1421.9305441618812,0.0983061305378576,0.0591139529930362,10.172305577777776,-0.0016938694621423,2A,medio,9.0,Parque Avellaneda,1,36.57,2.248344280861164,1.1338734030602389,0.0005686137567445,0.5253496665574764,0.3428690900660959,media,0,0,-1.8590073636767648,1.5525635273931355,-1.681968294225464,-0.2029489502450541
2820.025348542459,0.0622237305651608,0.0260384196847307,16.071038989743588,-0.0377762694348391,monoamb,bajo,14.0,Palermo,1,31.56,0.7172366462205676,0.8252642323741897,0.0020354411558041,0.3173293561387364,0.7185047022536231,alta,0,2,0.7788149154512075,-0.8842862019875244,-0.4321790204387505,-0.3349831684987074
1588.235294117647,0.1987968417543344,0.1512304382748066,5.030260999999999,0.0987968417543344,monoamb,bajo,13.0,Belgrano,1,17.0,0.6240168117292296,1.715414015678863,0.001811257462251,0.3242107629327673,0.3362126271488234,alta,0,1,-1.3884531445393071,-0.9853794806344534,-1.2092509153877986,-1.032570895530431
1999.3848046754847,0.0720911623944289,0.0350835655282265,13.871325787878789,-0.027908837605571,2A,alto,3.0,Balvanera,1,32.51,0.356557751364744,2.1885787786909106,0.0010344625327268,0.9331491918927998,0.3306390495886265,alta,0,1,-1.3295061555828642,0.0922330029663421,0.4474630430360506,-0.5486339120847467
3055.555555555556,0.069707983472299,0.0328989848496074,14.34555914814815,-0.0302920165277009,2A,bajo,14.0,Palermo,2,36.0,1.018191493295664,0.5587297553641688,0.0020354411558041,0.3173293561387364,0.7185047022536231,alta,0,2,1.1468707397289863,-0.8667284139593472,-0.6510758260416044,-0.4405307342330518
2055.555555555556,0.0978633101300295,0.0587080342858603,10.21833410980392,-0.0021366898699705,2A,bajo,13.0,Colegiales,1,36.0,0.2121537743934907,1.0643526989606222,0.001811257462251,0.3242107629327673,0.3362126271488234,alta,0,1,-0.219623158670322,-1.2328579921879572,-0.7154764516143347,-0.3248379263618701
3878.374185541421,0.0408953503037487,0.006487404445103,24.45265763888889,-0.0591046496962512,monoamb,medio,12.0,Saavedra,1,32.23,2.2097045735913463,3.228477206428166,0.0016590377581003,0.4997101681025006,0.2333980703538691,alta,0,0,1.154058858362265,1.6689210426032657,-0.5357404959985704,-0.2837169192640765
1493.5064935064934,0.0833465019777489,0.0454009601462698,11.998104014814816,-0.0166534980222511,3A,bajo,7.0,Flores,1,61.6,1.7868988053826238,1.0387380355502256,0.0007389240721516,0.4306612690454279,0.2791624172439522,alta,0,0,-1.437985500432928,1.0439110221335317,-1.4992505706046726,0.2863203178613653
923.0769230769232,0.3904937963031569,0.3269526466112272,2.5608601454545457,0.2904937963031568,monoamb,bajo,15.0,Villa Crespo,1,13.0,0.3290950677900943,1.169449296373951,0.0016924644253836,0.3560200247570848,0.3145034612612011,alta,0,1,-3.4766443933372893,-2.113085096397742,-2.068807060665783,-1.86864748918631
3481.012658227848,0.0526682541790704,0.0172792329974812,18.98676946078432,-0.0473317458209295,4+A,medio,12.0,Villa Pueyrredon,3,79.0,1.6332197964106627,4.116803786044178,0.0016590377581003,0.4997101681025006,0.2333980703538691,media,0,2,1.2617467918327063,1.5426713375045855,0.2411185012820752,-0.0139804104154684
1065.573770491803,0.4128857482590023,0.3474786025707521,2.421977518518518,0.3128857482590023,monoamb,bajo,13.0,Colegiales,1,12.2,0.4295798166864068,1.246905097925183,0.001811257462251,0.3242107629327673,0.3362126271488234,alta,0,1,-3.430434524507237,-2.1825985844778306,-2.180725276749748,-1.9733919952079115
1416.7455061494795,0.085340881268257,0.0472291411625689,11.717713540555556,-0.0146591187317429,2A,medio,9.0,Liniers,2,42.28,4.165850536571727,3.5418988825102726,0.0005686137567445,0.5253496665574764,0.3428690900660959,media,0,0,-1.6188193894915444,4.183990228878977,-1.7423157546017911,-0.1778020422916855
1416.7455061494795,0.085340881268257,0.0472291411625689,11.717713540555556,-0.0146591187317429,2A,medio,9.0,Liniers,2,42.28,4.165850536571727,3.5418988825102726,0.0005686137567445,0.5253496665574764,0.3428690900660959,media,0,0,-1.6188193894915444,4.183990228878977,-1.7423157546017911,-0.1778020422916855
3014.8979735931653,0.0443312301448424,0.0096369609661055,22.55746111111111,-0.0556687698551575,4+A,alto,1.0,San Telmo,1,141.63,1.007921966156121,0.3458692411101629,0.0018408245339653,1.3599759089981835,0.497858621461092,alta,0,1,-0.0895684651471762,-1.4128651609108582,0.9026337913426236,1.5623245526214355
2857.1428571428573,0.0532491540413395,0.0178117245378946,18.779641066666667,-0.0467508459586604,2A,bajo,15.0,Villa Crespo,2,42.0,0.4280467673526,1.1968871658532063,0.0016924644253836,0.3560200247570848,0.3145034612612011,alta,0,2,0.8312217750500859,-0.7348567413421099,-0.4814956315585372,-0.3044527863060251
2952.3809523809523,0.0515314393948447,0.0162371527786076,19.40562910222222,-0.0484685606051552,2A,bajo,15.0,Villa Crespo,2,42.0,0.4280467673526,1.1968871658532063,0.0016924644253836,0.3560200247570848,0.3145034612612011,alta,0,2,0.9137402741365898,-0.7228608142842291,-0.4668264586409278,-0.3081378273247767
3047.619047619048,0.0499210819137558,0.0147609917542762,20.03161713777778,-0.0500789180862441,2A,bajo,15.0,Villa Crespo,2,42.0,0.4280467673526,1.1968871658532063,0.0016924644253836,0.3560200247570848,0.3145034612612011,alta,0,2,0.9954163808324328,-0.711258372843024,-0.4525821832929407,-0.3122912614499503
2043.4782608695648,0.0906368579427056,0.0520837864474801,11.033039126666669,-0.0093631420572943,monoamb,alto,1.0,San Telmo,1,23.0,0.933793442068452,0.875637177474545,0.0018408245339653,1.3599759089981835,0.497858621461092,alta,0,1,-1.2392604669385574,-1.3510617218757484,0.4402953861169377,-0.5949391914719322
1755.0027041644134,0.0853299232711759,0.0472190963319112,11.71921831948718,-0.0146700767288241,2A,medio,10.0,Floresta,3,36.98,2.712623451780654,1.027229286677186,0.0007950753514594,0.4818638493693606,0.3093771634352494,alta,0,0,-0.8037268567819004,1.55607061339414,-1.89833826395154,-0.4211335693892642
2000.0,0.0676577486642903,0.0310196029422661,14.780273061728394,-0.0323422513357097,monoamb,medio,10.0,Villa Luro,2,34.0,3.0858969626952093,1.6542575215666644,0.0007950753514594,0.4818638493693606,0.3093771634352494,media,0,0,-0.7619327762784356,2.274467528482079,-1.825245860922462,-0.2424934883629013
2934.782608695652,0.0435459748604732,0.0089171436221004,22.964235,-0.0564540251395267,2A,medio,11.0,Villa Devoto,1,46.0,1.3124091771448363,4.627303464565624,0.0010693665978338,0.579459732816385,2.659087709873237,alta,0,3,-0.2236783454438825,3.533981311993951,3.206614416444694,-1.0891294510783462
1221.8045112781954,0.3604558119721448,0.2994178276411327,2.774265157575757,0.2604558119721448,monoamb,alto,2.0,Recoleta,1,10.64,0.8278892402043339,2.569763836092341,0.0014373274573867,1.0447534381885877,0.3343869191202226,alta,0,1,-3.994736960934119,-0.996749464966209,-0.7475885964674177,-2.008690655491997
453.6280241935484,0.0420655051941175,0.0075600464279411,23.772447172222225,-0.0579344948058824,4+A,alto,1.0,Monserrat,1,992.0,0.2124044830501113,1.8371344690722908,0.0018408245339653,1.3599759089981835,0.497858621461092,alta,0,1,-1.528670082716857,-1.819443099152937,4.723650849144281,16.08091267437785
452.6209677419355,0.0421590986009971,0.0076458403842473,23.719672222222226,-0.0578409013990028,4+A,alto,1.0,Monserrat,1,992.0,0.2124044830501113,1.8371344690722908,0.0018408245339653,1.3599759089981835,0.497858621461092,alta,0,1,-1.5301345136291138,-1.819846411815461,4.72319719900475,16.080622543034046
1428.571428571429,0.0922985336716552,0.0536069891990173,10.834408307692309,-0.0077014663283447,2A,alto,3.0,Balvanera,1,42.0,0.3603193562120664,2.202854055387208,0.0010344625327268,0.9331491918927998,0.3306390495886265,alta,0,1,-1.8974142507102372,-0.0111105651011027,0.3576225971185204,-0.4093341072269825
1699.074948083821,0.0615323557811035,0.0254046594660115,16.251612461538464,-0.0384676442188965,2A,medio,10.0,Floresta,2,52.97,2.67671299361106,1.565414724299618,0.0007950753514594,0.4818638493693606,0.3093771634352494,alta,0,0,-0.9152414289643314,1.9292654289941145,-1.5707783273128135,0.0941646918059496
2768.729641693811,0.0551285359486809,0.0195344912862908,18.13942603030303,-0.044871464051319,monoamb,medio,11.0,Villa Devoto,2,30.7,1.9485256471261287,5.136875809514933,0.0010693665978338,0.579459732816385,2.659087709873237,alta,0,3,-0.2214524305964843,4.168768149804091,2.965605540379177,-1.521079663351834
2527.4725274725274,0.0728510165435138,0.035780098498221,13.726644423728812,-0.0271489834564861,monoamb,alto,6.0,Caballito,2,27.3,0.4540246378980311,0.6013331616223277,0.0014709557236647,0.6815238874122538,0.2822013725531903,alta,0,1,-0.0533078663332624,-1.0620582507622511,-0.4748982613144339,-0.6179723596640451
2693.2668329177054,0.0544324685755915,0.0188964295276256,18.371388000000003,-0.0455675314244084,monoamb,alto,5.0,Almagro,2,40.1,0.7293816514108117,0.3712492984093402,0.0013072260551381,0.7262366972989581,0.8153691824811038,media,0,1,0.0307728898206551,-0.4848119033562152,0.0785004330789011,-0.4902749605031709
2320.441988950276,0.069984602454332,0.0331525522498043,14.288857333333334,-0.0300153975456679,monoamb,alto,5.0,Almagro,4,36.2,0.2670758830111516,2.0078018656492795,0.0013072260551381,0.7262366972989581,0.8153691824811038,media,0,1,0.0705660082634065,-0.1226327190876236,0.8662202871540078,-1.1481900161394478
2496.76345478084,0.0609012546961691,0.024826150138155,16.420022953367877,-0.0390987453038308,3A,alto,2.0,Recoleta,1,54.07,0.9615969459121838,1.8297151907853773,0.0014373274573867,1.0447534381885877,0.3343869191202226,media,0,1,-0.670156152719524,-0.1377228584440636,0.3640420056172376,-0.0334244679032919
2725.0,0.0488524349003115,0.0137813986586189,20.469808762666663,-0.0511475650996884,monoamb,medio,12.0,Coghlan,2,40.0,1.5317675912642,2.5624441131420066,0.0016590377581003,0.4997101681025006,0.2333980703538691,media,0,2,0.5365208227189273,0.6907987814700457,-0.4794731190022727,-0.2696854598577689
1501.2868172719477,0.0770844896598439,0.0396607821881902,12.972778368421054,-0.022915510340156,3A,alto,1.0,San Nicolas,3,69.94,0.6159432083812927,1.8758359135790232,0.0018408245339653,1.3599759089981835,0.497858621461092,alta,0,1,-1.0441244759930142,-1.1497884009279569,1.207938174134258,-0.1694786909255014
2533.2691999358667,0.0678903796669644,0.0312328480280507,14.72962745098039,-0.0321096203330355,3A,bajo,14.0,Palermo,2,62.37,0.8750730010230593,1.2480835583446743,0.0020354411558041,0.3173293561387364,0.7185047022536231,alta,0,2,0.7715785962001122,-0.6480751800772876,-0.2691668445130685,-0.0009240881691223
2878.026496116948,0.0540943787086624,0.0185865138162738,18.486209175000003,-0.0459056212913375,3A,medio,12.0,Villa Urquiza,2,65.67,1.442836950331398,2.7494838499931418,0.0016590377581003,0.4997101681025006,0.2333980703538691,alta,0,2,0.613558594481355,0.7006354354319945,-0.2806890461369844,0.0976568674678303
2171.095268956578,0.0762972953428149,0.0389391873975803,13.106624494444445,-0.023702704657185,2A,alto,5.0,Almagro,1,30.86,0.8690659678057941,0.7233612156996359,0.0013072260551381,0.7262366972989581,0.8153691824811038,alta,0,1,-0.7847862122408218,-0.2645240529756382,-0.0644140035481546,-0.5085979646904698
2433.333333333333,0.0700262847666931,0.0331907610361353,14.280352061111111,-0.0299737152333068,2A,alto,2.0,Recoleta,1,30.0,1.182747932195833,2.2358666335695725,0.0014373274573867,1.0447534381885877,0.3343869191202226,alta,0,1,-0.8176524528480106,0.2088347538404569,0.2630042891695217,-0.4790874234943794
1875.0,0.0516355433128141,0.0163325813700796,19.36650485,-0.0483644566871858,4+A,alto,1.0,San Nicolas,3,88.0,0.167287950526813,1.3246722682785956,0.0018408245339653,1.3599759089981835,0.497858621461092,media,0,1,-0.5394220995075761,-1.65312471098614,1.4471837562169456,0.1905621420512862
3702.8357159596894,0.0507627555675713,0.0155325259369403,19.69948220539132,-0.0492372444324286,monoamb,bajo,14.0,Palermo,5,42.67,0.2430287810354836,1.1275405390771136,0.0020354411558041,0.3173293561387364,0.7185047022536231,alta,0,2,2.491502973421209,-1.1473289402455715,0.2121674216757949,-1.0237504095182386
2400.0,0.0525817646440214,0.0171999509236863,19.018,-0.0474182353559785,monoamb,bajo,13.0,Nuñez,1,50.0,3.0450555805391644,4.012189367392077,0.001811257462251,0.3242107629327673,0.3362126271488234,alta,0,0,0.2578882250310367,2.512843427697913,-0.9160912595136294,0.2022267953356249
2816.9014084507044,0.0539591427618907,0.0184625475317332,18.53254052631579,-0.0460408572381092,4+A,bajo,14.0,Palermo,2,74.55,0.3308239186926691,1.036061708940868,0.0020354411558041,0.3173293561387364,0.7185047022536231,media,0,2,1.1054626328407433,-1.0868968707496318,0.0681033572753902,0.1780975729531798
3000.0,0.0520658395070875,0.0167270195481636,19.20645109090909,-0.0479341604929124,monoamb,alto,2.0,Recoleta,1,30.0,0.1038096818265914,2.170485835557475,0.0014373274573867,1.0447534381885877,0.3343869191202226,alta,0,1,-0.2545362628826818,-0.4973441302435176,0.9335682200801632,-0.606848653575254
2966.6666666666665,0.0526508489397514,0.0172632781947721,18.99304607878788,-0.0473491510602485,monoamb,alto,2.0,Recoleta,1,30.0,0.1038096818265914,2.170485835557475,0.0014373274573867,1.0447534381885877,0.3343869191202226,alta,0,1,-0.2832906951150284,-0.5014833625633459,0.9284980889927206,-0.6054882501584465
3531.29030276976,0.0362128326939695,0.0021950966361387,27.6145202020202,-0.0637871673060304,4+A,alto,2.0,Recoleta,3,162.83,1.5601119455630352,2.195449789119387,0.0014373274573867,1.0447534381885877,0.3343869191202226,media,0,2,0.8044553691866464,0.4883276765237611,0.8129554834706498,1.482184748274624
2057.900244157656,0.0866426913215016,0.0484224670447098,11.541654405555557,-0.0133573086784983,2A,alto,6.0,Caballito,2,28.67,0.9082547156243276,0.7029209038704309,0.0014709557236647,0.6815238874122538,0.2822013725531903,alta,0,1,-0.5088039006107478,-0.7634757688362023,-0.7695420260976366,-0.5472387338047247
1837.209302325581,0.0862771103454616,0.0480873511500064,11.590559720833332,-0.0137228896545384,3A,alto,5.0,Almagro,1,43.0,0.7335670055941068,1.2658748208463682,0.0013072260551381,0.7262366972989581,0.8153691824811038,media,0,1,-1.1181080219871624,-0.1412264696638271,0.1785144770200241,-0.3708099877049555
2195.3896816684965,0.0578399411084235,0.0220199460160549,17.28909090909091,-0.0421600588915764,4+A,alto,2.0,Recoleta,1,163.98,0.1716950050500655,3.3738090641977947,0.0014373274573867,1.0447534381885877,0.3343869191202226,media,0,1,-0.8583392050308897,0.0364001171604329,1.7211424399538833,1.645196642510134
2450.911640953717,0.0609432378155531,0.024864634664257,16.408711382000003,-0.0390567621844468,monoamb,alto,1.0,Constitucion,3,28.52,0.0213152766287837,1.5042686335853015,0.0018408245339653,1.3599759089981835,0.497858621461092,alta,0,1,-0.2319989214043794,-1.6303190128293057,1.3856111195004308,-0.96253152202006
2564.7736194713425,0.0625949239343093,0.0263786802731169,15.975736324074074,-0.0374050760656906,monoamb,alto,1.0,Constitucion,3,38.21,0.0213152766287837,1.5042686335853015,0.0018408245339653,1.3599759089981835,0.497858621461092,alta,0,1,-0.157294274999055,-1.6349351925697408,1.4234211675675508,-0.8185480211107614
1770.8333333333333,0.082191635414397,0.0443423324631973,12.166688191056911,-0.0178083645856029,3A,alto,3.0,Balvanera,1,48.0,0.4256603506072922,1.5789112775216454,0.0010344625327268,0.9331491918927998,0.3306390495886265,media,0,1,-1.5437723005752162,-0.2362456797018172,0.1896431856676969,-0.2420605929501762
2600.0,0.0546145169654764,0.0190633072183534,18.310150040000003,-0.0453854830345235,monoamb,alto,3.0,San Cristobal,6,30.0,0.6718452472222596,1.1247922231404972,0.0010344625327268,0.9331491918927998,0.3306390495886265,alta,0,2,0.5098384730092997,-0.3499007712667258,0.1646183312077717,-1.371437991701732
2900.0,0.0381924966917194,0.0040097886340761,26.183153410256413,-0.0618075033082805,2A,alto,3.0,Balvanera,7,50.0,0.3524480958528082,2.676845361349928,0.0010344625327268,0.9331491918927998,0.3306390495886265,alta,0,2,1.0568118574121248,0.2571626330871311,1.0829728962898737,-1.352977671175346
3456.7901234567903,0.0456421320354339,0.010838621032481,21.90958124444445,-0.054357867964566,3A,alto,6.0,Caballito,1,81.0,0.8497997631483439,0.6657214149823819,0.0014709557236647,0.6815238874122538,0.2822013725531903,media,0,2,0.6104542031927404,-0.5771430989917011,-0.3162649369020033,0.5350100036400915
2345.679012345679,0.0498143033469676,0.014663111401387,20.074555555555555,-0.0501856966530323,4+A,alto,1.0,Retiro,1,162.0,0.4635285702770047,2.598900962734797,0.0018408245339653,1.3599759089981835,0.497858621461092,alta,0,1,-0.6876372044837656,-0.6962862789115162,1.995006409821556,1.6994555867196603
2549.965541006203,0.0644746513797841,0.0281017637648021,15.509971416666668,-0.0355253486202158,3A,bajo,13.0,Belgrano,2,72.55,1.479497675105925,2.320766821919712,0.001811257462251,0.3242107629327673,0.3362126271488234,alta,0,2,0.6082159566758208,0.4193250584438479,-0.607024783877698,0.2642622035715445
3140.096618357488,0.0425993232330716,0.0080493796303156,23.47455133333333,-0.0574006767669283,2A,alto,3.0,Balvanera,2,41.4,0.3282343983420167,2.4081625643638604,0.0010344625327268,0.9331491918927998,0.3306390495886265,alta,0,1,-0.0284293764457294,0.3155380106326665,0.8153077952881017,-0.6088679497774712
2421.875,0.0549668686878343,0.0193862962971815,18.19277728333333,-0.0450331313121656,2A,bajo,15.0,Villa Crespo,3,64.0,0.7107426532145867,1.2250557243597466,0.0016924644253836,0.3560200247570848,0.3145034612612011,media,0,2,0.7565423736730899,-0.6051051519196975,-0.5546111381865808,-0.0352324425947338
2906.9767441860463,0.0681589171729146,0.031479007408505,14.671594583333334,-0.0318410828270853,3A,medio,12.0,Coghlan,2,43.0,0.5500143954827079,1.6031706240260368,0.0016590377581003,0.4997101681025006,0.2333980703538691,media,0,2,0.56292744641672,-0.5742922031371098,-0.3487673908122864,-0.3754042981031996
3672.28,0.0348007150051779,0.0009006554214131,28.735041790124445,-0.065199284994822,2A,bajo,15.0,Villa Ortuzar,4,50.0,0.6374857800723628,0.489255952664892,0.0016924644253836,0.3560200247570848,0.3145034612612011,alta,0,2,2.088354608760657,-0.9281365791379104,-0.614632383605918,-0.4631379278549681
4494.696428571428,0.0401095688635102,0.005767104791551,24.93170653125,-0.0598904311364897,3A,bajo,15.0,Villa Ortuzar,4,56.0,0.6374857800723628,0.489255952664892,0.0016924644253836,0.3560200247570848,0.3145034612612011,alta,0,2,2.646058590042794,-0.9017011797785992,-0.5460434471696877,-0.4809460896202249
2222.222222222222,0.0425993232330716,0.0080493796303156,23.47455133333333,-0.0574006767669283,4+A,alto,1.0,Constitucion,1,90.0,0.526251430910641,0.2483724664361087,0.0018408245339653,1.3599759089981835,0.497858621461092,media,0,1,-0.6702361938119573,-1.8207960955894733,0.8801312896935911,0.7295918205520477
1535.0389321468297,0.0987810393810357,0.0595492860992827,10.1234002625,-0.0012189606189642,3A,alto,5.0,Almagro,1,44.95,0.932462588798324,1.338608775824323,0.0013072260551381,0.7262366972989581,0.8153691824811038,media,0,1,-1.438636235308018,-0.02594431729035,0.0308966600153491,-0.3361668815007011
2514.029180695848,0.0532491540413395,0.0178117245378946,18.779641066666667,-0.0467508459586604,2A,alto,5.0,Almagro,1,44.55,1.358346366618112,1.3769008488267676,0.0013072260551381,0.7262366972989581,0.8153691824811038,alta,0,1,-0.3768548754366737,0.5243978759139716,0.0768856205470589,-0.2051720047024582
2891.5105250983115,0.0511191878796859,0.0158592555563788,19.562126111111112,-0.048880812120314,2A,medio,12.0,Villa Urquiza,5,43.23,0.7231411904495264,2.1787791030634667,0.0016590377581003,0.4997101681025006,0.2333980703538691,alta,0,2,1.40066107436319,-0.2161134837226244,-0.0748948057415954,-0.8715291522696297
1600.0,0.1106399089525611,0.0704199165398477,9.03832992513369,0.0106399089525611,3A,bajo,7.0,Flores,2,45.0,3.135691819736261,1.070771936437271,0.0007389240721516,0.4306612690454279,0.2791624172439522,media,0,0,-1.3499891115377467,1.898358429287347,-2.335768669334678,-0.1320712445238732
1770.320802991537,0.105373534400872,0.0655924065341327,9.490048954756556,0.005373534400872,4+A,bajo,15.0,Paternal,2,101.62,1.56705261345207,1.4438557984226714,0.0016924644253836,0.3560200247570848,0.3145034612612011,media,0,1,-0.352876407158868,-0.0802489193514978,-1.0824658241749856,0.7405247973978769
1685.7142857142858,0.098390285028813,0.0591910946097452,10.163605072463769,-0.0016097149711869,4+A,bajo,7.0,Flores,2,175.0,1.4756541106105006,1.3710409838011075,0.0007389240721516,0.4306612690454279,0.2791624172439522,media,0,0,-1.1206153660266898,0.8457547432634154,-0.8179137424611128,1.8703321535639423
1961.5032080659944,0.0744492845288261,0.0372451774847573,13.431962527629231,-0.0255507154711738,3A,bajo,7.0,Parque Chacabuco,1,54.55,1.085911112468791,0.7799998133950897,0.0007389240721516,0.4306612690454279,0.2791624172439522,media,0,0,-1.017056761584714,0.4718166403450904,-1.169019881225026,0.078035981287646
1808.5106382978724,0.071416512478973,0.0344651364390586,14.002363953216374,-0.0285834875210269,4+A,bajo,15.0,Villa Crespo,1,94.0,0.2182253123169812,1.269178004401672,0.0016924644253836,0.3560200247570848,0.3145034612612011,media,0,1,-0.2911146579422204,-0.9627431117236116,-0.3459088962850293,0.7717402575772158
2698.4126984126983,0.0890796953969304,0.0506563874471862,11.225902777777778,-0.0109203046030695,4+A,bajo,13.0,Belgrano,1,126.0,1.1693973346107285,1.5215923264678275,0.001811257462251,0.3242107629327673,0.3362126271488234,alta,0,2,0.3377015994259146,-0.2884701732299911,-0.6507087775122974,1.256555571569318
2273.063823485858,0.0945444106954392,0.0556657098041526,10.577039855072464,-0.0054555893045607,4+A,bajo,7.0,Parque Chacabuco,2,135.06,0.6233660802682564,1.1201341199617982,0.0007389240721516,0.4306612690454279,0.2791624172439522,media,0,1,-0.6692366651188967,0.1764099926882895,-0.5328212393464421,1.0464505537179547
1812.346611289409,0.0709988720551194,0.0340822993838594,14.0847308,-0.0290011279448805,3A,medio,11.0,Villa Gral. Mitre,2,52.97,2.298929770205266,0.8967458297268509,0.0010693665978338,0.579459732816385,2.659087709873237,media,0,3,-0.8700870408227662,2.0757522403779936,1.2014325213912402,-0.6947887826295024
3092.075125973431,0.0473325813700796,0.0123881995892396,21.1270962,-0.0526674186299203,2A,medio,12.0,Coghlan,1,43.66,0.6208206131162347,1.624286127532632,0.0016590377581003,0.4997101681025006,0.2333980703538691,alta,0,2,0.6133857114523511,-0.3829416385243576,-0.3101088286749406,-0.103690303705067
2963.414634146341,0.0490856399393418,0.0139951699443966,20.37255705,-0.0509143600606581,2A,alto,5.0,Boedo,2,41.0,0.1549853450370805,1.727910356893554,0.0013072260551381,0.7262366972989581,0.8153691824811038,alta,0,2,0.2224955796361175,-0.1514158426862747,0.9167984565115722,-0.6751625413673304
2227.2727272727275,0.0652030457649056,0.0287694586178301,15.336706871111112,-0.0347969542350944,2A,bajo,15.0,Agronomia,1,44.0,1.3710877553618952,3.473059840792561,0.0016924644253836,0.3560200247570848,0.3145034612612011,alta,0,0,-0.0580949467118714,1.089220817850883,-0.2947365494528141,-0.1303873569453953
2294.455066921606,0.0526574967742135,0.0172693720430291,18.99064826966292,-0.0473425032257864,4+A,bajo,15.0,Chacarita,2,156.9,0.9639937082319676,0.463089147821925,0.0016924644253836,0.3560200247570848,0.3145034612612011,media,0,2,0.5120258623139167,-0.8302512390493478,-0.6597956254710688,1.8494405419369568
1670.8183972294792,0.0718043865307993,0.0348206876532327,13.926725765856464,-0.0281956134692006,3A,bajo,15.0,Villa Crespo,1,98.754,0.6008190282584303,1.1075224950991942,0.0016924644253836,0.3560200247570848,0.3145034612612011,media,0,1,-0.3885134396136899,-0.7858589849821871,-0.603720380788022,0.9320510744674184
1357.0887035633054,0.1128011040408058,0.0724010120374053,8.865161458333334,0.0128011040408057,3A,bajo,15.0,Chacarita,1,65.95,0.4856887616583777,0.266156913202988,0.0016924644253836,0.3560200247570848,0.3145034612612011,alta,0,1,-0.9222101937041812,-1.4587425452983662,-1.1494421376087276,0.2884770142487046
1419.7530864197531,0.0889029354429321,0.0504943574893544,11.248222513888887,-0.0110970645570678,3A,bajo,7.0,Parque Chacabuco,2,81.0,1.0266825482259878,0.8245708338682066,0.0007389240721516,0.4306612690454279,0.2791624172439522,media,0,0,-1.264300293637575,0.31004211727292,-1.0968897471112944,0.3323834034811954
1804.4707783463505,0.0902851328223309,0.0517613717538034,11.076020699530517,-0.009714867177669,2A,bajo,7.0,Flores,1,37.13,2.2023613753715634,1.3433403032576132,0.0007389240721516,0.4306612690454279,0.2791624172439522,alta,0,0,-1.2948984502581755,1.5070322237347622,-1.7021705339251756,-0.1658349564459608
2375.0,0.072867263424991,0.0357949914729084,13.723583856410256,-0.027132736575009,2A,bajo,15.0,Villa Ortuzar,1,32.0,0.4202535075073175,1.1876124998980528,0.0016924644253836,0.3560200247570848,0.3145034612612011,alta,0,2,0.0767918718543513,-0.7978666074930902,-0.6653855242695089,-0.3199070814460971
2339.363693075484,0.0567990976440955,0.0210658395070875,17.605913500000003,-0.0432009023559044,monoamb,alto,5.0,Boedo,1,32.06,0.7077889125825582,1.4175233600401616,0.0013072260551381,0.7262366972989581,0.8153691824811038,alta,0,1,-0.534087234107906,0.063754646658665,0.3652040504452666,-0.5031955148156542
1011.4942528735633,0.0968166437115265,0.0577485900688993,10.328802586666669,-0.0031833562884735,4+A,alto,1.0,Constitucion,2,87.0,0.4013209574350665,1.313051516603567,0.0018408245339653,1.3599759089981835,0.497858621461092,media,0,1,-1.7680468807586036,-1.6658973872246978,1.0331094906092977,0.2939063382228407
2808.988764044944,0.037487404445103,0.0033634540746778,26.67562651515152,-0.0625125955548969,4+A,bajo,7.0,Parque Chacabuco,2,89.0,1.0779478602521866,1.2496083763827084,0.0007389240721516,0.4306612690454279,0.2791624172439522,media,0,0,0.1339617184747252,0.8359930642742315,-0.6251910305531854,0.5005035178976529
1376.1467889908256,0.0738388269373242,0.0366855913592138,13.543010384615386,-0.0261611730626757,2A,alto,3.0,Balvanera,1,54.5,0.3084866933575588,2.609415970533183,0.0010344625327268,0.9331491918927998,0.3306390495886265,alta,0,1,-1.7989053576989802,0.2218672602716787,0.6444074038170365,-0.1516607925667616
1550.0,0.0537527879756918,0.0182733889777175,18.60368620232724,-0.0462472120243081,4+A,medio,10.0,Villa Real,2,160.0,2.4568911378002825,3.930980333016522,0.0007950753514594,0.4818638493693606,0.3093771634352494,media,0,0,-0.9932963292157244,2.968469497094927,-0.2035349211794403,1.7339171338142194
1665.6565656565656,0.0880082901258333,0.0496742659486805,11.362565942028986,-0.0119917098741666,3A,bajo,13.0,Belgrano,2,99.0,2.4721155634253384,2.4147061547619386,0.001811257462251,0.3242107629327673,0.3362126271488234,alta,0,0,-0.2152769086972659,1.0245682680625778,-1.1742404296484017,0.8401449612633223
1222.2222222222222,0.0968166437115265,0.0577485900688993,10.328802586666669,-0.0031833562884735,3A,alto,3.0,San Cristobal,1,63.0,0.2565017188106509,1.2386849409625442,0.0010344625327268,0.9331491918927998,0.3306390495886265,media,0,1,-2.0340348778031485,-0.6298083278742289,0.1092062984488944,0.0192271211838146
2804.878048780488,0.0555643346518325,0.0199339734308465,17.997156022222224,-0.0444356653481674,2A,bajo,15.0,Villa Ortuzar,2,41.0,0.3277882989851703,0.9139072286529224,0.0016924644253836,0.3560200247570848,0.3145034612612011,alta,0,2,0.7861676849819319,-0.9655147636712086,-0.5462032073293784,-0.3149971340684257
1666.6666666666667,0.0730274112566942,0.0359417936519697,13.693488277777778,-0.0269725887433057,3A,bajo,7.0,Parque Chacabuco,1,63.0,0.4050816142188619,1.4716249813762503,0.0007389240721516,0.4306612690454279,0.2791624172439522,alta,0,1,-1.235683624060354,0.3291438201679547,-0.5466079591412868,0.1123833891232909
1725.925925925926,0.0792262091602191,0.0416240250635341,12.62208567846154,-0.0207737908397808,2A,alto,3.0,San Cristobal,1,40.5,0.2763516911938138,1.6842460739221925,0.0010344625327268,0.9331491918927998,0.3306390495886265,alta,0,1,-1.559771359006207,-0.2756539472535758,0.287989119041188,-0.3801911887102008
2784.94623655914,0.0584692981369813,0.0225968566255662,17.102993055555554,-0.0415307018630186,4+A,alto,2.0,Recoleta,2,93.0,0.9492690555425412,2.070214331008719,0.0014373274573867,1.0447534381885877,0.3343869191202226,media,0,1,-0.1844647327736286,-0.0589212765995208,0.661578183993064,0.3988770184202787
1795.4545454545455,0.0862771103454616,0.0480873511500064,11.590559720833332,-0.0137228896545384,3A,medio,11.0,Villa Del Parque,1,44.0,0.4015858131324658,3.4501657066796403,0.0010693665978338,0.579459732816385,2.659087709873237,media,0,3,-1.3339128370440083,2.043606382292366,3.0016468682565245,-1.198927309803984
2371.9165085388995,0.0613430254556231,0.0252311066676545,16.30177175925926,-0.0386569745443768,3A,bajo,15.0,Villa Crespo,2,52.7,0.1580659171726591,0.5248776527005568,0.0016924644253836,0.3560200247570848,0.3145034612612011,media,0,2,0.449260884616304,-1.3438085936426352,-0.6111113092619129,-0.0806850845620409
2674.9888542131075,0.0922985336716552,0.0536069891990173,10.834408307692309,-0.0077014663283447,monoamb,bajo,14.0,Palermo,1,22.43,0.3295682290054481,1.0331166733762829,0.0020354411558041,0.3173293561387364,0.7185047022536231,alta,0,2,0.4282092309962479,-1.1668029895856675,-0.3148544634453665,-0.6739088904224244
2187.5,0.0335926091780793,-0.0002067749200939,29.76845277777777,-0.0664073908219206,2A,bajo,7.0,Flores,1,80.0,1.843332447938398,1.1855191236013571,0.0007389240721516,0.4306612690454279,0.2791624172439522,alta,0,0,-0.5407809531357107,1.374669280163799,-1.1563046484159567,0.7295981797782403
2036.840240878498,0.0814943574893544,0.0437031610319082,12.270788196969695,-0.0185056425106455,monoamb,bajo,15.0,Chacarita,1,28.23,0.4856887616583777,0.266156913202988,0.0016924644253836,0.3560200247570848,0.3145034612612011,alta,0,1,-0.2037355675099718,-1.2823809114110318,-1.10535821924427,-0.2952841583508718
2998.274374460742,0.0429057931843887,0.0083303104190229,23.30687596666667,-0.0570942068156112,2A,alto,5.0,Almagro,3,46.36,0.2670758830111516,2.0078018656492795,0.0013072260551381,0.7262366972989581,0.8153691824811038,alta,0,2,0.5336864340819475,0.0541715078862271,1.034852570183768,-0.7534481503650617
3004.694835680751,0.0465930097861721,0.0117102589706577,21.46244693333333,-0.0534069902138278,2A,alto,5.0,Almagro,2,42.6,0.2670758830111516,2.0078018656492795,0.0013072260551381,0.7262366972989581,0.8153691824811038,alta,0,2,0.2613152146967011,0.0857515339177713,0.976043087906834,-0.6505131996623743
812.5,0.1900585190398581,0.14322030911987,5.261537367816092,0.0900585190398581,2A,alto,1.0,Constitucion,1,32.0,0.5356693303775193,1.0090059313234967,0.0018408245339653,1.3599759089981835,0.497858621461092,alta,0,1,-2.908739732158855,-2.009208945192174,0.2377401058263103,-0.7961857672822167
2222.222222222222,0.0906368579427056,0.0520837864474801,11.033039126666669,-0.0093631420572943,3A,bajo,13.0,Belgrano,1,42.3,0.5219669186643039,1.4352827329589106,0.001811257462251,0.3242107629327673,0.3362126271488234,alta,0,2,-0.0553562140025514,-0.7844377657304914,-0.6832074803269693,-0.1955287101697809
2559.445178335535,0.0651335407203362,0.0287057456603082,15.353072916666669,-0.0348664592796637,3A,bajo,15.0,Villa Crespo,2,60.56,0.1418571823692047,1.108873225098048,0.0016924644253836,0.3560200247570848,0.3145034612612011,alta,0,2,0.537670935079025,-1.0572376107163126,-0.3648859590270483,-0.0372381248822859
1237.5,0.0946651627401592,0.0557763991784793,10.5635481,-0.0053348372598407,4+A,bajo,7.0,Flores,1,80.0,2.923871835105286,1.0875965233356584,0.0007389240721516,0.4306612690454279,0.2791624172439522,media,0,0,-1.7139076597408194,1.815693486598084,-2.08840160441533,0.7282619240119813
2037.692307692308,0.0715617170204488,0.034598240602078,13.973952018426967,-0.0284382829795512,4+A,bajo,15.0,Villa Crespo,2,130.0,0.417034009877312,1.039218242858041,0.0016924644253836,0.3560200247570848,0.3145034612612011,media,0,2,0.1460757474872367,-0.9901300668429878,-0.35488878809153,1.2180814097133632
2300.0,0.0740281572628045,0.0368591441575708,13.508373529411765,-0.0259718427371954,3A,bajo,14.0,Palermo,2,63.0,0.8323717552370639,1.5576864954361935,0.0020354411558041,0.3173293561387364,0.7185047022536231,alta,0,2,0.5432958407526103,-0.5536280295916775,-0.1770074996494008,-0.0215024849517929
2542.553191489362,0.063362126432963,0.0270819492302161,15.782298611111113,-0.0366378735670369,4+A,alto,2.0,Recoleta,1,94.0,0.6406469960916112,1.8741091090137407,0.0014373274573867,1.0447534381885877,0.3343869191202226,media,0,1,-0.6341815379741212,-0.3725326748844704,0.6892682552583818,0.5816360195015594
2770.833333333333,0.048044349510983,0.0130406537184011,20.81410218222222,-0.0519556504890169,2A,medio,12.0,Villa Urquiza,1,48.0,1.345597508734028,2.7975878243959733,0.0016590377581003,0.4997101681025006,0.2333980703538691,alta,0,0,0.3268614143349883,0.7244080560163804,-0.2913947800218648,0.0030519035510462
2547.169811320755,0.0631101084934395,0.0268509327856528,15.84532215,-0.0368898915065605,3A,medio,12.0,Villa Urquiza,1,53.0,1.3161836819820492,2.421817621435763,0.0016590377581003,0.4997101681025006,0.2333980703538691,media,0,2,0.0636023911643649,0.4356109724206276,-0.4700867002575518,0.0762509095164513
1200.0,0.2896753979848872,0.2345357814861466,3.452139901960785,0.1896753979848872,monoamb,bajo,7.0,Flores,4,12.5,2.649771617390792,0.282478954179267,0.0007389240721516,0.4306612690454279,0.2791624172439522,alta,0,0,-2.535933047236338,0.3914684200429582,-3.154547583922669,-1.784221005606578
2397.743300423131,0.090210331552387,0.0516928039230214,11.085204796296296,-0.0097896684476129,2A,bajo,14.0,Palermo,2,35.45,0.5153957645704653,1.554720821807254,0.0020354411558041,0.3173293561387364,0.7185047022536231,alta,0,2,0.475343453185275,-0.8200807423797525,-0.1641409657694786,-0.6138156194269199
1622.5448334756618,0.1018425757315784,0.0623556944206135,9.81907608695652,0.0018425757315783,4+A,bajo,7.0,Flores,1,175.65,1.8145683832756805,1.6207889227903456,0.0007389240721516,0.4306612690454279,0.2791624172439522,media,0,0,-1.451505433672302,1.2445242043251312,-0.957315048897924,2.081853705137286
2595.2380952380954,0.0586229218803738,0.0227376783903426,17.058173968888887,-0.0413770781196261,2A,medio,12.0,Villa Pueyrredon,2,42.0,2.745055684776988,4.364969271038897,0.0016590377581003,0.4997101681025006,0.2333980703538691,alta,0,0,0.2886543398049609,2.455965189614684,-0.525125017651585,-0.2520910294390575
2984.6804014791337,0.069317015588596,0.0325405976228797,14.426472223430794,-0.0306829844114039,4+A,bajo,14.0,Palermo,2,75.72,0.7794570753237313,1.4605840887784456,0.0020354411558041,0.3173293561387364,0.7185047022536231,media,0,2,1.0874376642735728,-0.5910352646906087,-0.0623730237140144,0.1357726062563997
3079.710144927536,0.0244969162341558,-0.0085444934520237,40.82146464646465,-0.0755030837658441,4+A,alto,2.0,Recoleta,3,276.0,1.1291218243218282,2.9573553755854274,0.0014373274573867,1.0447534381885877,0.3343869191202226,media,0,2,0.603623248700553,0.5313277748080311,1.7324587334105053,3.3858660465864743
1803.751803751804,0.1022383757593719,0.0627185111127576,9.781063055555556,0.0022383757593719,2A,alto,6.0,Caballito,1,27.72,1.0633562623618222,0.293511217055125,0.0014709557236647,0.6815238874122538,0.2822013725531903,alta,0,1,-1.0478260896670346,-0.8957119516621111,-1.1160253302145589,-0.362529813351283
2081.6562572287767,0.0724268969292139,0.0353913221851127,13.807025323442266,-0.027573103070786,3A,medio,4.0,Parque Patricios,1,43.23,0.3886541377189367,0.4477580186485926,0.0003390684780865,0.6643909367912209,0.3621231466264265,media,0,1,-1.4534069857796672,0.189065771597755,-0.5638973332044719,-0.3091283668435462
3206.997084548105,0.0542173204784548,0.0186992104385836,18.44429033333333,-0.0457826795215451,2A,bajo,14.0,Palermo,1,34.3,0.2223292745608415,1.6581573467842898,0.0020354411558041,0.3173293561387364,0.7185047022536231,alta,0,2,1.0962138214505046,-0.7520342884241225,0.2032869974052654,-0.4358255284419824
2621.838371375694,0.0701635912074121,0.0333166252734611,14.252406166666669,-0.0298364087925878,2A,bajo,14.0,Palermo,1,32.42,0.3219517188657217,1.2053610096445744,0.0020354411558041,0.3173293561387364,0.7185047022536231,alta,0,2,0.5621968102956162,-1.0098320630091704,-0.1299913285072886,-0.4170119365363987
3717.984026438997,0.0567990976440955,0.0210658395070875,17.6059135,-0.0432009023559044,2A,bajo,14.0,Palermo,1,36.31,1.484512129474149,1.335060892309922,0.0020354411558041,0.3173293561387364,0.7185047022536231,alta,0,2,1.4492189028999771,0.001949772173656,-0.5467858587671336,-0.2758899197093979
1833.3333333333333,0.0851986464661433,0.0470987592606313,11.737275666666669,-0.0148013535338566,2A,alto,3.0,Balvanera,2,30.0,0.2833814036180885,2.9208381752066086,0.0010344625327268,0.9331491918927998,0.3306390495886265,alta,0,1,-1.335033846851443,0.3233581868881249,0.704801353998008,-0.8842416909004891
5411.255411255412,0.0115679882216847,-0.020396010796789,86.44545454545455,-0.0884320117783152,4+A,alto,2.0,Recoleta,4,332.64,1.1418959419284298,3.108523973108713,0.0014373274573867,1.0447534381885877,0.3343869191202226,media,0,2,2.6654940172456403,0.7323448858409152,2.2589328974075835,3.935777332576912
3324.8081841432227,0.0538626851226963,0.0183741280291383,18.565728717795125,-0.0461373148773036,3A,bajo,14.0,Palermo,1,50.83,1.1040313534341095,1.0728924090016732,0.0020354411558041,0.3173293561387364,0.7185047022536231,media,0,2,1.2079758745264664,-0.4280412782460828,-0.4058834926524352,0.0006067018572273
3945.480631276901,0.0367116320423713,0.0026523293721737,27.239322916666666,-0.0632883679576286,3A,bajo,15.0,Villa Crespo,3,69.7,0.5723998191705201,0.9620318992923638,0.0016924644253836,0.3560200247570848,0.3145034612612011,alta,0,2,2.0183837138909007,-0.6865803949568802,-0.356047845360471,-0.0340377609183572
2348.86883421931,0.0638989848496074,0.0275740694454735,15.649700888888889,-0.0361010151503925,4+A,bajo,15.0,Villa Ortuzar,2,80.89,0.2335585789312623,0.7494316680164592,0.0016924644253836,0.3560200247570848,0.3145034612612011,media,0,2,0.4182883283645499,-1.198848458712002,-0.4815349925658262,0.3807877182686682
1795.0635751682871,0.0976234490757892,0.0584881616528067,10.243440581818184,-0.0023765509242107,monoamb,medio,11.0,Villa Gral. Mitre,2,26.74,1.4401924936060178,1.7578720795262066,0.0010693665978338,0.579459732816385,2.659087709873237,alta,0,3,-1.1308540860626204,1.8274656818659156,1.7663072675295663,-1.4425596679613932
2197.802197802198,0.0946471763592386,0.0557599116626354,10.565555555555555,-0.0053528236407613,4+A,bajo,13.0,Nuñez,2,145.6,2.179958348434051,3.071701437363877,0.001811257462251,0.3242107629327673,0.3362126271488234,alta,0,0,0.1206106072875387,1.1405933844253529,-0.5977174719414209,1.4453141108792853
1277.7777777777778,0.2222573386073303,0.1727358937233861,4.499289005555556,0.1222573386073303,monoamb,medio,12.0,Villa Urquiza,1,18.0,0.4115968788268063,1.7715737121575093,0.0016590377581003,0.4997101681025006,0.2333980703538691,alta,0,1,-2.0918157395026684,-1.1911089040048215,-1.0805375411912657,-1.130242172753669
3075.0,0.0588771134115624,0.0229706872939322,16.984528317647058,-0.0411228865884375,2A,bajo,13.0,Belgrano,2,40.0,0.4830642351471237,1.4054553415679834,0.001811257462251,0.3242107629327673,0.3362126271488234,alta,0,2,1.0583871375139182,-0.7017535785294173,-0.454026775481497,-0.3824653958701946
1979.453770984716,0.0949048213800077,0.0559960862650071,10.536872473484848,-0.0050951786199922,3A,medio,10.0,Floresta,1,39.91,2.8530458764823647,1.3948129462829455,0.0007950753514594,0.4818638493693606,0.3093771634352494,media,0,0,-1.2218691633062666,1.910573760238592,-1.913083685616464,-0.0843856431825971
2874.2283950617284,0.0571802996417069,0.0214152746715646,17.488540743333335,-0.042819700358293,3A,medio,12.0,Villa Urquiza,2,51.84,0.9221808978058554,2.255464613675304,0.0016590377581003,0.4997101681025006,0.2333980703538691,media,0,2,0.6022646305323027,0.0661771239672741,-0.2416918371108501,-0.1785481685864478
2121.212121212121,0.0669417936519697,0.0303633108476389,14.93835084848485,-0.0330582063480302,2A,alto,3.0,Balvanera,1,33.0,0.4590347407386002,2.74652905030084,0.0010344625327268,0.9331491918927998,0.3306390495886265,alta,0,1,-1.222470556193029,0.4830115831196565,0.6243957682459886,-0.5654648539548359
2853.5758872837523,0.0630981175728257,0.0268399411084236,15.848333333333333,-0.0369018824271742,3A,bajo,15.0,Villa Ortuzar,1,56.07,0.4552921875999596,1.021959552770366,0.0016924644253836,0.3560200247570848,0.3145034612612011,alta,0,2,0.5190780285326102,-0.8082815342123095,-0.5783014996816591,0.0939914496645014
2194.124209743399,0.0595668502835324,0.023602946093238,16.787860953535354,-0.0404331497164676,3A,alto,6.0,Caballito,1,53.78,1.17515707638139,0.9997758575780906,0.0014709557236647,0.6815238874122538,0.2822013725531903,media,0,1,-0.4438579543466563,-0.2813454725588836,-0.6281678442944421,0.1757857787812679
1640.0,0.0737695597450753,0.0366220964329856,13.555726826291082,-0.0262304402549247,2A,bajo,7.0,Flores,1,50.0,1.7336002615843382,1.5396929667163064,0.0007389240721516,0.4306612690454279,0.2791624172439522,alta,0,0,-1.2812763485215872,1.3178922630825836,-1.283553367849473,0.0644580865862056
3926.086956521739,0.0511066077916142,0.0158477238089796,19.566941403692308,-0.0488933922083857,2A,bajo,13.0,Belgrano,1,27.6,1.2624134666532854,2.1772842347139814,0.001811257462251,0.3242107629327673,0.3362126271488234,media,0,2,1.44803908467299,0.3879899195339776,-0.569035022251718,-0.4357446131231103
4054.824858757062,0.0474840025783015,0.012527002363443,21.059724237673333,-0.0525159974216984,3A,bajo,13.0,Belgrano,1,44.25,1.2624134666532854,2.1772842347139814,0.001811257462251,0.3242107629327673,0.3362126271488234,alta,0,2,1.5785932590503484,0.3997331338903774,-0.4840268565123086,-0.1523014390548404
3597.2413793103447,0.0541604246787922,0.0186470559555595,18.46366615348148,-0.0458395753212077,monoamb,bajo,13.0,Belgrano,1,27.55,1.2624134666532854,2.1772842347139814,0.001811257462251,0.3242107629327673,0.3362126271488234,alta,0,2,1.1856629644680745,0.3571428618713267,-0.6084786325663281,-0.4113164661729833
4267.963263101026,0.0485308745693221,0.0134866350218786,20.605439503703703,-0.0514691254306778,2A,bajo,14.0,Palermo,1,37.02,0.5419700515989978,1.1270732607686915,0.0020354411558041,0.3173293561387364,0.7185047022536231,alta,0,2,1.928825747631648,-0.7181090429400654,-0.0371912285092969,-0.401536809584021
2380.9523809523807,0.0766787818195289,0.0392888833345682,13.041417407407408,-0.023321218180471,2A,bajo,14.0,Palermo,1,42.0,0.7172366462205676,0.8252642323741897,0.0020354411558041,0.3173293561387364,0.7185047022536231,alta,0,2,0.3526179314334978,-0.9693395561925602,-0.4880344374903313,-0.1692183936823876
2090.625,0.0764113421221016,0.0390437302785931,13.087062368333331,-0.0235886578778983,2A,alto,5.0,Almagro,1,32.0,1.1613377724251188,1.2594792998882582,0.0013072260551381,0.7262366972989581,0.8153691824811038,alta,0,1,-0.8661016848872056,0.2188436549143499,-0.0318179201214905,-0.4862366578164866
1944.4444444444443,0.0547705584425207,0.0192063452389773,18.257984370370373,-0.0452294415574793,3A,bajo,7.0,Parque Chacabuco,2,72.0,1.3164268676930917,1.3225961528390646,0.0007389240721516,0.4306612690454279,0.2791624172439522,alta,0,0,-0.6421019096751285,0.9390615965023584,-0.927566363110882,0.2638029636305534
1812.5,0.0793228777443403,0.0417126379323119,12.606703493827162,-0.0206771222556596,4+A,alto,3.0,Balvanera,1,80.0,0.4240075313813697,1.90265857399422,0.0010344625327268,0.9331491918927998,0.3306390495886265,media,0,1,-1.4863639490923437,-0.0729870367291534,0.4364150885959207,0.2814344382961971
1826.625386996904,0.090580995472479,0.0520325791831057,11.039843344444444,-0.0094190045275209,2A,medio,11.0,Villa Devoto,1,35.53,2.335721541781839,4.676133480159817,0.0010693665978338,0.579459732816385,2.659087709873237,alta,0,3,-1.411920879137736,4.058558850521247,2.362260734126186,-1.2085430630080944
3236.842105263158,0.0519503941866727,0.0166211946711166,19.249132093333333,-0.0480496058133272,2A,medio,12.0,Villa Urquiza,2,38.0,1.0845290762812276,2.474259184251486,0.0016590377581003,0.4997101681025006,0.2333980703538691,alta,0,2,0.8892346903268901,0.3451972240729152,-0.2493952436206498,-0.4299590220699457
3057.4162679425835,0.0473976470030615,0.0124478430861397,21.09809375,-0.0526023529969384,4+A,bajo,13.0,Belgrano,4,209.0,1.0365369913384157,1.9130343015124425,0.001811257462251,0.3242107629327673,0.3362126271488234,alta,0,2,1.693516624922061,-0.1786064458813183,0.1475987050757598,2.2039740182963503
2233.676975945017,0.0774533149692212,0.0399988720551194,12.911003233333332,-0.0225466850307787,monoamb,bajo,14.0,Palermo,3,32.01,0.3341799656227553,1.342407893663747,0.0020354411558041,0.3173293561387364,0.7185047022536231,alta,0,2,0.7103207321196247,-1.0644347849272393,-0.0875632034011911,-0.7873960429371363
3265.4284002396644,0.0429901427122741,0.0084076308195846,23.26114632121212,-0.0570098572877258,monoamb,bajo,15.0,Chacarita,6,33.38,0.4856887616583777,0.266156913202988,0.0016924644253836,0.3560200247570848,0.3145034612612011,alta,0,2,2.2222728280231885,-1.2836981378495198,-0.6769122070433812,-1.102190129109809
2959.541255176808,0.0504405334299018,0.0152371556440767,19.825325626060607,-0.0495594665700981,monoamb,bajo,15.0,Chacarita,7,31.39,0.4856887616583777,0.266156913202988,0.0016924644253836,0.3560200247570848,0.3145034612612011,alta,0,2,2.1871208365008536,-1.3708324797405178,-0.7076635899246516,-1.3162117835428746
1558.5402939685755,0.0900473499235661,0.0515434040966022,11.105268515384616,-0.0099526500764338,2A,medio,10.0,Floresta,1,39.46,2.596974960241519,1.5600033240825657,0.0007950753514594,0.4818638493693606,0.3093771634352494,alta,0,0,-1.493249377520903,1.8065977458501064,-1.7345134602147192,-0.0698150158480686
2244.8979591836733,0.065835317723838,0.0293490412468515,15.189415568627451,-0.0341646822761619,4+A,medio,12.0,Villa Urquiza,1,98.0,1.7778871618037326,3.159793147836951,0.0016590377581003,0.4997101681025006,0.2333980703538691,media,0,0,-0.1848331590216499,1.098477597635042,-0.3263246662664237,0.8638331946076513
2833.333333333333,0.044548311877722,0.0098359525545785,22.4475397125,-0.055451688122278,3A,alto,5.0,Almagro,1,54.0,0.6757001259250147,0.259170579115517,0.0013072260551381,0.7262366972989581,0.8153691824811038,media,0,1,-0.0242059157746656,-0.5022613685533542,0.1367204960975888,-0.0416741717344036
1774.986346258875,0.090441640094829,0.0519048367535932,11.05685388888889,-0.0095583599051709,monoamb,alto,5.0,Boedo,1,36.62,0.1981088738748949,1.6015648904574185,0.0013072260551381,0.7262366972989581,0.8153691824811038,media,0,1,-1.2075287454281478,-0.3642512804319669,0.5397396922704649,-0.5903818312135583
